<Design XmlVersion="1.1" PictureWidth="1086" PictureHeight="1086" BackgroundImageMode="Tile" ScaleToFit="True">
  <PictureBoxSize Width="1090" Height="1090" />
  <BackgroundGradientColors>
    <BoundaryColor Color="-16736448" />
    <CenterColor Color="-14432350" />
  </BackgroundGradientColors>
  <BackgroundImageFileName>C:\WhorlFilesDev\Textures\Grass2.png</BackgroundImageFileName>
  <DefaultPatternGroup>
    <Pattern RotationSteps="5000" MergeOperation="Sum" DrawCurve="False" RenderMode="Paint" StainBlendType="Add" StainWidth="10" SharedPatternID="1730" ZoomFactor="1" LoopFactor="0" ShrinkPattern="False" ShrinkPatternLayers="False" ShrinkClipCenterFactor="0" ShrinkPadding="2" ShrinkClipFactor="4" IsBackgroundPattern="True" AllowRandom="True" InfluenceScaleFactor="1" UseLinearGradient="False" GradientPadding="15" GradientRotation="0" RandomSeed="108617008" XmlPatternID="1538">
      <PathFillInfo ColorMode="Radial">
        <BoundaryColor Color="-16777088" />
        <CenterColor Color="-32768" />
        <ColorInfo TranslucentWaves="False" TranslucentCycles="10" TranslucentStrength="1" RandomWaves="False" RandomWavesSeed="1827112453" Colors="-16777088,-48480,-19345,-8355585,-32513,-1" Positions="0,0.06179775,0.2485955,0.508427,0.8581461,1" />
      </PathFillInfo>
      <PatternLayerList />
      <Center X="691" Y="544" />
      <ZVector Re="1.16991331460337" Im="-540.999659244658" />
      <PreviewZFactor Re="0.61800199966097" Im="0.786176524970723" />
      <BasicOutline IntPetals="2" Frequency="1" UsedFrequency="1" Phase="0" AngleOffset="0" Enabled="True" AmplitudeFactor="1" Pointiness="0.785972523499641" BasicOutlineType="Rectangle" AddDenom="1.27230910763569" />
      <PixelRendering Enabled="True" PatternLayerIndex="0" FormulaEnabled="True" ZoomFactor="1.25" UseDistanceOutline="True" SmoothedDraft="True">
        <PanXY X="0" Y="0" />
        <ColorNodes>
          <ColorNode Color="-10397744" Position="0.007022472" />
          <ColorNode Color="-91955" Position="0.04494382" />
          <ColorNode Color="-73625" Position="0.136236" />
          <ColorNode Color="-16777216" Position="0.1502809" />
          <ColorNode Color="-9932596" Position="0.1741573" />
          <ColorNode Color="-128" Position="0.2106742" />
          <ColorNode Color="-2315662" Position="0.2457865" />
          <ColorNode Color="-8348417" Position="0.2921348" />
          <ColorNode Color="-16306229" Position="0.3426966" />
          <ColorNode Color="-14777347" Position="0.363764" />
          <ColorNode Color="-2576588" Position="0.4044944" />
          <ColorNode Color="-9006088" Position="0.4353932" />
          <ColorNode Color="-14279797" Position="0.5182585" />
          <ColorNode Color="-2769921" Position="0.630618" />
          <ColorNode Color="-10205280" Position="0.6544944" />
          <ColorNode Color="-2446612" Position="0.6938202" />
          <ColorNode Color="-9782554" Position="0.7373595" />
          <ColorNode Color="-16254" Position="0.7921348" />
          <ColorNode Color="-16777088" Position="0.8230337" />
          <ColorNode Color="-16715100" Position="0.8370786" />
          <ColorNode Color="-16490309" Position="0.8960674" />
          <ColorNode Color="-4092686" Position="0.9255618" />
        </ColorNodes>
        <DistancePatternInfo XmlVersion="1.1">
          <Pattern RotationSteps="5000" MergeOperation="Sum" DrawCurve="False" RenderMode="Paint" StainBlendType="Add" StainWidth="10" SharedPatternID="1745" ZoomFactor="1" LoopFactor="0" ShrinkPattern="False" ShrinkPatternLayers="False" ShrinkClipCenterFactor="0" ShrinkPadding="2" ShrinkClipFactor="4" IsBackgroundPattern="True" AllowRandom="True" InfluenceScaleFactor="1" UseLinearGradient="False" GradientPadding="15" GradientRotation="0" RandomSeed="108617008" XmlPatternID="1539">
            <PathFillInfo ColorMode="Radial">
              <BoundaryColor Color="-16777088" />
              <CenterColor Color="-32768" />
              <ColorInfo TranslucentWaves="False" TranslucentCycles="10" TranslucentStrength="1" RandomWaves="False" RandomWavesSeed="1827112453" Colors="-16777088,-48480,-19345,-8355585,-32513,-1" Positions="0,0.06179775,0.2485955,0.508427,0.8581461,1" />
            </PathFillInfo>
            <PatternLayerList />
            <Center X="0" Y="0" />
            <ZVector Re="-0.00131896630784811" Im="-0.68981937900448" />
            <PreviewZFactor Re="1" Im="-2.44921270764475E-16" />
            <BasicOutline IntPetals="12" Frequency="6" UsedFrequency="6" Phase="90.0000000000002" AngleOffset="1.5707963267949" Enabled="True" AmplitudeFactor="0.2" Pointiness="5" BasicOutlineType="BroadFull" AddDenom="0.2" />
            <BasicOutline IntPetals="6" Frequency="3" UsedFrequency="3" Phase="0" AngleOffset="0" Enabled="True" AmplitudeFactor="1" Pointiness="3" BasicOutlineType="Pointed5" AddDenom="0.333333333333333" />
            <BasicOutline IntPetals="6" Frequency="3" UsedFrequency="3" Phase="90.0000000000002" AngleOffset="1.5707963267949" Enabled="True" AmplitudeFactor="0.25" Pointiness="4" BasicOutlineType="NewEllipse" AddDenom="0.25" />
            <PatternTransform TransformName="Flare" SequenceNumber="0" Enabled="True">
              <TransformSettings IsValid="True" IsCSharpFormula="True" FormulaName="Flare">
                <Formula>using System;
using System.Linq;
using Whorl;
using ParserEngine;
using System.Windows.Forms;
namespace WhorlEval
{
    public class WhorlEvalClass
    {
        public class EvalParameters
        {		
            @# LocalModulus label="Radius" = 0.5;
            @# LocalStrength;
            @# LocalWaves = 1;
            @# LocalPower = 1;
            @# LocalDamping = 1;
            //[ParameterInfo(MinValue = 1)]
            @# LocalPetals: int min=1 max = 32 = 4;
            @# LocalPhase;
            @# fnLocal Function = Ident;

            @# petals: int = 4;
            @# strength = 5;
            @# damping = 0.2;
            @# power = 1;
            @# phase;
        }		
        private double LocalDistance(PolarPoint pp)
        {
              return Enumerable.Range(0, @LocalPetals)
                        .Select(i =&gt; @fnLocal(@LocalWaves * Math.Pow(pp.Distance(localCenters[i]), @LocalPower))).Sum();
        }

        private PolarPoint[] localCenters {get; set;}


        [ParmsProperty]
        public EvalParameters Parms { get; } = new EvalParameters();
        public Whorl.PatternTransform.FormulaInfo Info { get; set; }
        public Boolean IsFirstCall { get; set; }
        public Double angle { get; set; }
        public Double amplitude { get; set; }
        public PolarPoint PreviousPoint { get; set; }
        private Double phase { get; set; }
        private Double strength { get; set; }
        private Double freq { get; set; }

        public void Initialize()
        {
            double phs = Math.PI * @LocalPhase / 180;
            localCenters = Enumerable.Range(0, @LocalPetals)
                    .Select(i =&gt; new PolarPoint(2.0 * Math.PI * i / @LocalPetals + phs, @LocalModulus)).ToArray();

            phase = Math.PI * @phase / 180;
            strength = 0.015 * @strength;
            freq = 2 * @petals;
        }

        public void Eval()
        {
		/*
            PolarPoint pp = Info.GetScaledPolar();
            Double angle = @petals * pp.Angle + phase;
            pp.Angle = angle;
            PolarPoint pp2 = new PolarPoint(angle, pp.Modulus);
            double factor = @fnOutline(angle, addDenom);
            if (@InvertOutline)
                 factor = 1.0 - factor;
            double amplitude = @fnOutlineOp(pp.Modulus, factor);
            angle = angle + angleScale * @fnOp(@angleWeight * @fnAngle2(@fnInner1(@flarePetals * angle)), damping + @outerScale * @fnAmplitude(@fnInner2(ampScale * CMath.Pow(amplitude, @ampPower))));
            pp2 = new PolarPoint(angle, amplitude);
            Info.Position = (float)(@colorScale * @fnColor(@scale * amplitude + strength * @fnAngle(@distanceScale * CMath.Pow(pp.Distance(pp2), @anglePower)) + 
@LocalStrength * LocalDistance(pp)));
		*/

            var pp = new PolarPoint(Info.angle, Info.amplitude);
            double amp = Info.amplitude;
            Info.angle = Info.angle + strength * Math.Sin(freq * Info.angle + phase)  
                               * (@LocalDamping + @LocalStrength * LocalDistance(pp)) / @LocalDamping
                               / (@damping + CMath.Pow(amp, @power));

        }
    }
}
</Formula>
                <LegacyFormula>parameters {
    @petals integer  min = 1 default = 4;
    @strength default = 5 min = -50 max = 50;
    @damping min = 0.01 default = 0.2;
    @power integer min = 1 default = 1;
    @phase default = 0;
    }
paramVar phase = pi * @phase / 180;
paramVar strength = 0.015 * @strength;
paramVar freq = 2 * @petals;
angle = angle + strength * sin(freq * angle + phase) / (@damping + amplitude  ^ @power);</LegacyFormula>
                <Parameters>
                  <Parameter Name="LocalModulus" TypeName="Double" Value="1.5" />
                  <Parameter Name="LocalStrength" TypeName="Double" Value="4" />
                  <Parameter Name="LocalWaves" TypeName="Double" Value="1" />
                  <Parameter Name="LocalPower" TypeName="Double" Value="2.5" />
                  <Parameter Name="LocalDamping" TypeName="Double" Value="3" />
                  <Parameter Name="LocalPetals" TypeName="Int32" Value="6" />
                  <Parameter Name="LocalPhase" TypeName="Double" Value="0" />
                  <Parameter Name="fnLocal" TypeName="Func1Parameter`1" Value="Cos" />
                  <Parameter Name="petals" TypeName="Int32" Value="6" />
                  <Parameter Name="strength" TypeName="Double" Value="5" />
                  <Parameter Name="damping" TypeName="Double" Value="1" />
                  <Parameter Name="power" TypeName="Double" Value="6" />
                  <Parameter Name="phase" TypeName="Double" Value="0" />
                </Parameters>
              </TransformSettings>
            </PatternTransform>
          </Pattern>
        </DistancePatternInfo>
        <FormulaSettings IsValid="True" IsCSharpFormula="True" FormulaName="SimpleDistance.cs">
          <Formula>using System;
using Whorl;
using ParserEngine;
using System.Windows.Forms;
using System.Linq;
namespace WhorlEval
{
    public class WhorlEvalClass
    {
        public enum ColorOffsetModes
        {
            Outer,
            Mid,
            Inner
        }
        public class EvalParameters
        {
            @# ComputeDistance: bool = true;
            @# DistanceOnly: bool;
            @# DistanceFactor label = "Distance %" = 10.0;
            @# DistanceOuter = 1.0;
            @# fnDistance Function = Ident;
            @# fnDistanceOp Function Params = 2 = Sum;
            @# DistanceOffset;
            @# PathPower = 1.0;
            @# ArcTanWeightPct label="ArcTan %";
            @# ArcTanPct label="ArcTan Y %";
            @# FlipArcTan: bool;
            @# PathMode enum ColorOffsetModes = Outer;
            @# DistanceCount: int = 5;
            @# Rotation;
            @# fnColor Function = Ident;
            @# colorScale = 1;
            @# colorSlope;
            @# colorOffset;
            @# colorMode enum ColorOffsetModes = Outer;
            @# AbsPosition: bool;
            @# PositionPower = 1;
            @# PositionOffset;
            @# fnPosition Function = Ident;
            @# fnOutline Function Params = 2 From OutlineMethods = Sine;
            @# fnOutlineOp Function Params = 2 = Product;
            @# fnOp Function Params = 2 = Sum;
            @# InvertOutline: bool;
            @# AngleN: int ArrayLength;
            @# fnAngle[AngleN] Function = Ident;
            @# fnCAngle[AngleN] = 1.0;
            @# powerAngle[AngleN] = 1.0;
            @# AmpN: int ArrayLength;
            @# fnAmp[AmpN] Function = Ident;
            @# fnC[AmpN] = 1.0;
            @# powerAmp[AmpN] = 1.0;
            @# petals: int = 4;
            @# flarePetals: int = 1;
            @# angleScale;
            @# angleWeight = 1;
            @# phase;
            @# Pointiness = 3;
            @# ampPower = 1;
            @# distancePower = 1;
            @# damping = 2;
            @# waves = 1;
            @# strength = 5;
            @# distanceScale = 1;
        }
        [ParmsProperty]
        public EvalParameters Parms { get; } = new EvalParameters();
        public Whorl.PixelRenderInfo Info { get; set; }
        private double atanFactor { get; set; }
        private double atanY { get; set; }
        private Double angleScale { get; set; }
        private Double phase { get; set; }
        private Double ampScale { get; set; }
        private Double damping { get; set; }
        private Double strength { get; set; }
        private Double addDenom { get; set; }
        private double distanceFactor {get; set;}
        public void Initialize()
        {            
            Info.Normalize = true;
            Info.NormalizeAngle = true;
            Info.Rotation = Tools.DegreesToRadians(@Rotation);
            Info.ComputeDistance = @ComputeDistance;
            Info.DistanceCount = @DistanceCount;
            atanFactor = 0.01 * @ArcTanWeightPct;
            atanY = 0.01 * @ArcTanPct;
            distanceFactor = 0.01 * @DistanceFactor;
            angleScale = 0.1 * @angleScale;
            phase = Math.PI * @phase / 180;
            ampScale = 2 * Math.PI * @waves;
            damping = 0.1 * @damping;
            strength = 0.1 * @strength;
            addDenom = 1 / @Pointiness;
        }
        private double ColorPosition(double v, double modulus)
        {
            double pos;
            double scale = @colorScale + @colorSlope * modulus;
            switch (@colorMode)
            {
                case ColorOffsetModes.Outer:
                default:
                   pos = scale * @fnColor(v) + @colorOffset;
                   break;
                case ColorOffsetModes.Mid:
                   pos = scale * (@fnColor(v) + @colorOffset);
                   break;
                case ColorOffsetModes.Inner:
                   pos = scale * @fnColor(v + @colorOffset);
                   break;
            }
            return pos;
        }
        private double NestedAngleFunctions(double v)
        {
            for (int i = 0; i &lt; @AngleN; i++)
                v = CMath.Pow(@fnAngle[i](@fnCAngle[i] * v), @powerAngle[i]);
            return v;
        }
        private double NestedFunctions(double v)
        {
            for (int i = 0; i &lt; @AmpN; i++)
                v = CMath.Pow(@fnAmp[i](@fnC[i] * v), @powerAmp[i]);
            return v;
        }
        private double PathDistance()
        {
            double dist = Info.DistanceToPath;
            if (atanFactor != 0)
            {
                 if (@FlipArcTan)
                     dist += atanFactor * Math.Atan2(atanY, dist);
                 else
                     dist += atanFactor * Math.Atan2(dist, atanY);
            }
            switch (@PathMode)
            {
                case ColorOffsetModes.Outer:
                default:
                    return @DistanceOuter * distanceFactor * CMath.Pow(@fnDistance(dist + @DistanceOffset), @PathPower);
                case ColorOffsetModes.Mid:
                    return @DistanceOuter * @fnDistance(distanceFactor * CMath.Pow(dist + @DistanceOffset, @PathPower));
                case ColorOffsetModes.Inner:
                    return @DistanceOuter * @fnDistance(CMath.Pow(distanceFactor * dist + @DistanceOffset, @PathPower));
            }
        }
        public void Eval()
        {            
            const double deltaAngle = 0.001;
            PolarPoint pp0 = Info.GetPolar();
            if (@DistanceOnly)
            {
                Info.Position = (float)ColorPosition(PathDistance(), pp0.Modulus);
                return;
            }
            double angle = @petals * pp0.Angle + phase;
            var pp = new PolarPoint(angle, pp0.Modulus);
            double factor = @fnOutline(angle, addDenom);
            if (@InvertOutline)
                 factor = 1.0 - factor;
            double amplitude = @fnOutlineOp(pp.Modulus, factor);
            angle = angle + angleScale * @fnOp(@angleWeight * NestedAngleFunctions(angle), damping + ampScale * CMath.Pow(amplitude, @ampPower));
            var pp2 = new PolarPoint(angle, amplitude);
            double position = NestedFunctions(amplitude) + strength * @fnPosition(@distanceScale * CMath.Pow(pp.Distance(pp2), @distancePower));
            if (@ComputeDistance)
                position = @fnDistanceOp(position, PathDistance());
            position += @PositionOffset;
            if (@AbsPosition)
                position = Math.Abs(position);
            position = CMath.Pow(position, @PositionPower);
            Info.Position = (float)(ColorPosition(position, pp0.Modulus));
        }
    }
}
</Formula>
          <LegacyFormula>parameters  {
     @fnColor varFunction default = ident;
     @fnAngle varFunction default = ident;
     @fnAngle2 varFunction default = ident;
     @fnAmplitude varFunction default = ident;
     @fnInner1 varFunction default = sin;
     @fnInner2 varFunction default = sin;
     @fnInnerAmp varFunction default = ident;
     @fnOp varFunction parameters = 2 default = Quotient;
     @fnOutline varFunction parameters = 2 domain = OutlineMethods;
     @fnOutlineOp varFunction parameters = 2 default = Product;
     @Pointiness default = 3;
     @OutlineWeight default = 1;
     @UseOutline boolean;
     @InvertOutline boolean;
     @C0 default = 0;
     @C1 default = 1;
     @C2 default = 0;
     @C3 default = 0;
     @Power0 default = 0;
     @Power1 default = 1;
     @Power2 default = 2;
     @Power3 default = 3;
     @fn0 varFunction default = ident;
     @fn1 varFunction default = ident;
     @fn2 varFunction default = ident;
     @fn3 varFunction default = ident;
     @scale default = 1;
     @outerScale default = 1;
     @colorScale default = 1;
     @colorPower default = 1;
     @petals integer default = 4 min = 1;
     @flarePetals integer default = 4 min = 1;
     @angleScale default = 0;
     @angleWeight default = 1;
     @phase default = 0;
     @ampPower default = 2;
     @anglePower default = 1;
     @damping default = 2;
     @waves default = 1;
     @strength default = 5;
     @distanceScale default = 1;
}
const invPi = 1 / pi;
paramVar angleScale = 0.1 * @angleScale;
paramVar phase = pi * @phase / 180;
paramVar ampScale = 2 * pi * @waves;
paramVar damping = 0.1 * @damping;
paramVar strength = 0.1 * @strength;
paramVar addDenom = 1 / @Pointiness;

PolarPoint var pp = Info.GetScaledPolar();
var angle = @petals * pp.Angle + phase;
var amplitude = pp.Modulus;
if (@UseOutline)  {
    var otlAmp = @fnOutline(angle, addDenom);
    if (@InvertOutline)
          otlAmp = 1 - otlAmp;
    amplitude = @fnOutlineOp(amplitude, @OutlineWeight * otlAmp);
}
amplitude = @fn0(@C0 * amplitude ^ @Power0) + 
                   @fn1(@C1 * amplitude ^ @Power1) + 
                   @fn2(@C2 * amplitude ^ @Power2) + 
                   @fn3(@C3 * amplitude ^ @Power3);
pp.Angle = angle;
angle = angle + angleScale * @fnOp(@angleWeight * @fnAngle2(@fnInner1(@flarePetals * angle)),
damping + @outerScale * @fnAmplitude(@fnInner2(ampScale * @fnInnerAmp(amplitude) ^ @ampPower)));
PolarPoint var pp2 = new PolarPoint(angle, amplitude);
position = (float)(@colorScale * @fnColor(@scale * amplitude
   + strength * @fnAngle(@distanceScale * pp.Distance(pp2) ^ @anglePower)) ^ @ColorPower);</LegacyFormula>
          <Parameters>
            <Parameter Name="ComputeDistance" TypeName="Boolean" Value="True" />
            <Parameter Name="DistanceOnly" TypeName="Boolean" Value="False" />
            <Parameter Name="DistanceFactor" TypeName="Double" Value="1050" />
            <Parameter Name="DistanceOuter" TypeName="Double" Value="1.5" />
            <Parameter Name="fnDistance" TypeName="Func1Parameter`1" Value="Cos" />
            <Parameter Name="fnDistanceOp" TypeName="Func2Parameter`1" Value="Product" />
            <Parameter Name="DistanceOffset" TypeName="Double" Value="0.06" />
            <Parameter Name="PathPower" TypeName="Double" Value="1" />
            <Parameter Name="ArcTanWeightPct" TypeName="Double" Value="60" />
            <Parameter Name="ArcTanPct" TypeName="Double" Value="60" />
            <Parameter Name="FlipArcTan" TypeName="Boolean" Value="False" />
            <Parameter Name="PathMode" TypeName="EnumValuesParameter`1" Value="Mid" />
            <Parameter Name="DistanceCount" TypeName="Int32" Value="5" />
            <Parameter Name="Rotation" TypeName="Double" Value="0" />
            <Parameter Name="fnColor" TypeName="Func1Parameter`1" Value="Tanh" />
            <Parameter Name="colorScale" TypeName="Double" Value="1.05" />
            <Parameter Name="colorSlope" TypeName="Double" Value="0.1" />
            <Parameter Name="colorOffset" TypeName="Double" Value="0.63" />
            <Parameter Name="colorMode" TypeName="EnumValuesParameter`1" Value="Outer" />
            <Parameter Name="AbsPosition" TypeName="Boolean" Value="True" />
            <Parameter Name="PositionPower" TypeName="Double" Value="-0.5" />
            <Parameter Name="PositionOffset" TypeName="Double" Value="0.18" />
            <Parameter Name="fnPosition" TypeName="Func1Parameter`1" Value="Tanh" />
            <Parameter Name="fnOutline" TypeName="Func2Parameter`1" Value="PointedRound" />
            <Parameter Name="fnOutlineOp" TypeName="Func2Parameter`1" Value="Product" />
            <Parameter Name="fnOp" TypeName="Func2Parameter`1" Value="Sum" />
            <Parameter Name="InvertOutline" TypeName="Boolean" Value="False" />
            <Parameter Name="AngleN" TypeName="Int32" Value="0" />
            <Parameter Name="AmpN" TypeName="Int32" Value="0" />
            <Parameter Name="petals" TypeName="Int32" Value="3" />
            <Parameter Name="flarePetals" TypeName="Int32" Value="1" />
            <Parameter Name="angleScale" TypeName="Double" Value="0" />
            <Parameter Name="angleWeight" TypeName="Double" Value="0" />
            <Parameter Name="phase" TypeName="Double" Value="0" />
            <Parameter Name="Pointiness" TypeName="Double" Value="7" />
            <Parameter Name="ampPower" TypeName="Double" Value="1" />
            <Parameter Name="distancePower" TypeName="Double" Value="1" />
            <Parameter Name="damping" TypeName="Double" Value="0" />
            <Parameter Name="waves" TypeName="Double" Value="3" />
            <Parameter Name="strength" TypeName="Double" Value="6" />
            <Parameter Name="distanceScale" TypeName="Double" Value="0.5" />
          </Parameters>
        </FormulaSettings>
      </PixelRendering>
    </Pattern>
  </DefaultPatternGroup>
  <DesignPatterns>
    <Pattern RotationSteps="5000" MergeOperation="Sum" DrawCurve="False" RenderMode="Paint" StainBlendType="Add" StainWidth="10" SharedPatternID="1847" ZoomFactor="1" LoopFactor="0" ShrinkPattern="False" ShrinkPatternLayers="False" ShrinkClipCenterFactor="0" ShrinkPadding="4" ShrinkClipFactor="4" IsBackgroundPattern="True" AllowRandom="True" InfluenceScaleFactor="1" UseLinearGradient="False" GradientPadding="15" GradientRotation="0" RandomSeed="430640500" XmlPatternID="1540">
      <PathFillInfo ColorMode="Normal">
        <BoundaryColor Color="2131716133" />
        <CenterColor Color="2133897100" />
      </PathFillInfo>
      <PatternLayerList />
      <Center X="543" Y="543" />
      <ZVector Re="0" Im="783.276323655962" />
      <PreviewZFactor Re="0.707217937573884" Im="0.706995607322805" />
      <BasicOutline IntPetals="2" Frequency="1" UsedFrequency="1" Phase="0" AngleOffset="0" Enabled="True" AmplitudeFactor="1" Pointiness="1" BasicOutlineType="Rectangle" AddDenom="1" />
    </Pattern>
    <Pattern RotationSteps="5000" MergeOperation="Sum" DrawCurve="False" RenderMode="Paint" StainBlendType="Add" StainWidth="10" SharedPatternID="1681" ZoomFactor="1" LoopFactor="0" ShrinkPattern="False" ShrinkPatternLayers="False" ShrinkClipCenterFactor="0" ShrinkPadding="2" ShrinkClipFactor="4" IsBackgroundPattern="False" AllowRandom="True" InfluenceScaleFactor="1" UseLinearGradient="False" GradientPadding="15" GradientRotation="0" RandomSeed="108619290" XmlPatternID="1541">
      <PathFillInfo ColorMode="Normal">
        <BoundaryColor Color="-1" />
        <CenterColor Color="-11056385" />
      </PathFillInfo>
      <PatternLayerList />
      <Center X="543" Y="543" />
      <ZVector Re="456.113263535324" Im="188.922647163099" />
      <PreviewZFactor Re="1" Im="-2.44921270764475E-16" />
      <BasicOutline IntPetals="8" Frequency="4" UsedFrequency="4" Phase="0" AngleOffset="0" Enabled="True" AmplitudeFactor="0.0417" Pointiness="5" BasicOutlineType="Pointed5" AddDenom="0.2" />
      <BasicOutline IntPetals="2" Frequency="1" UsedFrequency="1" Phase="0" AngleOffset="0" Enabled="True" AmplitudeFactor="1" Pointiness="0.0001" BasicOutlineType="NewEllipse" AddDenom="10000" />
      <BasicOutline IntPetals="8" Frequency="4" UsedFrequency="4" Phase="90.0000000000002" AngleOffset="1.5707963267949" Enabled="True" AmplitudeFactor="0.0833" Pointiness="4" BasicOutlineType="BroadFull" AddDenom="0.25" />
      <PixelRendering Enabled="True" PatternLayerIndex="0" FormulaEnabled="True" ZoomFactor="1" UseDistanceOutline="False" SmoothedDraft="True">
        <PanXY X="0" Y="0" />
        <ColorNodes>
          <ColorNode Color="-14006" Position="0.1685393" />
          <ColorNode Color="-41298" Position="0.252809" />
          <ColorNode Color="-8827162" Position="0.3581461" />
          <ColorNode Color="-4277761" Position="0.4745167" />
          <ColorNode Color="-14536754" Position="0.5828652" />
          <ColorNode Color="-13518877" Position="0.6952247" />
          <ColorNode Color="-16744193" Position="0.7542135" />
          <ColorNode Color="-91022" Position="0.8202247" />
          <ColorNode Color="-1022464" Position="0.9171348" />
        </ColorNodes>
        <FormulaSettings IsValid="True" IsCSharpFormula="True" FormulaName="ColorFlare">
          <Formula>using ParserEngine;
using Whorl;
using System;
using System.Collections;
using System.Collections.Generic;
using System.Linq;
using System.Windows.Forms;

namespace WhorlEval
{
    public class WhorlEvalClass
    {
        public class EvalParameters
        {
            @# fnColor Function = Ident;
            @# fnAngle Function = Ident;
            @# fnAngle2 Function = Ident;
            @# fnOp Function Params = 2 = Quotient;
            @# scale = 1;
            @# outerScale = 1;
            @# colorScale = 1;
            @# petals Min = 1 = 4;
            @# flarePetals Min = 1 = 4;
            @# angleScale;
            @# angleWeight = 1;
            @# phase;
            @# ampPower = 2;
            @# anglePower = 1;
            @# damping = 2;
            @# waves = 1;
            @# strength = 5;
            @# distanceScale = 1;
        }

        [ParmsProperty]
        public EvalParameters Parms { get; } = new EvalParameters();
        public Whorl.PixelRenderInfo Info { get; set; }
        public Boolean IsFirstCall { get; set; }
        public Single Position { get; set; }
        private Double angleScale { get; set; }
        private Double phase { get; set; }
        private Double ampScale { get; set; }
        private Double damping { get; set; }
        private Double strength { get; set; }

        public void Initialize()
        {
            angleScale = 0.1 * @angleScale;
            phase = Math.PI * @phase / 180;
            ampScale = 2 * Math.PI * @waves;
            damping = 0.1 * @damping;
            strength = 0.1 * @strength;
        }

        public void Eval()
        {
            PolarPoint pp = Info.GetPolar();
            Double angle = @petals * pp.Angle + phase;
            Double amplitude = pp.Modulus / Info.MaxPosition;
            pp.Angle = angle;
            pp.Modulus = amplitude;
            angle = angle + angleScale * @fnOp(@angleWeight * @fnAngle2(Math.Sin(@flarePetals * angle)), damping + @outerScale * Math.Sin(ampScale * CMath.Pow(amplitude, @ampPower)));
            PolarPoint pp2 = new PolarPoint(angle, amplitude);
            Info.Position = (float)(@colorScale * @fnColor(@scale * amplitude + strength * @fnAngle(@distanceScale * CMath.Pow(pp.Distance(pp2), @anglePower))));
        }
    }
}
</Formula>
          <LegacyFormula>parameters  {
     @fnColor varFunction default = ident;
     @fnAngle varFunction default = ident;
     @fnAngle2 varFunction default = ident;
     @fnOp varFunction parameters = 2 default = Quotient;
     @scale default = 1;
     @outerScale default = 1;
     @colorScale default = 1;
     @petals integer default = 4 min = 1;
     @flarePetals integer default = 4 min = 1;
     @angleScale default = 0;
     @angleWeight default = 1;
     @phase default = 0;
     @ampPower default = 2;
     @anglePower default = 1;
     @damping default = 2;
     @waves default = 1;
     @strength default = 5;
     @distanceScale default = 1;
}
paramVar angleScale = 0.1 * @angleScale;
paramVar phase = pi * @phase / 180;
paramVar ampScale = 2 * pi * @waves;
paramVar damping = 0.1 * @damping;
paramVar strength = 0.1 * @strength;
PolarPoint var pp = Info.GetPolar();
var angle = @petals * pp.Angle + phase;
var amplitude = pp.Modulus / Info.MaxPosition;
pp.Angle = angle;
pp.Modulus = amplitude;
angle = angle + angleScale * @fnOp(@angleWeight * @fnAngle2(sin(@flarePetals * angle)),
damping + @outerScale * sin(ampScale * amplitude ^ @ampPower));
PolarPoint var pp2 = new PolarPoint(angle, amplitude);
position = (float)(@colorScale * @fnColor(@scale * amplitude
   + strength * @fnAngle(@distanceScale * pp.Distance(pp2) ^ @anglePower)));</LegacyFormula>
          <Parameters>
            <Parameter Name="fnColor" TypeName="Func1Parameter`1" Value="Tanh" />
            <Parameter Name="fnAngle" TypeName="Func1Parameter`1" Value="Tanh" />
            <Parameter Name="fnAngle2" TypeName="Func1Parameter`1" Value="Ident" />
            <Parameter Name="fnOp" TypeName="Func2Parameter`1" Value="Quotient" />
            <Parameter Name="scale" TypeName="Double" Value="2" />
            <Parameter Name="outerScale" TypeName="Double" Value="0.75" />
            <Parameter Name="colorScale" TypeName="Double" Value="1.25" />
            <Parameter Name="petals" TypeName="Double" Value="2" />
            <Parameter Name="flarePetals" TypeName="Double" Value="2" />
            <Parameter Name="angleScale" TypeName="Double" Value="3" />
            <Parameter Name="angleWeight" TypeName="Double" Value="3" />
            <Parameter Name="phase" TypeName="Double" Value="45" />
            <Parameter Name="ampPower" TypeName="Double" Value="2" />
            <Parameter Name="anglePower" TypeName="Double" Value="0.5" />
            <Parameter Name="damping" TypeName="Double" Value="1" />
            <Parameter Name="waves" TypeName="Double" Value="1" />
            <Parameter Name="strength" TypeName="Double" Value="5" />
            <Parameter Name="distanceScale" TypeName="Double" Value="2" />
          </Parameters>
        </FormulaSettings>
      </PixelRendering>
    </Pattern>
  </DesignPatterns>
</Design>