<Design XmlVersion="1.1" PictureWidth="1383" PictureHeight="1087" BackgroundImageMode="Tile" ScaleToFit="True">
  <PictureBoxSize Width="1387" Height="1091" />
  <BackgroundGradientColors>
    <BoundaryColor Color="0" />
    <CenterColor Color="0" />
  </BackgroundGradientColors>
  <DefaultPatternGroup>
    <Pattern RotationSteps="5000" MergeOperation="Sum" DrawCurve="False" RenderMode="Paint" StainBlendType="Add" StainWidth="10" SharedPatternID="1730" ZoomFactor="1" LoopFactor="0" ShrinkPattern="False" ShrinkPatternLayers="False" ShrinkClipCenterFactor="0" ShrinkPadding="2" ShrinkClipFactor="4" IsBackgroundPattern="True" AllowRandom="True" InfluenceScaleFactor="1" UseLinearGradient="False" GradientPadding="15" GradientRotation="0" RandomSeed="108617008" XmlPatternID="1535">
      <PathFillInfo ColorMode="Radial">
        <BoundaryColor Color="-16777088" />
        <CenterColor Color="-32768" />
        <ColorInfo TranslucentWaves="False" TranslucentCycles="10" TranslucentStrength="1" RandomWaves="False" RandomWavesSeed="1827112453" Colors="-16777088,-48480,-19345,-8355585,-32513,-1" Positions="0,0.06179775,0.2485955,0.508427,0.8581461,1" />
      </PathFillInfo>
      <PatternLayerList />
      <Center X="691" Y="544" />
      <ZVector Re="1.16991331460337" Im="-540.999659244658" />
      <PreviewZFactor Re="0.61800199966097" Im="0.786176524970723" />
      <BasicOutline BasicOutlineType="Rectangle" IntPetals="2" Frequency="1" UsedFrequency="1" Phase="0" AngleOffset="0" Enabled="True" AmplitudeFactor="1" AddDenom="1.27230910763569" Pointiness="0.785972523499641" />
      <PixelRendering Enabled="True" PatternLayerIndex="0" FormulaEnabled="True" ZoomFactor="1.25" UseDistanceOutline="True" SmoothedDraft="True">
        <PanXY X="0" Y="0" />
        <ColorNodes>
          <ColorNode Color="-10397744" Position="0.007022472" />
          <ColorNode Color="-91955" Position="0.04494382" />
          <ColorNode Color="-73625" Position="0.136236" />
          <ColorNode Color="-16777216" Position="0.1502809" />
          <ColorNode Color="-9932596" Position="0.1741573" />
          <ColorNode Color="-128" Position="0.2106742" />
          <ColorNode Color="-2315662" Position="0.2457865" />
          <ColorNode Color="-8348417" Position="0.2921348" />
          <ColorNode Color="-16306229" Position="0.3426966" />
          <ColorNode Color="-14777347" Position="0.363764" />
          <ColorNode Color="-2576588" Position="0.4044944" />
          <ColorNode Color="-9006088" Position="0.4353932" />
          <ColorNode Color="-14279797" Position="0.5182585" />
          <ColorNode Color="-2769921" Position="0.630618" />
          <ColorNode Color="-10205280" Position="0.6544944" />
          <ColorNode Color="-2446612" Position="0.6938202" />
          <ColorNode Color="-9782554" Position="0.7373595" />
          <ColorNode Color="-16254" Position="0.7921348" />
          <ColorNode Color="-16777088" Position="0.8230337" />
          <ColorNode Color="-16715100" Position="0.8370786" />
          <ColorNode Color="-16490309" Position="0.8960674" />
          <ColorNode Color="-4092686" Position="0.9255618" />
        </ColorNodes>
        <DistancePatternInfo XmlVersion="1.1">
          <Pattern RotationSteps="5000" MergeOperation="Sum" DrawCurve="False" RenderMode="Paint" StainBlendType="Add" StainWidth="10" SharedPatternID="1745" ZoomFactor="1" LoopFactor="0" ShrinkPattern="False" ShrinkPatternLayers="False" ShrinkClipCenterFactor="0" ShrinkPadding="2" ShrinkClipFactor="4" IsBackgroundPattern="True" AllowRandom="True" InfluenceScaleFactor="1" UseLinearGradient="False" GradientPadding="15" GradientRotation="0" RandomSeed="108617008" XmlPatternID="1536">
            <PathFillInfo ColorMode="Radial">
              <BoundaryColor Color="-16777088" />
              <CenterColor Color="-32768" />
              <ColorInfo TranslucentWaves="False" TranslucentCycles="10" TranslucentStrength="1" RandomWaves="False" RandomWavesSeed="1827112453" Colors="-16777088,-48480,-19345,-8355585,-32513,-1" Positions="0,0.06179775,0.2485955,0.508427,0.8581461,1" />
            </PathFillInfo>
            <PatternLayerList />
            <Center X="0" Y="0" />
            <ZVector Re="-0.00131896630784811" Im="-0.68981937900448" />
            <PreviewZFactor Re="1" Im="-2.44921270764475E-16" />
            <BasicOutline IntPetals="12" Frequency="6" UsedFrequency="6" Phase="90.0000000000002" AngleOffset="1.5707963267949" Enabled="True" AmplitudeFactor="0.2" Pointiness="5" BasicOutlineType="BroadFull" AddDenom="0.2" />
            <BasicOutline IntPetals="6" Frequency="3" UsedFrequency="3" Phase="0" AngleOffset="0" Enabled="True" AmplitudeFactor="1" Pointiness="3" BasicOutlineType="Pointed5" AddDenom="0.333333333333333" />
            <BasicOutline IntPetals="6" Frequency="3" UsedFrequency="3" Phase="90.0000000000002" AngleOffset="1.5707963267949" Enabled="True" AmplitudeFactor="0.25" Pointiness="4" BasicOutlineType="NewEllipse" AddDenom="0.25" />
            <PatternTransform TransformName="Flare" SequenceNumber="0" Enabled="True">
              <TransformSettings IsValid="True" IsCSharpFormula="True" FormulaName="Flare">
                <Formula>using System;
using System.Linq;
using Whorl;
using ParserEngine;
using System.Windows.Forms;
namespace WhorlEval
{
    public class WhorlEvalClass
    {
        public class EvalParameters
        {		
            @# LocalModulus label="Radius" = 0.5;
            @# LocalStrength;
            @# LocalWaves = 1;
            @# LocalPower = 1;
            @# LocalDamping = 1;
            //[ParameterInfo(MinValue = 1)]
            @# LocalPetals: int min=1 max = 32 = 4;
            @# LocalPhase;
            @# fnLocal Function = Ident;

            @# petals: int = 4;
            @# strength = 5;
            @# damping = 0.2;
            @# power = 1;
            @# phase;
        }		
        private double LocalDistance(PolarPoint pp)
        {
              return Enumerable.Range(0, @LocalPetals)
                        .Select(i =&gt; @fnLocal(@LocalWaves * Math.Pow(pp.Distance(localCenters[i]), @LocalPower))).Sum();
        }

        private PolarPoint[] localCenters {get; set;}


        [ParmsProperty]
        public EvalParameters Parms { get; } = new EvalParameters();
        public Whorl.PatternTransform.FormulaInfo Info { get; set; }
        public Boolean IsFirstCall { get; set; }
        public Double angle { get; set; }
        public Double amplitude { get; set; }
        public PolarPoint PreviousPoint { get; set; }
        private Double phase { get; set; }
        private Double strength { get; set; }
        private Double freq { get; set; }

        public void Initialize()
        {
            double phs = Math.PI * @LocalPhase / 180;
            localCenters = Enumerable.Range(0, @LocalPetals)
                    .Select(i =&gt; new PolarPoint(2.0 * Math.PI * i / @LocalPetals + phs, @LocalModulus)).ToArray();

            phase = Math.PI * @phase / 180;
            strength = 0.015 * @strength;
            freq = 2 * @petals;
        }

        public void Eval()
        {
		/*
            PolarPoint pp = Info.GetScaledPolar();
            Double angle = @petals * pp.Angle + phase;
            pp.Angle = angle;
            PolarPoint pp2 = new PolarPoint(angle, pp.Modulus);
            double factor = @fnOutline(angle, addDenom);
            if (@InvertOutline)
                 factor = 1.0 - factor;
            double amplitude = @fnOutlineOp(pp.Modulus, factor);
            angle = angle + angleScale * @fnOp(@angleWeight * @fnAngle2(@fnInner1(@flarePetals * angle)), damping + @outerScale * @fnAmplitude(@fnInner2(ampScale * CMath.Pow(amplitude, @ampPower))));
            pp2 = new PolarPoint(angle, amplitude);
            Info.Position = (float)(@colorScale * @fnColor(@scale * amplitude + strength * @fnAngle(@distanceScale * CMath.Pow(pp.Distance(pp2), @anglePower)) + 
@LocalStrength * LocalDistance(pp)));
		*/

            var pp = new PolarPoint(Info.angle, Info.amplitude);
            double amp = Info.amplitude;
            Info.angle = Info.angle + strength * Math.Sin(freq * Info.angle + phase)  
                               * (@LocalDamping + @LocalStrength * LocalDistance(pp)) / @LocalDamping
                               / (@damping + CMath.Pow(amp, @power));

        }
    }
}
</Formula>
                <LegacyFormula>parameters {
    @petals integer  min = 1 default = 4;
    @strength default = 5 min = -50 max = 50;
    @damping min = 0.01 default = 0.2;
    @power integer min = 1 default = 1;
    @phase default = 0;
    }
paramVar phase = pi * @phase / 180;
paramVar strength = 0.015 * @strength;
paramVar freq = 2 * @petals;
angle = angle + strength * sin(freq * angle + phase) / (@damping + amplitude  ^ @power);</LegacyFormula>
                <Parameters>
                  <Parameter Name="LocalModulus" TypeName="Double" Value="1.5" />
                  <Parameter Name="LocalStrength" TypeName="Double" Value="4" />
                  <Parameter Name="LocalWaves" TypeName="Double" Value="1" />
                  <Parameter Name="LocalPower" TypeName="Double" Value="2.5" />
                  <Parameter Name="LocalDamping" TypeName="Double" Value="3" />
                  <Parameter Name="LocalPetals" TypeName="Int32" Value="6" />
                  <Parameter Name="LocalPhase" TypeName="Double" Value="0" />
                  <Parameter Name="fnLocal" TypeName="Func1Parameter`1" Value="Cos" />
                  <Parameter Name="petals" TypeName="Int32" Value="6" />
                  <Parameter Name="strength" TypeName="Double" Value="5" />
                  <Parameter Name="damping" TypeName="Double" Value="1" />
                  <Parameter Name="power" TypeName="Double" Value="6" />
                  <Parameter Name="phase" TypeName="Double" Value="0" />
                </Parameters>
              </TransformSettings>
            </PatternTransform>
          </Pattern>
        </DistancePatternInfo>
        <FormulaSettings IsValid="True" IsCSharpFormula="True" FormulaName="SimpleDistance.cs">
          <Formula>using System;
using Whorl;
using ParserEngine;
using System.Windows.Forms;
using System.Linq;
namespace WhorlEval
{
    public class WhorlEvalClass
    {
        public enum ColorOffsetModes
        {
            Outer,
            Mid,
            Inner
        }
        public class EvalParameters
        {
            @# ComputeDistance: bool = true;
            @# DistanceOnly: bool;
            @# DistanceFactor label = "Distance %" = 10.0;
            @# DistanceOuter = 1.0;
            @# fnDistance Function = Ident;
            @# fnDistanceOp Function Params = 2 = Sum;
            @# DistanceOffset;
            @# PathPower = 1.0;
            @# ArcTanWeightPct label="ArcTan %";
            @# ArcTanPct label="ArcTan Y %";
            @# FlipArcTan: bool;
            @# PathMode enum ColorOffsetModes = Outer;
            @# DistanceCount: int = 5;
            @# Rotation;
            @# fnColor Function = Ident;
            @# colorScale = 1;
            @# colorSlope;
            @# colorOffset;
            @# colorMode enum ColorOffsetModes = Outer;
            @# AbsPosition: bool;
            @# PositionPower = 1;
            @# PositionOffset;
            @# fnPosition Function = Ident;
            @# fnOutline Function Params = 2 From OutlineMethods = Sine;
            @# fnOutlineOp Function Params = 2 = Product;
            @# fnOp Function Params = 2 = Sum;
            @# InvertOutline: bool;
            @# AngleN: int ArrayLength;
            @# fnAngle[AngleN] Function = Ident;
            @# fnCAngle[AngleN] = 1.0;
            @# powerAngle[AngleN] = 1.0;
            @# AmpN: int ArrayLength;
            @# fnAmp[AmpN] Function = Ident;
            @# fnC[AmpN] = 1.0;
            @# powerAmp[AmpN] = 1.0;
            @# petals: int = 4;
            @# flarePetals: int = 1;
            @# angleScale;
            @# angleWeight = 1;
            @# phase;
            @# Pointiness = 3;
            @# ampPower = 1;
            @# distancePower = 1;
            @# damping = 2;
            @# waves = 1;
            @# strength = 5;
            @# distanceScale = 1;
        }
        [ParmsProperty]
        public EvalParameters Parms { get; } = new EvalParameters();
        public Whorl.PixelRenderInfo Info { get; set; }
        private double atanFactor { get; set; }
        private double atanY { get; set; }
        private Double angleScale { get; set; }
        private Double phase { get; set; }
        private Double ampScale { get; set; }
        private Double damping { get; set; }
        private Double strength { get; set; }
        private Double addDenom { get; set; }
        private double distanceFactor {get; set;}
        public void Initialize()
        {            
            Info.Normalize = true;
            Info.NormalizeAngle = true;
            Info.Rotation = Tools.DegreesToRadians(@Rotation);
            Info.ComputeDistance = @ComputeDistance;
            Info.DistanceCount = @DistanceCount;
            atanFactor = 0.01 * @ArcTanWeightPct;
            atanY = 0.01 * @ArcTanPct;
            distanceFactor = 0.01 * @DistanceFactor;
            angleScale = 0.1 * @angleScale;
            phase = Math.PI * @phase / 180;
            ampScale = 2 * Math.PI * @waves;
            damping = 0.1 * @damping;
            strength = 0.1 * @strength;
            addDenom = 1 / @Pointiness;
        }
        private double ColorPosition(double v, double modulus)
        {
            double pos;
            double scale = @colorScale + @colorSlope * modulus;
            switch (@colorMode)
            {
                case ColorOffsetModes.Outer:
                default:
                   pos = scale * @fnColor(v) + @colorOffset;
                   break;
                case ColorOffsetModes.Mid:
                   pos = scale * (@fnColor(v) + @colorOffset);
                   break;
                case ColorOffsetModes.Inner:
                   pos = scale * @fnColor(v + @colorOffset);
                   break;
            }
            return pos;
        }
        private double NestedAngleFunctions(double v)
        {
            for (int i = 0; i &lt; @AngleN; i++)
                v = CMath.Pow(@fnAngle[i](@fnCAngle[i] * v), @powerAngle[i]);
            return v;
        }
        private double NestedFunctions(double v)
        {
            for (int i = 0; i &lt; @AmpN; i++)
                v = CMath.Pow(@fnAmp[i](@fnC[i] * v), @powerAmp[i]);
            return v;
        }
        private double PathDistance()
        {
            double dist = Info.DistanceToPath;
            if (atanFactor != 0)
            {
                 if (@FlipArcTan)
                     dist += atanFactor * Math.Atan2(atanY, dist);
                 else
                     dist += atanFactor * Math.Atan2(dist, atanY);
            }
            switch (@PathMode)
            {
                case ColorOffsetModes.Outer:
                default:
                    return @DistanceOuter * distanceFactor * CMath.Pow(@fnDistance(dist + @DistanceOffset), @PathPower);
                case ColorOffsetModes.Mid:
                    return @DistanceOuter * @fnDistance(distanceFactor * CMath.Pow(dist + @DistanceOffset, @PathPower));
                case ColorOffsetModes.Inner:
                    return @DistanceOuter * @fnDistance(CMath.Pow(distanceFactor * dist + @DistanceOffset, @PathPower));
            }
        }
        public void Eval()
        {            
            const double deltaAngle = 0.001;
            PolarPoint pp0 = Info.GetPolar();
            if (@DistanceOnly)
            {
                Info.Position = (float)ColorPosition(PathDistance(), pp0.Modulus);
                return;
            }
            double angle = @petals * pp0.Angle + phase;
            var pp = new PolarPoint(angle, pp0.Modulus);
            double factor = @fnOutline(angle, addDenom);
            if (@InvertOutline)
                 factor = 1.0 - factor;
            double amplitude = @fnOutlineOp(pp.Modulus, factor);
            angle = angle + angleScale * @fnOp(@angleWeight * NestedAngleFunctions(angle), damping + ampScale * CMath.Pow(amplitude, @ampPower));
            var pp2 = new PolarPoint(angle, amplitude);
            double position = NestedFunctions(amplitude) + strength * @fnPosition(@distanceScale * CMath.Pow(pp.Distance(pp2), @distancePower));
            if (@ComputeDistance)
                position = @fnDistanceOp(position, PathDistance());
            position += @PositionOffset;
            if (@AbsPosition)
                position = Math.Abs(position);
            position = CMath.Pow(position, @PositionPower);
            Info.Position = (float)(ColorPosition(position, pp0.Modulus));
        }
    }
}
</Formula>
          <LegacyFormula>parameters  {
     @fnColor varFunction default = ident;
     @fnAngle varFunction default = ident;
     @fnAngle2 varFunction default = ident;
     @fnAmplitude varFunction default = ident;
     @fnInner1 varFunction default = sin;
     @fnInner2 varFunction default = sin;
     @fnInnerAmp varFunction default = ident;
     @fnOp varFunction parameters = 2 default = Quotient;
     @fnOutline varFunction parameters = 2 domain = OutlineMethods;
     @fnOutlineOp varFunction parameters = 2 default = Product;
     @Pointiness default = 3;
     @OutlineWeight default = 1;
     @UseOutline boolean;
     @InvertOutline boolean;
     @C0 default = 0;
     @C1 default = 1;
     @C2 default = 0;
     @C3 default = 0;
     @Power0 default = 0;
     @Power1 default = 1;
     @Power2 default = 2;
     @Power3 default = 3;
     @fn0 varFunction default = ident;
     @fn1 varFunction default = ident;
     @fn2 varFunction default = ident;
     @fn3 varFunction default = ident;
     @scale default = 1;
     @outerScale default = 1;
     @colorScale default = 1;
     @colorPower default = 1;
     @petals integer default = 4 min = 1;
     @flarePetals integer default = 4 min = 1;
     @angleScale default = 0;
     @angleWeight default = 1;
     @phase default = 0;
     @ampPower default = 2;
     @anglePower default = 1;
     @damping default = 2;
     @waves default = 1;
     @strength default = 5;
     @distanceScale default = 1;
}
const invPi = 1 / pi;
paramVar angleScale = 0.1 * @angleScale;
paramVar phase = pi * @phase / 180;
paramVar ampScale = 2 * pi * @waves;
paramVar damping = 0.1 * @damping;
paramVar strength = 0.1 * @strength;
paramVar addDenom = 1 / @Pointiness;

PolarPoint var pp = Info.GetScaledPolar();
var angle = @petals * pp.Angle + phase;
var amplitude = pp.Modulus;
if (@UseOutline)  {
    var otlAmp = @fnOutline(angle, addDenom);
    if (@InvertOutline)
          otlAmp = 1 - otlAmp;
    amplitude = @fnOutlineOp(amplitude, @OutlineWeight * otlAmp);
}
amplitude = @fn0(@C0 * amplitude ^ @Power0) + 
                   @fn1(@C1 * amplitude ^ @Power1) + 
                   @fn2(@C2 * amplitude ^ @Power2) + 
                   @fn3(@C3 * amplitude ^ @Power3);
pp.Angle = angle;
angle = angle + angleScale * @fnOp(@angleWeight * @fnAngle2(@fnInner1(@flarePetals * angle)),
damping + @outerScale * @fnAmplitude(@fnInner2(ampScale * @fnInnerAmp(amplitude) ^ @ampPower)));
PolarPoint var pp2 = new PolarPoint(angle, amplitude);
position = (float)(@colorScale * @fnColor(@scale * amplitude
   + strength * @fnAngle(@distanceScale * pp.Distance(pp2) ^ @anglePower)) ^ @ColorPower);</LegacyFormula>
          <Parameters>
            <Parameter Name="ComputeDistance" TypeName="Boolean" Value="True" />
            <Parameter Name="DistanceOnly" TypeName="Boolean" Value="False" />
            <Parameter Name="DistanceFactor" TypeName="Double" Value="1050" />
            <Parameter Name="DistanceOuter" TypeName="Double" Value="1.5" />
            <Parameter Name="fnDistance" TypeName="Func1Parameter`1" Value="Cos" />
            <Parameter Name="fnDistanceOp" TypeName="Func2Parameter`1" Value="Product" />
            <Parameter Name="DistanceOffset" TypeName="Double" Value="0.06" />
            <Parameter Name="PathPower" TypeName="Double" Value="1" />
            <Parameter Name="ArcTanWeightPct" TypeName="Double" Value="60" />
            <Parameter Name="ArcTanPct" TypeName="Double" Value="60" />
            <Parameter Name="FlipArcTan" TypeName="Boolean" Value="False" />
            <Parameter Name="PathMode" TypeName="EnumValuesParameter`1" Value="Mid" />
            <Parameter Name="DistanceCount" TypeName="Int32" Value="5" />
            <Parameter Name="Rotation" TypeName="Double" Value="0" />
            <Parameter Name="fnColor" TypeName="Func1Parameter`1" Value="Tanh" />
            <Parameter Name="colorScale" TypeName="Double" Value="1.05" />
            <Parameter Name="colorSlope" TypeName="Double" Value="0.1" />
            <Parameter Name="colorOffset" TypeName="Double" Value="0.63" />
            <Parameter Name="colorMode" TypeName="EnumValuesParameter`1" Value="Outer" />
            <Parameter Name="AbsPosition" TypeName="Boolean" Value="True" />
            <Parameter Name="PositionPower" TypeName="Double" Value="-0.5" />
            <Parameter Name="PositionOffset" TypeName="Double" Value="0.18" />
            <Parameter Name="fnPosition" TypeName="Func1Parameter`1" Value="Tanh" />
            <Parameter Name="fnOutline" TypeName="Func2Parameter`1" Value="PointedRound" />
            <Parameter Name="fnOutlineOp" TypeName="Func2Parameter`1" Value="Product" />
            <Parameter Name="fnOp" TypeName="Func2Parameter`1" Value="Sum" />
            <Parameter Name="InvertOutline" TypeName="Boolean" Value="False" />
            <Parameter Name="AngleN" TypeName="Int32" Value="0" />
            <Parameter Name="AmpN" TypeName="Int32" Value="0" />
            <Parameter Name="petals" TypeName="Int32" Value="3" />
            <Parameter Name="flarePetals" TypeName="Int32" Value="1" />
            <Parameter Name="angleScale" TypeName="Double" Value="0" />
            <Parameter Name="angleWeight" TypeName="Double" Value="0" />
            <Parameter Name="phase" TypeName="Double" Value="0" />
            <Parameter Name="Pointiness" TypeName="Double" Value="7" />
            <Parameter Name="ampPower" TypeName="Double" Value="1" />
            <Parameter Name="distancePower" TypeName="Double" Value="1" />
            <Parameter Name="damping" TypeName="Double" Value="0" />
            <Parameter Name="waves" TypeName="Double" Value="3" />
            <Parameter Name="strength" TypeName="Double" Value="6" />
            <Parameter Name="distanceScale" TypeName="Double" Value="0.5" />
          </Parameters>
        </FormulaSettings>
      </PixelRendering>
    </Pattern>
  </DefaultPatternGroup>
  <DesignPatterns>
    <Pattern RotationSteps="5000" MergeOperation="Sum" DrawCurve="False" RenderMode="Paint" StainBlendType="Add" StainWidth="10" SharedPatternID="1718" ZoomFactor="1" LoopFactor="0" ShrinkPattern="False" ShrinkPatternLayers="False" ShrinkClipCenterFactor="0" ShrinkPadding="4" ShrinkClipFactor="4" IsBackgroundPattern="True" AllowRandom="True" InfluenceScaleFactor="1" UseLinearGradient="False" GradientPadding="15" GradientRotation="0" RandomSeed="738522687" XmlPatternID="1537">
      <PathFillInfo ColorMode="Radial">
        <BoundaryColor Color="-65536" />
        <CenterColor Color="-256" />
        <ColorInfo TranslucentWaves="False" TranslucentCycles="10" TranslucentStrength="1" RandomWaves="False" RandomWavesSeed="738561703" Colors="-32768,-2000474,-19345,-11542615,-2979349,-16777088" Positions="0,0.06179775,0.2485955,0.508427,0.7219101,1" />
      </PathFillInfo>
      <PatternLayerList />
      <Center X="691" Y="543" />
      <ZVector Re="0" Im="896.399538152491" />
      <PreviewZFactor Re="0.619975280167199" Im="0.784621343057658" />
      <BasicOutline IntPetals="2" Frequency="1" UsedFrequency="1" Phase="0" AngleOffset="0" Enabled="True" AmplitudeFactor="1" Pointiness="0.789999999999998" BasicOutlineType="Rectangle" AddDenom="1.26582278481013" />
      <PixelRendering Enabled="True" PatternLayerIndex="0" FormulaEnabled="True" ZoomFactor="1" UseDistanceOutline="False" SmoothedDraft="False">
        <PanXY X="0" Y="0" />
        <ColorNodes>
          <ColorNode Color="-9075713" Position="0.1067416" />
          <ColorNode Color="-13256193" Position="0.3539326" />
          <ColorNode Color="-16777088" Position="0.4311798" />
          <ColorNode Color="-1846535" Position="0.5224719" />
          <ColorNode Color="-14536754" Position="0.5772472" />
          <ColorNode Color="-7090433" Position="0.6952247" />
          <ColorNode Color="-16744193" Position="0.7738764" />
          <ColorNode Color="-16777088" Position="0.8258427" />
          <ColorNode Color="-5590017" Position="0.8609551" />
        </ColorNodes>
        <FormulaSettings IsValid="True" IsCSharpFormula="True" FormulaName="FunctionGraphPoints.cs">
          <Formula>using System;
using Whorl;
using ParserEngine;
using System.Windows.Forms;
using System.Linq;
namespace WhorlEval
{
    public class WhorlEvalClass
    {
        public enum ColorOffsetModes
        {
            Outer,
            Mid,
            Inner
        }
        public class EvalParameters
        {
            @# DistanceOnly: bool;
            @# DistanceFactor label = "Distance %" = 10.0;
            @# PathMode enum ColorOffsetModes = Outer;
            @# fnDistanceOp Function Params = 2 = Sum;
            @# UseFirstElems: bool;
            @# PointsN ArrayLength;
            @# Points[PointsN]: DoublePoint;
            @# fnDistance[PointsN] Function = Ident;
            @# RoundFactor[PointsN];
            @# DistanceOffset[PointsN];
            @# PathPower[PointsN] = 1.0;
            @# DistanceCoeff[PointsN] = 1.0;

            @# PolarWeight = 1;
            @# fnPolarDistance Function = Ident;
            @# RadiusSlope = 20;
            @# RadiusCutoff;
            @# RadiusOffset Min = 0;
            @# CartesianWeight = 1;
            @# CartesianRotation;
            @# CartesianPan: DoublePoint;
            @# fnFunctionsOp Function Params = 2 = Sum;

            @# NC ArrayLength;
            @# XScale[NC] = 1;
            @# Fn[NC] Function = Ident;
            @# C1C[NC] = 1;
            @# C0C[NC];
            @# PowerC[NC] = 1;

            @# NP ArrayLength;
            @# Petals[NP] = 2;
            @# C1P[NP] = 1;
            @# C0P[NP];
            @# PowerP[NP] = 1;
            @# Phase[NP];
            @# fnOutline[NP] Function Params = 2 From OutlineMethods = Sine;
            @# Pointiness[NP] = 3;
            @# Slope[NP];
            @# Offset[NP];
            @# RadiusPower[NP] = 1;
            @# fnRadiusOp[NP] Function Params = 2 = Sum;

            @# Cutoff = 0.1;
            @# Rotation;
            @# UseGradient: bool;
            @# fnColor Function = Ident;
            @# colorScale = 1;
            @# colorSlope;
            @# colorOffset;
            @# colorMode enum ColorOffsetModes = Outer;
            @# fnPosition Function = Ident;
            @# AbsPosition: bool;
            @# PositionPower = 1;
            @# PositionOffset;
        }

        private double FnDistance(int i, double d)
        {
            double y = @fnDistance[i](d);
            if (@RoundFactor[i] != 0)
                y = CMath.SmoothRound(y, @RoundFactor[i]);
            return y;
        }

        private double PointDistance(int i, DoublePoint dp)
        {
            double dist = dp.Distance(points[i]);
            if (@UseFirstElems)
                i = 0;
            dist *= @DistanceCoeff[i];
            switch (@PathMode)
            {
                case ColorOffsetModes.Outer:
                default:
                    return distanceFactor * CMath.Pow(FnDistance(i, dist + @DistanceOffset[i]), @PathPower[i]);
                case ColorOffsetModes.Mid:
                    return FnDistance(i, distanceFactor * CMath.Pow(dist + @DistanceOffset[i], @PathPower[i]));
                case ColorOffsetModes.Inner:
                    return FnDistance(i, CMath.Pow(distanceFactor * dist + @DistanceOffset[i], @PathPower[i]));
            }
        }

        private double DistanceToPoints(DoublePoint dp)
        {
            if (@PointsN == 0)
                return 0.0;
            else
                return Enumerable.Range(0, @PointsN).Select(i =&gt; PointDistance(i, dp)).Sum();
        }

        [ParmsProperty]
        public EvalParameters Parms { get; } = new EvalParameters();
        public Whorl.PixelRenderInfo Info { get; set; }
        private double distanceFactor { get; set; }
        private DoublePoint[] points { get; set; }
        private double[] addDenom { get; set; }
        private double[] phase { get; set; }
        private double cartesianRotation { get; set; }

        public void Initialize()
        {
            Info.Normalize = true;
            Info.NormalizeAngle = true;
            distanceFactor = 0.01 * @DistanceFactor;
            Info.Rotation = Tools.DegreesToRadians(@Rotation);
            addDenom = @Pointiness.Select(x =&gt; 1 / x).ToArray();
            phase = @Phase.Select(x =&gt; Tools.DegreesToRadians(x)).ToArray();
            points = @Points.Select(dp =&gt; new DoublePoint(0.01 * dp.X, 0.01 * dp.Y)).ToArray();
            cartesianRotation = Tools.DegreesToRadians(@CartesianRotation);

            //MessageBox.Show(string.Join(", ", points));
        }

        private double ColorPosition(double v, double modulus)
        {
            double pos;
            double scale = @colorScale + @colorSlope * modulus;
            switch (@colorMode)
            {
                case ColorOffsetModes.Outer:
                default:
                   pos = scale * @fnColor(v) + @colorOffset;
                   break;
                case ColorOffsetModes.Mid:
                   pos = scale * (@fnColor(v) + @colorOffset);
                   break;
                case ColorOffsetModes.Inner:
                   pos = scale * @fnColor(v + @colorOffset);
                   break;
            }
            return pos;
        }
  
        private double PolarFn1(int i, PolarPoint pp)
        {
            double y = CMath.Pow(Math.Abs(@C1P[i] * (@fnOutline[i](@Petals[i] * pp.Angle + phase[i], addDenom[i]) + @C0P[i])), @PowerP[i]);
            if (@Slope[i] != 0 || @Offset[i] != 0)
                y = @fnRadiusOp[i](y, @Slope[i] * CMath.Pow(pp.Modulus, @RadiusPower[i]) + @Offset[i]);
            return y;
        }

        private double PolarFn(PolarPoint pp)
        {
            if (@NP == 0) return 0;
            return Enumerable.Range(0, @NP).Select(i =&gt; PolarFn1(i, pp)).Sum();
        }

        private double Fn1(int i, double x)
        {
            x *= @XScale[i];
            return @C1C[i] * CMath.Pow(@Fn[i](x), @PowerC[i]) + @C0C[i];
        }

        private double Fn(double x)
        {
            if (@NC == 0) return 0;
            return Enumerable.Range(0, @NC).Select(i =&gt; Fn1(i, x)).Sum();
        }

        public void Eval()
        {
            DoublePoint dp = new DoublePoint(Info.X, Info.Y);
            PolarPoint pp = Info.GetPolar();
            if (@DistanceOnly)
            {
                Info.Position = (float)ColorPosition(DistanceToPoints(dp), pp.Modulus);
                return;
            }
            double position = 0;
            if (@PolarWeight != 0)
            {
                //PolarPoint pp2 = new PolarPoint(pp.Angle, PolarFn(pp.Angle));
                double dist = Math.Abs(PolarFn(pp) - pp.Modulus);  //pp2.Distance(pp);
                if (@RadiusCutoff != 0)
                      dist *= 0.5 * (1.0 + @RadiusOffset + Math.Tanh(@RadiusSlope * (pp.Modulus - 0.01 * @RadiusCutoff))) / (1.0 + @RadiusOffset);
                if (@UseGradient)
                    position = @fnPolarDistance(@PolarWeight * dist);
                else
                    position = (dist &lt; @Cutoff) ? 0.5 : 0.0;
            }
            if (@CartesianWeight != 0)
            {
                PolarPoint ppRotated = new PolarPoint(pp.Angle + cartesianRotation, pp.Modulus);
                DoublePoint dp1 = ppRotated.ToRectangular();
                dp1 = new DoublePoint(dp1.X + @CartesianPan.X, dp1.Y + @CartesianPan.Y);
                DoublePoint dp2 = new DoublePoint(Info.X, Fn(dp1.X));
                if (@UseGradient)
                    position = @fnFunctionsOp(position, @CartesianWeight * Math.Abs(dp2.Y - dp1.Y));
                else if (position == 0)
                    position = (Math.Abs(dp2.Y - dp1.Y) &lt; @Cutoff) ? 0.5 : 0.0;
            }
            if (distanceFactor != 0)
                position = @fnDistanceOp(position, DistanceToPoints(dp));
            position = @fnPosition(position);
            position += @PositionOffset;
            if (@AbsPosition)
                position = Math.Abs(position);
            position = CMath.Pow(position, @PositionPower);
            Info.Position = (float)ColorPosition(position, pp.Modulus);
        }
    }
}
</Formula>
          <Parameters>
            <Parameter Name="DistanceOnly" TypeName="Boolean" Value="False" />
            <Parameter Name="DistanceFactor" TypeName="Double" Value="100" />
            <Parameter Name="PathMode" TypeName="EnumValuesParameter`1" Value="Outer" />
            <Parameter Name="fnDistanceOp" TypeName="Func2Parameter`1" Value="Difference" />
            <Parameter Name="UseFirstElems" TypeName="Boolean" Value="False" />
            <Parameter Name="PointsN" TypeName="Int32" Value="3" />
            <Parameter Name="Points" TypeName="DoublePoint[]" Value="(25, 25)" Index="0" />
            <Parameter Name="Points" TypeName="DoublePoint[]" Value="(-25, 25)" Index="1" />
            <Parameter Name="Points" TypeName="DoublePoint[]" Value="(0, -15)" Index="2" />
            <Parameter Name="fnDistance" TypeName="Func1Parameter`1[]" Value="Log10" Index="0" />
            <Parameter Name="fnDistance" TypeName="Func1Parameter`1[]" Value="Acos" Index="1" />
            <Parameter Name="fnDistance" TypeName="Func1Parameter`1[]" Value="Cos" Index="2" />
            <Parameter Name="RoundFactor" TypeName="Double[]" Value="12" Index="0" />
            <Parameter Name="RoundFactor" TypeName="Double[]" Value="0" Index="1" />
            <Parameter Name="RoundFactor" TypeName="Double[]" Value="5" Index="2" />
            <Parameter Name="DistanceOffset" TypeName="Double[]" Value="0.14" Index="0" />
            <Parameter Name="DistanceOffset" TypeName="Double[]" Value="0.1" Index="1" />
            <Parameter Name="DistanceOffset" TypeName="Double[]" Value="-0.2" Index="2" />
            <Parameter Name="PathPower" TypeName="Double[]" Value="6" Index="0" />
            <Parameter Name="PathPower" TypeName="Double[]" Value="1" Index="1" />
            <Parameter Name="PathPower" TypeName="Double[]" Value="2" Index="2" />
            <Parameter Name="DistanceCoeff" TypeName="Double[]" Value="1" Index="0" />
            <Parameter Name="DistanceCoeff" TypeName="Double[]" Value="1" Index="1" />
            <Parameter Name="DistanceCoeff" TypeName="Double[]" Value="1" Index="2" />
            <Parameter Name="PolarWeight" TypeName="Double" Value="0.1" />
            <Parameter Name="fnPolarDistance" TypeName="Func1Parameter`1" Value="Ident" />
            <Parameter Name="RadiusSlope" TypeName="Double" Value="20" />
            <Parameter Name="RadiusCutoff" TypeName="Double" Value="5" />
            <Parameter Name="RadiusOffset" TypeName="Double" Value="0" />
            <Parameter Name="CartesianWeight" TypeName="Double" Value="1" />
            <Parameter Name="CartesianRotation" TypeName="Double" Value="60" />
            <Parameter Name="CartesianPan" TypeName="DoublePoint" Value="(-0.1, 0)" />
            <Parameter Name="fnFunctionsOp" TypeName="Func2Parameter`1" Value="Sum" />
            <Parameter Name="NC" TypeName="Int32" Value="3" />
            <Parameter Name="XScale" TypeName="Double[]" Value="1" Index="0" />
            <Parameter Name="XScale" TypeName="Double[]" Value="1.25" Index="1" />
            <Parameter Name="XScale" TypeName="Double[]" Value="1.2" Index="2" />
            <Parameter Name="Fn" TypeName="Func1Parameter`1[]" Value="Tanh" Index="0" />
            <Parameter Name="Fn" TypeName="Func1Parameter`1[]" Value="Ident" Index="1" />
            <Parameter Name="Fn" TypeName="Func1Parameter`1[]" Value="Atan" Index="2" />
            <Parameter Name="C1C" TypeName="Double[]" Value="3.85" Index="0" />
            <Parameter Name="C1C" TypeName="Double[]" Value="2.35" Index="1" />
            <Parameter Name="C1C" TypeName="Double[]" Value="1" Index="2" />
            <Parameter Name="C0C" TypeName="Double[]" Value="-0.3" Index="0" />
            <Parameter Name="C0C" TypeName="Double[]" Value="-0.1" Index="1" />
            <Parameter Name="C0C" TypeName="Double[]" Value="0" Index="2" />
            <Parameter Name="PowerC" TypeName="Double[]" Value="3" Index="0" />
            <Parameter Name="PowerC" TypeName="Double[]" Value="2" Index="1" />
            <Parameter Name="PowerC" TypeName="Double[]" Value="1" Index="2" />
            <Parameter Name="NP" TypeName="Int32" Value="1" />
            <Parameter Name="Petals" TypeName="Double[]" Value="2" Index="0" />
            <Parameter Name="C1P" TypeName="Double[]" Value="1" Index="0" />
            <Parameter Name="C0P" TypeName="Double[]" Value="0.5" Index="0" />
            <Parameter Name="PowerP" TypeName="Double[]" Value="1" Index="0" />
            <Parameter Name="Phase" TypeName="Double[]" Value="30" Index="0" />
            <Parameter Name="fnOutline" TypeName="Func2Parameter`1[]" Value="Round" Index="0" />
            <Parameter Name="Pointiness" TypeName="Double[]" Value="1" Index="0" />
            <Parameter Name="Slope" TypeName="Double[]" Value="0" Index="0" />
            <Parameter Name="Offset" TypeName="Double[]" Value="0" Index="0" />
            <Parameter Name="RadiusPower" TypeName="Double[]" Value="1" Index="0" />
            <Parameter Name="fnRadiusOp" TypeName="Func2Parameter`1[]" Value="Sum" Index="0" />
            <Parameter Name="Cutoff" TypeName="Double" Value="0.1" />
            <Parameter Name="Rotation" TypeName="Double" Value="0" />
            <Parameter Name="UseGradient" TypeName="Boolean" Value="True" />
            <Parameter Name="fnColor" TypeName="Func1Parameter`1" Value="Cos" />
            <Parameter Name="colorScale" TypeName="Double" Value="1" />
            <Parameter Name="colorSlope" TypeName="Double" Value="0" />
            <Parameter Name="colorOffset" TypeName="Double" Value="0.65" />
            <Parameter Name="colorMode" TypeName="EnumValuesParameter`1" Value="Outer" />
            <Parameter Name="fnPosition" TypeName="Func1Parameter`1" Value="Ident" />
            <Parameter Name="AbsPosition" TypeName="Boolean" Value="True" />
            <Parameter Name="PositionPower" TypeName="Double" Value="0.5" />
            <Parameter Name="PositionOffset" TypeName="Double" Value="-0.3" />
          </Parameters>
        </FormulaSettings>
      </PixelRendering>
    </Pattern>
  </DesignPatterns>
</Design>