<Design XmlVersion="1.1" PictureWidth="1087" PictureHeight="1087" BackgroundImageMode="StretchTile" ScaleToFit="True">
  <PictureBoxSize Width="1091" Height="1091" />
  <BackgroundGradientColors>
    <BoundaryColor Color="-13683589" />
    <CenterColor Color="-13683589" />
  </BackgroundGradientColors>
  <BackgroundImageFileName>C:\WhorlFilesDev\Textures\TurquoiseSea.png</BackgroundImageFileName>
  <DefaultPatternGroup>
    <Pattern RotationSteps="5000" MergeOperation="Sum" DrawCurve="False" RenderMode="Paint" StainBlendType="Add" StainWidth="10" SharedPatternID="1759" ZoomFactor="1" LoopFactor="0" ShrinkPattern="False" ShrinkPatternLayers="False" ShrinkClipCenterFactor="0" ShrinkPadding="2" ShrinkClipFactor="4" IsBackgroundPattern="True" AllowRandom="True" UseLinearGradient="False" GradientPadding="15" GradientRotation="0" RandomSeed="108617008" XmlPatternID="1717">
      <PathFillInfo ColorMode="Radial">
        <BoundaryColor Color="-16777088" />
        <CenterColor Color="-32768" />
        <ColorInfo TranslucentWaves="False" TranslucentCycles="10" TranslucentStrength="1" RandomWaves="False" RandomWavesSeed="1827112453" Colors="-16777088,-48480,-19345,-8355585,-32513,-1" Positions="0,0.06179775,0.2485955,0.508427,0.8581461,1" />
      </PathFillInfo>
      <PatternLayerList />
      <Center X="50" Y="50" />
      <ZVector Re="45" Im="-1.10214571844014E-14" />
      <PreviewZFactor Re="1" Im="-2.44921270764475E-16" />
      <PathOutline RotationSpan="1" UseVertices="True" UserDefinedVertices="False" ClosedCurveVertices="False" PolygonUserVertices="True" NormalizedPathLength="0" FormulaIsValid="True" UsesCustomFormula="True" BasicOutlineType="Path" IntPetals="4" Frequency="2" UsedFrequency="2" Phase="0" AngleOffset="0" Enabled="True" AmplitudeFactor="1" AddDenom="0.5" Pointiness="2">
        <AmplitudeSettings IsValid="True" IsCSharpFormula="False" FormulaName="Formula1">
          <Formula>amplitude = 1.5 + 1.5 * (2 * pi * rotationSpan - angle);</Formula>
        </AmplitudeSettings>
        <MaxAmplitudeSettings IsValid="True" IsCSharpFormula="False" FormulaName="Formula1">
          <Formula>maxAmplitude = 2 * pi * rotationSpan;</Formula>
        </MaxAmplitudeSettings>
        <PathOutlineType Value="Polar" />
        <VerticesSettings IsValid="True" IsCSharpFormula="True" FormulaName="MountainArray.cs">
          <Formula>using System;
using System.Collections.Generic;
using Whorl;
using ParserEngine;
using System.Linq;
using System.Windows.Forms;

namespace WhorlEval
{
    public class WhorlEvalClass
    {
        public class EvalParameters
        {
            @# Sectors: int Min=1 = 1;
            @# Mirror: bool;
            @# N: int ArrayLength;
            @# Points[N]: PolarPoint;
        }

        [ParmsProperty]
        public EvalParameters Parms { get; } = new EvalParameters();
        public Whorl.PathOutline.PathOutlineVars Info { get; set; }

        public void Initialize()
        {
        }
        
        public void Eval()
        {
            if (@Points.Length == 0)
                return;
            var points = new List&lt;PolarPoint&gt;();
            foreach (PolarPoint p in @Points)
            {
                if (points.Count == 0 || !p.IsEqual(points.Last()))
                {
                    points.Add(p);
                }
            }
            if (@Mirror)
            {
                for (int i = points.Count - 2; i &gt;= 0; i--)
                {
                    PolarPoint curPt = points[i];
                    points.Add(new PolarPoint(4.0 * Math.PI - curPt.Angle, curPt.Modulus));
                }
            }
            if (points.Count &gt; 1 &amp;&amp; points.Last().IsEqual(points.First()))
                points.RemoveAt(points.Count - 1);
            for (int i = points.Count - 1; i &gt;= 1; i--)
            {
                if (points[i].IsEqual(points[i - 1]))
                    points.RemoveAt(i);
            }
            double scale = 1.0 / @Sectors;
            if (@Mirror)
                scale *= 0.5;
            if (scale != 1.0)
            {
                points = points.Select(p =&gt; new PolarPoint(scale * p.Angle, p.Modulus)).ToList();
            }
            double sectorAngle = 2.0 * Math.PI / @Sectors;
//var rps = new List&lt;DoublePoint&gt;();
            for (int i = 0; i &lt; @Sectors; i++)
            {
                foreach (PolarPoint pt in points)
                {
                    var newPt = new PolarPoint(pt.Angle + i * sectorAngle, pt.Modulus);
                    var rectPt = newPt.ToRectangular();
                    Info.AddVertex(rectPt.X, rectPt.Y);
//rps.Add(rectPt);
                }
            }
//MessageBox.Show(string.Join(", ", points)); // + Environment.NewLine + string.Join(", ", rps));
        }
    }
}
</Formula>
          <LegacyFormula>parameters {
    @midScalePercent label="Mid %" default = 70 min = 0;
    @Angle1 label="Angle 1 %" default = 20 min = 0;
    @Angle2 label="Angle 2 %" default = 40 min = 0;
    @InnerFac label="Inner %" default = 70 min = 0;
    @OuterFac label="Outer %" default = 85 min = 0;
    @Points Integer default = 2 min = 1;
    @CenterOffset default = 0;
}
var aMid = pi / petals;
var aFull = 2 * aMid;
var aDiff = 0.01 * @Angle1 * aMid, aDiff2 = 0.01 * @Angle2 *  aMid;
var len = 1 / addDenom;
var r1 = len, r2 = addDenom * len, aRotate;
var innerFac = 0.01 * @InnerFac;
var outerFac = 0.01 * @OuterFac;
var x1, y1;
var i = 0;
var count = 2 * @Points + 1;
aRotate = -0.5 * pi - @Points * aFull - 0.5 * aMid;
var rMid = r1 * 0.01 * @midScalePercent;
AddVertex(0, -0.01 * @CenterOffset * r1);
PolarToRect(r2, aRotate - aMid, ref x1, ref y1);
AddVertex(x1, y1);
while (i &lt; count)
{
	PolarToRect(innerFac * r1, aRotate - aDiff, ref x1, ref y1);
	AddVertex(x1, y1);
	PolarToRect(outerFac * r1, aRotate - aDiff2, ref x1, ref y1);
	AddVertex(x1, y1);
	PolarToRect(r1, aRotate, ref x1, ref y1);
	AddVertex(x1, y1);
	PolarToRect(outerFac * r1, aRotate + aDiff2, ref x1, ref y1);
	AddVertex(x1, y1);
	PolarToRect(innerFac * r1, aRotate + aDiff, ref x1, ref y1);
	AddVertex(x1, y1);
	PolarToRect(r2, aMid + aRotate, ref x1, ref y1);
	AddVertex(x1, y1);
	aRotate = aRotate + aFull;
                i = i + 1;
                if (i % 2 == 0)
                    r1 = len;
                else
                    r1 = rMid;
}
#AddVertex(r1, 0);</LegacyFormula>
          <Parameters>
            <Parameter Name="Sectors" TypeName="Int32" Value="4" />
            <Parameter Name="Mirror" TypeName="Boolean" Value="True" />
            <Parameter Name="N" TypeName="Int32" Value="4" />
            <Parameter Name="Points" TypeName="PolarPoint[]" Value="(0, 15)" Index="0" />
            <Parameter Name="Points" TypeName="PolarPoint[]" Value="(150, 10)" Index="1" />
            <Parameter Name="Points" TypeName="PolarPoint[]" Value="(50, 6)" Index="2" />
            <Parameter Name="Points" TypeName="PolarPoint[]" Value="(360, 3)" Index="3" />
          </Parameters>
        </VerticesSettings>
      </PathOutline>
      <PixelRendering Enabled="False" PatternLayerIndex="0" FormulaEnabled="True" ZoomFactor="0.85" UseDistanceOutline="False" SmoothedDraft="True">
        <PanXY X="0" Y="0" />
        <ColorNodes>
          <ColorNode Color="-15643719" Position="0.122191" />
          <ColorNode Color="-15485462" Position="0.1994382" />
          <ColorNode Color="-283952" Position="0.244382" />
          <ColorNode Color="-12032046" Position="0.3174157" />
          <ColorNode Color="-2772750" Position="0.3441011" />
          <ColorNode Color="-11183898" Position="0.363764" />
          <ColorNode Color="-5526018" Position="0.4662921" />
          <ColorNode Color="-9210906" Position="0.5716292" />
          <ColorNode Color="-11183632" Position="0.6418539" />
          <ColorNode Color="-1590785" Position="0.6797753" />
          <ColorNode Color="-12561409" Position="0.7457865" />
          <ColorNode Color="-7557377" Position="0.9087079" />
        </ColorNodes>
        <FormulaSettings IsValid="True" IsCSharpFormula="True" FormulaName="FractalDistanceExt.cs">
          <Formula>using System;
using Whorl;
using ParserEngine;
using System.Windows.Forms;
using System.Linq;

namespace WhorlEval
{
    public class WhorlEvalClass
    {
        public enum ColorOffsetModes
        {
            Outer,
            Mid,
            Inner
        }

       public enum FractalTypes
        {
            Mandelbrot,
            Julia,
            Newton
        }
        
        public enum CVersions  
        {
             Normal,
             Outer,
             Inner
        }

        public enum SplashTypes
        {
            None,
            TermPower,
            TermCoeff,
            FirstFnPower,
            FirstFnCoeff,
            FirstCInner,
            Seed
        }
        
        private delegate double delEvalFractal(double x);
        
        public class EvalParameters
        {
            @# zType enum FractalTypes Label="Fractal Type" = Mandelbrot;
            @# OnlyFractal: bool label="Only Fractal";
            @# zStrength Label="Fractal Strength";
            @# zColorPower = 1;
            @# zPaletteN: int min = 2 = 16;
            @# zPan: Complex = Complex.Zero;
            @# zZoom min = 0 = 1;
            @# zXStretch = 1;
            @# zCutoff = 4.0;
            @# zNewtonCutoff = 0.01;
            @# zMaxSteps: int Min = 1 = 32;
            @# zSeed: Complex;
            @# zFeedback;
            @# zSplashType enum SplashTypes label="Splash Type" = SplashTypes.TermCoeff;
            @# zSplashPct label="Splash %";
            @# zFeedbackCount: int Min = 0;
            @# zFeedbackPower = 1;
            @# zMagFeedback: bool;
            @# zFeedbackOffset = 1.0;
            @# zFeedbackDamping = 0.01;
            @# MultiplyFeedback: bool;
            @# zNestFunctions: bool label="Nest Functions";
            @# zOp Function Params = 2 = Sum;
            @# zOffset;
            @# zA: Complex = Complex.One;
            @# zCoeff;
            @# zPower: Complex = new Complex(3, 0);
            @# zRoot = 1;
            @# zPolyN: int ArrayLength = 2;
            @# fnZ[zPolyN] Function derivative = Ident;
            @# zFnCoeff[zPolyN];
            @# zFnPower[zPolyN] = 1;
            @# zCInner[zPolyN] = 1;
            @# zInnerOff[zPolyN];

            @# Rotation;
            @# fnColor Function = Ident;
            @# colorScale = 1;
            @# colorSlope;
            @# colorOffset;
            @# colorMode enum ColorOffsetModes = Outer;
    

            @# ComputeDistance: bool = true;
            @# DistanceOnly: bool;
            @# DistanceMode enum ColorOffsetModes = Outer;
            @# AverageDistances: bool;
            @# AveragePower = 1;
            @# DistanceFactor label = "Distance %" = 10.0;
            @# UseFirstElems: bool;
            @# fnDistanceOp Function Params = 2 = Sum;
            @# DistanceN DistanceCount;
            @# fnDistance[DistanceN] Function = Ident;
            @# DistanceOffset[DistanceN];
            @# PathPower[DistanceN] = 1.0;
            @# DistanceCoeff[DistanceN] = 1.0;
            @# ArcTanWeightPct label="ArcTan %";
            @# ArcTanPct label="ArcTan Y %";
            @# PathMode enum ColorOffsetModes = Outer;
            @# DistanceCount: int = 5;
            @# DistanceRows: int min = 1 = 10;
            @# SegmentLength min = 0;

            @# fnPosition Function = Ident;
            @# UseOutline: bool = true;
            @# fnOutline Function Params = 2 From OutlineMethods = Sine;
            @# fnOutlineOp Function Params = 2 = Product;
            @# fnOp Function Params = 2 = Sum;
            @# InvertOutline: bool;
            @# AngleN: int ArrayLength;
            @# fnAngle[AngleN] Function = Ident;
            @# fnCAngle[AngleN] = 1.0;
            @# powerAngle[AngleN] = 1.0;
            @# AmpN: int ArrayLength;
            @# fnAmp[AmpN] Function = Ident;
            @# fnC[AmpN] = 1.0;
            @# powerAmp[AmpN] = 1.0;
            @# petals = 4;
            @# flarePetals: int = 1;
            @# angleScale;
            @# angleWeight = 1;
            @# phase;
            @# FlarePhase;
            @# Pointiness = 3;
            @# ampPower = 1;
            @# distancePower = 1;
            @# damping = 2;
            @# waves = 1;
            @# strength = 5;
            @# distanceScale = 1;
        }

        private delEvalFractal EvalFractal; 
        private double zFeedback, zFeedbackPower, zFeedbackAvg, zInvCount, zStrength, zColorPower;
        private double[] zFeedbackArray;
        private int zFeedbackInd, zFeedbackCount;
        private bool haveFeedbackArrayValue;
        private Complex zScale;
        private double atanFactor { get; set; }
        private double atanY { get; set; }
        private double distanceFactor {get; set;}
        [ParmsProperty]
        public EvalParameters Parms { get; } = new EvalParameters();
        public Whorl.PixelRenderInfo Info { get; set; }
        //private const Double invPi = 1 / Math.PI;
        private Double angleScale { get; set; }
        private Double rotation { get; set; }
        private Double phase { get; set; }
        private Double flarePhase { get; set; }
        private Double ampScale { get; set; }
        private Double damping { get; set; }
        private Double strength { get; set; }
        private Double addDenom { get; set; }
        private SplashTypes zSplashType {get;set;}
        private double zSplashFactor {get;set;}
        private Complex termPow;
        private double termCoeff;
        private double firstFnPow;
        private double firstFnCoeff;
        private double firstCInner;
        private Complex seed;

        public void Initialize()
        {            
            if (@zType == FractalTypes.Newton)
                EvalFractal = EvalNewtonFractal;
            else
                EvalFractal = EvalGeneralFractal;
            Info.Normalize = true;
            Info.NormalizeAngle = true;
            zSplashType = @zSplashType;
            zSplashFactor = 0.01 * @zSplashPct;
            if (@zPolyN &lt;= 0)
            {
                if (zSplashType == SplashTypes.FirstFnCoeff || 
                    zSplashType == SplashTypes.FirstFnPower ||
                    zSplashType == SplashTypes.FirstCInner)
                    zSplashType = SplashTypes.None;
            }
            termPow = @zPower;
            termCoeff = @zCoeff;
            firstFnPow = @zPolyN &gt; 0 ? @zFnPower[0] : 0;
            firstFnCoeff = @zPolyN &gt; 0 ? @zFnCoeff[0] : 0;
            firstCInner = @zPolyN &gt; 0 ? @zCInner[0] : 0;
            seed = @zSeed;
            zFeedback = 0.01 * @zFeedback;
            haveFeedbackArrayValue = false;
            zStrength = 0.01 * @zStrength;
            zColorPower = @zColorPower == 0 ? 1 : 1.0 / @zColorPower;
            if (@zFeedbackCount &gt; 0 &amp;&amp; @zFeedback != 0.0)
            {
                zFeedbackCount = @zFeedbackCount * (int)Info.BoundsSize.Width / (1000 * (int)Info.DraftSize);
                zFeedbackArray = new double[zFeedbackCount];
                zInvCount = 1.0 / zFeedbackCount;
            }
            else
            {
                zFeedbackArray = null;
                zInvCount = zFeedbackCount = 0;
            }
            zFeedbackInd = 0;
            zFeedbackAvg = 0;
            zFeedbackPower = @zFeedbackPower == 0 ? 1 : 1.0 / @zFeedbackPower;
            double zoomFac = 1 / Math.Max(0.00001, @zZoom);
            double xFac = Math.Sign(@zXStretch) * 1.0 / Math.Max(0.00001, Math.Abs(@zXStretch));
            zScale = new Complex(xFac * zoomFac, zoomFac);

            Info.Rotation = Tools.DegreesToRadians(@Rotation) + Info.PatternAngle;

            Info.DistanceRows = @DistanceRows;
            Info.SegmentLength = @SegmentLength;

            Info.ComputeDistance = @ComputeDistance;
            Info.DistanceCount = @DistanceCount;
            atanFactor = 0.01 * @ArcTanWeightPct;
            atanY = 0.01 * @ArcTanPct;
            distanceFactor = 0.01 * @DistanceFactor;

            angleScale = 0.1 * @angleScale;
            phase = Math.PI * @phase / 180;
            flarePhase = Math.PI * @flarePhase / 180;
            rotation = Tools.DegreesToRadians(@rotation);
            ampScale = 2 * Math.PI * @waves;
            damping = 0.1 * @damping;
            strength = 0.1 * @strength;
            addDenom = 1 / @Pointiness;
        }

/*
        private double EvalFractal(double position)
        {
            if (@zType == FractalTypes.Newton)
                return EvalNewtonFractal(position);
            else
                return EvalGeneralFractal(position);
        }
*/
        private double EvalGeneralFractal(double position)
        {
            bool isMandelbrot = @zType == FractalTypes.Mandelbrot;
            Complex zPixel = new Complex(zScale.Re * Info.X, zScale.Im * Info.Y) + @zPan;
            Complex z = isMandelbrot ? @zSeed : zPixel;
            Complex zAdd = isMandelbrot ? zPixel : @zSeed;
            double fac, modSq = 0.0;
            if (@zFeedback == 0 || @zMagFeedback)
                fac = 0;
            else
                fac = zFeedback * (@zFeedbackOffset + Math.Abs(position));
            SetSplashInfo(position);
            int i = 0;
            while (i &lt; @zMaxSteps)
            {
                modSq = z.GetModulusSquared();
                if (modSq &gt;= @zCutoff)
                    break;
                Complex zNext = Complex.Zero;
                if (termCoeff != 0)
                {
                   zNext += termCoeff * Complex.Pow(z, termPow);
                }
                double coeff = firstFnCoeff;
                double pow = firstFnPow;
                double cInner = firstCInner;
                for (int n = 0; n &lt; @zPolyN; n++)
                {
                    if (n &gt; 0)
                    {
                        coeff = @zFnCoeff[n];
                        pow = @zFnPower[n];
                        cInner = @zCInner[n];
                    }
                    if (coeff != 0)
                    {
                        if (@zNestFunctions)
                            z = coeff * Complex.Pow(Parms.fnZ[n].Fn(cInner * z + @zInnerOff[n]), pow);
                        else
                            zNext += coeff * Complex.Pow(Parms.fnZ[n].Fn(cInner * z + @zInnerOff[n]), pow);
                    }
                }
                if (@zNestFunctions)
                    z += zNext + zAdd;
                else
                    z = zNext + zAdd;
                if (@zFeedback != 0 &amp;&amp; i != 0)
                {
                    if (@zMagFeedback)
                    {
                        double mag = haveFeedbackArrayValue ? zFeedbackArray[zFeedbackInd] : modSq;
                        fac = zFeedback * @zCutoff / (@zFeedbackDamping + mag);
                        if (@MultiplyFeedback)
                            z *= 1.0 + fac;
                        else
                            z += fac;
                    }
                    else if (@MultiplyFeedback)
                        z *= 1.0 + fac * Math.Pow(i, zFeedbackPower) / @zMaxSteps;
                    else
                        z += fac * Math.Pow(i, zFeedbackPower) / @zMaxSteps;
                }
                i++;
            }
            int pos = @zMaxSteps - i;
            AdjustFeedbackAvg(@zMagFeedback ? modSq : (double)pos / @zMaxSteps);
            return GetFractalValue(pos);
        }
        
        private double EvalNewtonFractal(double position)
        {
            Complex z = new Complex(zScale.Re * Info.X, zScale.Im * Info.Y) + @zPan;
            int i = 0;
            double fac;
            if (@zFeedback == 0)
                fac = 0;
            else 
                fac = 1.0 / (zFeedback + position);
            SetSplashInfo(position);
            double modSq = 0.0;
            while (i &lt; @zMaxSteps)
            {
                Complex zNext = Complex.Zero;
                Complex zDeriv = Complex.Zero;
                if (termCoeff != 0)  {
                   zNext += termCoeff * Complex.Pow(z, termPow);
                   zDeriv += termCoeff * termPow * Complex.Pow(z, termPow - 1);
                }
                Complex nestedDeriv = Complex.One;
                Complex zOrig = z;
                double coeff = firstFnCoeff;
                double pow = firstFnPow;
                double cInner = firstCInner;
                for (int n = 0; n &lt; @zPolyN; n++)
                {
                    if (n &gt; 0)
                    {
                        coeff = @zFnCoeff[n];
                        pow = @zFnPower[n];
                        cInner = @zCInner[n];
                    }
                    if (coeff != 0)
                    {
                       Complex z1 = cInner * z + @zInnerOff[n];
                       Complex zArg = Parms.fnZ[n].Fn(z1);
                       if (@zNestFunctions)
                       {
                           z = coeff * Complex.Pow(zArg, pow);
                           nestedDeriv *= coeff * pow * Complex.Pow(zArg, pow - 1.0) * cInner * Parms.fnZ[n].DerivFn(z1);
                       }
                       else
                       {
                           zNext += coeff * Complex.Pow(zArg, pow);
                           zDeriv += coeff * pow * Complex.Pow(zArg, pow - 1.0) * cInner * Parms.fnZ[n].DerivFn(z1);
                           //zNext += coeff * zArg;
                           //zDeriv += coeff * cInner * Parms.fnZ[n].DerivFn(z1);
                       }
                    }
                }
                if (@zNestFunctions)
                {
                    zNext += z;
                    zDeriv += nestedDeriv;
                }
                if (zDeriv == Complex.Zero)
                    zDeriv = new Complex(0.00001, 0);
                zNext = @zA * (zNext + @zRoot) / zDeriv;
                modSq = (zOrig - zNext).GetModulusSquared();
                if (@zFeedback != 0 &amp;&amp; i != 0)
                    modSq *= fac / Math.Pow(i, zFeedbackPower);
                if (modSq &lt;= @zNewtonCutoff)
                    break;
                z = zNext;
                ++i;
            }
            int pos = @zMaxSteps - i;
            AdjustFeedbackAvg((double)pos / @zMaxSteps);
            return GetFractalValue(pos);
        }

        private double GetFractalValue(int pos)
        {
            return Math.Pow((double)(pos % @zPaletteN) / @zPaletteN, zColorPower) - @zOffset;
        }
        
        private void AdjustFeedbackAvg(double feedbackVal)
        {
            if (zFeedbackArray == null) return;
            double prevVal = zFeedbackArray[zFeedbackInd];
            zFeedbackArray[zFeedbackInd] = feedbackVal;
            if (++zFeedbackInd &gt;= zFeedbackArray.Length)
            {
                haveFeedbackArrayValue = true;
                zFeedbackInd = 0;
            }
            zFeedbackAvg += zInvCount * (feedbackVal - prevVal);
        }

        private double PathDistance1(int i)
        {
            double dist = Info.DistancesToPaths[i];
            if (@UseFirstElems)
                i = 0;
            dist *= @DistanceCoeff[i];
            switch (@PathMode)
            {
                case ColorOffsetModes.Outer:
                default:
                    return distanceFactor * CMath.Pow(@fnDistance[i](dist + @DistanceOffset[i]), @PathPower[i]);
                case ColorOffsetModes.Mid:
                    return @fnDistance[i](distanceFactor * CMath.Pow(dist + @DistanceOffset[i], @PathPower[i]));
                case ColorOffsetModes.Inner:
                    return @fnDistance[i](CMath.Pow(distanceFactor * dist + @DistanceOffset[i], @PathPower[i]));
            }
        }

        private double PathDistance()
        {
            int maxDistanceIndex = Math.Min(Info.DistancesToPaths.Length, @DistanceCoeff.Length);
            if (maxDistanceIndex == 0)
                return 0;
            var distances = Enumerable.Range(0, maxDistanceIndex).Select(i =&gt; PathDistance1(i));
            double dist;
            if (@AverageDistances)
                 dist = distances.Select(d =&gt; CMath.Pow(d, @AveragePower)).Average();
            else
                 dist = distances.Min();
            if (atanFactor != 0)
                 dist += atanFactor * Math.Atan2(dist, atanY);
            return dist;
            /*
            dist *= @DistanceCoeff;
            switch (@PathMode)
            {
                case ColorOffsetModes.Outer:
                default:
                    return distanceFactor * CMath.Pow(@fnDistance(dist + @DistanceOffset), @PathPower);
                case ColorOffsetModes.Mid:
                    return @fnDistance(distanceFactor * CMath.Pow(dist + @DistanceOffset, @PathPower));
                case ColorOffsetModes.Inner:
                    return @fnDistance(CMath.Pow(distanceFactor * dist + @DistanceOffset, @PathPower));
            }
            */
        }

        private void SetSplashInfo(double fac)
        {
            if (zSplashType != SplashTypes.None &amp;&amp; zSplashFactor != 0)
            {
                double splashFac = zSplashFactor * fac + 1.0;
                switch (zSplashType)
                {
                    case SplashTypes.TermCoeff:
                        termCoeff = splashFac * @zCoeff;
                        break;
                    case SplashTypes.TermPower:
                        termPow = splashFac * @zPower;
                        break;
                    case SplashTypes.FirstFnCoeff:
                        firstFnCoeff = splashFac * @zFnCoeff[0];
                        break;
                    case SplashTypes.FirstFnPower:
                        firstFnPow = splashFac * @zFnPower[0];
                        break;
                    case SplashTypes.FirstCInner:
                        firstCInner = splashFac * @zCInner[0];
                        break;
                    case SplashTypes.Seed:
                        seed = splashFac * @zSeed;
                        break;
                }
            }
        }

        
        private double ColorPosition(double v, double modulus)
        {
            double pos;
            double scale = @colorScale + @colorSlope * modulus;
            switch (@colorMode)
            {
                case ColorOffsetModes.Outer:
                default:
                   pos = scale * @fnColor(v) + @colorOffset;
                   break;
                case ColorOffsetModes.Mid:
                   pos = scale * (@fnColor(v) + @colorOffset);
                   break;
                case ColorOffsetModes.Inner:
                   pos = scale * @fnColor(v + @colorOffset);
                   break;
            }
            return pos;
        }

        public double NestedAngleFunctions(double v)
        {
            for (int i = 0; i &lt; @AngleN; i++)
                v = CMath.Pow(@fnAngle[i](@fnCAngle[i] * v), @powerAngle[i]);
            return v;
        }
        
        public double NestedFunctions(double v)
        {
            for (int i = 0; i &lt; @AmpN; i++)
                v = CMath.Pow(@fnAmp[i](@fnC[i] * v), @powerAmp[i]);
            return v;
        }
        
        public void Eval()
        {            
            PolarPoint pp0 = Info.GetPolar();
            if (@OnlyFractal)
            {
                Info.Position = (float)ColorPosition(zStrength * EvalFractal(pp0.Modulus), pp0.Modulus);
                return;
            }
            if (@DistanceOnly)
            {
                Info.Position = (float)ColorPosition(PathDistance(), pp0.Modulus);
                return;
            }
            pp0.Angle += rotation;
            Double angle = 0.5 * @petals * pp0.Angle + phase;
            var pp = new PolarPoint(angle, pp0.Modulus);
            double position;
            if (@UseOutline)
            {
                double factor = @fnOutline(angle, addDenom);
                if (@InvertOutline)
                     factor = 1.0 - factor;
                double amplitude = @fnOutlineOp(pp.Modulus, factor);
                angle = angle + angleScale * NestedAngleFunctions(@fnOp(Math.Sin(@AngleWeight * angle + flarePhase), (damping + pp.Modulus)));
                var pp2 = new PolarPoint(angle, amplitude);
                position = NestedFunctions(amplitude) + strength * @fnPosition(@distanceScale * CMath.Pow(pp.Distance(pp2), @distancePower));
            }
            else
                position = @fnPosition(pp.Modulus);
            if (zStrength != 0 &amp;&amp; @DistanceMode == ColorOffsetModes.Inner)
                position = @zOp(position, zStrength * EvalFractal(position));
            if (@ComputeDistance)
            {
                double pd = PathDistance();
                if (zStrength != 0 &amp;&amp; @DistanceMode == ColorOffsetModes.Mid)
                    pd = @zOp(pd, zStrength * EvalFractal(pd));
                position = @fnDistanceOp(position, pd);
            }
            if (zStrength != 0 &amp;&amp; @DistanceMode == ColorOffsetModes.Outer)
                position = @zOp(position, zStrength * EvalFractal(position));
            Info.Position = (float)ColorPosition(position, pp0.Modulus);
        }
    }
}
</Formula>
          <LegacyFormula>parameters  {
     @fnColor varFunction default = ident;
     @fnAngle varFunction default = ident;
     @fnAngle2 varFunction default = ident;
     @fnAmplitude varFunction default = ident;
     @fnInner1 varFunction default = sin;
     @fnInner2 varFunction default = sin;
     @fnInnerAmp varFunction default = ident;
     @fnOp varFunction parameters = 2 default = Quotient;
     @fnOutline varFunction parameters = 2 domain = OutlineMethods;
     @fnOutlineOp varFunction parameters = 2 default = Product;
     @Pointiness default = 3;
     @OutlineWeight default = 1;
     @UseOutline boolean;
     @InvertOutline boolean;
     @C0 default = 0;
     @C1 default = 1;
     @C2 default = 0;
     @C3 default = 0;
     @Power0 default = 0;
     @Power1 default = 1;
     @Power2 default = 2;
     @Power3 default = 3;
     @fn0 varFunction default = ident;
     @fn1 varFunction default = ident;
     @fn2 varFunction default = ident;
     @fn3 varFunction default = ident;
     @scale default = 1;
     @outerScale default = 1;
     @colorScale default = 1;
     @colorPower default = 1;
     @petals integer default = 4 min = 1;
     @flarePetals integer default = 4 min = 1;
     @angleScale default = 0;
     @angleWeight default = 1;
     @phase default = 0;
     @ampPower default = 2;
     @anglePower default = 1;
     @damping default = 2;
     @waves default = 1;
     @strength default = 5;
     @distanceScale default = 1;
}
const invPi = 1 / pi;
paramVar angleScale = 0.1 * @angleScale;
paramVar phase = pi * @phase / 180;
paramVar ampScale = 2 * pi * @waves;
paramVar damping = 0.1 * @damping;
paramVar strength = 0.1 * @strength;
paramVar addDenom = 1 / @Pointiness;

PolarPoint var pp = Info.GetScaledPolar();
var angle = @petals * pp.Angle + phase;
var amplitude = pp.Modulus;
if (@UseOutline)  {
    var otlAmp = @fnOutline(angle, addDenom);
    if (@InvertOutline)
          otlAmp = 1 - otlAmp;
    amplitude = @fnOutlineOp(amplitude, @OutlineWeight * otlAmp);
}
amplitude = @fn0(@C0 * amplitude ^ @Power0) + 
                   @fn1(@C1 * amplitude ^ @Power1) + 
                   @fn2(@C2 * amplitude ^ @Power2) + 
                   @fn3(@C3 * amplitude ^ @Power3);
pp.Angle = angle;
angle = angle + angleScale * @fnOp(@angleWeight * @fnAngle2(@fnInner1(@flarePetals * angle)),
damping + @outerScale * @fnAmplitude(@fnInner2(ampScale * @fnInnerAmp(amplitude) ^ @ampPower)));
PolarPoint var pp2 = new PolarPoint(angle, amplitude);
position = (float)(@colorScale * @fnColor(@scale * amplitude
   + strength * @fnAngle(@distanceScale * pp.Distance(pp2) ^ @anglePower)) ^ @ColorPower);</LegacyFormula>
          <Parameters>
            <Parameter Name="zType" TypeName="EnumValuesParameter`1" Value="Mandelbrot" />
            <Parameter Name="OnlyFractal" TypeName="Boolean" Value="False" />
            <Parameter Name="zStrength" TypeName="Double" Value="0" />
            <Parameter Name="zColorPower" TypeName="Double" Value="1" />
            <Parameter Name="zPaletteN" TypeName="Int32" Value="16" />
            <Parameter Name="zPan" TypeName="Complex" Value="(0,0)" />
            <Parameter Name="zZoom" TypeName="Double" Value="1" />
            <Parameter Name="zXStretch" TypeName="Double" Value="1" />
            <Parameter Name="zCutoff" TypeName="Double" Value="4" />
            <Parameter Name="zNewtonCutoff" TypeName="Double" Value="0.01" />
            <Parameter Name="zMaxSteps" TypeName="Int32" Value="32" />
            <Parameter Name="zSeed" TypeName="Complex" Value="(0,0)" />
            <Parameter Name="zFeedback" TypeName="Double" Value="0" />
            <Parameter Name="zSplashType" TypeName="EnumValuesParameter`1" Value="TermCoeff" />
            <Parameter Name="zSplashPct" TypeName="Double" Value="0" />
            <Parameter Name="zFeedbackCount" TypeName="Int32" Value="0" />
            <Parameter Name="zFeedbackPower" TypeName="Double" Value="1" />
            <Parameter Name="zMagFeedback" TypeName="Boolean" Value="False" />
            <Parameter Name="zFeedbackOffset" TypeName="Double" Value="1" />
            <Parameter Name="zFeedbackDamping" TypeName="Double" Value="0.01" />
            <Parameter Name="MultiplyFeedback" TypeName="Boolean" Value="False" />
            <Parameter Name="zNestFunctions" TypeName="Boolean" Value="False" />
            <Parameter Name="zOp" TypeName="Func2Parameter`1" Value="Sum" />
            <Parameter Name="zOffset" TypeName="Double" Value="0" />
            <Parameter Name="zA" TypeName="Complex" Value="(1,0)" />
            <Parameter Name="zCoeff" TypeName="Double" Value="0" />
            <Parameter Name="zPower" TypeName="Complex" Value="(3,0)" />
            <Parameter Name="zRoot" TypeName="Double" Value="1" />
            <Parameter Name="zPolyN" TypeName="Int32" Value="2" />
            <Parameter Name="fnZ" TypeName="DerivFuncParameter`1[]" Value="Ident" Index="0" />
            <Parameter Name="fnZ" TypeName="DerivFuncParameter`1[]" Value="Ident" Index="1" />
            <Parameter Name="zFnCoeff" TypeName="Double[]" Value="0" Index="0" />
            <Parameter Name="zFnCoeff" TypeName="Double[]" Value="0" Index="1" />
            <Parameter Name="zFnPower" TypeName="Double[]" Value="1" Index="0" />
            <Parameter Name="zFnPower" TypeName="Double[]" Value="1" Index="1" />
            <Parameter Name="zCInner" TypeName="Double[]" Value="1" Index="0" />
            <Parameter Name="zCInner" TypeName="Double[]" Value="1" Index="1" />
            <Parameter Name="zInnerOff" TypeName="Double[]" Value="0" Index="0" />
            <Parameter Name="zInnerOff" TypeName="Double[]" Value="0" Index="1" />
            <Parameter Name="Rotation" TypeName="Double" Value="0" />
            <Parameter Name="fnColor" TypeName="Func1Parameter`1" Value="Atan" />
            <Parameter Name="colorScale" TypeName="Double" Value="1.58" />
            <Parameter Name="colorSlope" TypeName="Double" Value="0.5" />
            <Parameter Name="colorOffset" TypeName="Double" Value="0.1" />
            <Parameter Name="colorMode" TypeName="EnumValuesParameter`1" Value="Inner" />
            <Parameter Name="ComputeDistance" TypeName="Boolean" Value="True" />
            <Parameter Name="DistanceOnly" TypeName="Boolean" Value="False" />
            <Parameter Name="DistanceMode" TypeName="EnumValuesParameter`1" Value="Outer" />
            <Parameter Name="AverageDistances" TypeName="Boolean" Value="False" />
            <Parameter Name="AveragePower" TypeName="Double" Value="1" />
            <Parameter Name="DistanceFactor" TypeName="Double" Value="450" />
            <Parameter Name="UseFirstElems" TypeName="Boolean" Value="False" />
            <Parameter Name="fnDistanceOp" TypeName="Func2Parameter`1" Value="Sum" />
            <Parameter Name="DistanceN" TypeName="Int32" Value="1" />
            <Parameter Name="fnDistance" TypeName="Func1Parameter`1[]" Value="Ident" Index="0" />
            <Parameter Name="DistanceOffset" TypeName="Double[]" Value="0" Index="0" />
            <Parameter Name="PathPower" TypeName="Double[]" Value="1" Index="0" />
            <Parameter Name="DistanceCoeff" TypeName="Double[]" Value="1" Index="0" />
            <Parameter Name="ArcTanWeightPct" TypeName="Double" Value="0" />
            <Parameter Name="ArcTanPct" TypeName="Double" Value="0" />
            <Parameter Name="PathMode" TypeName="EnumValuesParameter`1" Value="Outer" />
            <Parameter Name="DistanceCount" TypeName="Int32" Value="5" />
            <Parameter Name="DistanceRows" TypeName="Int32" Value="10" />
            <Parameter Name="SegmentLength" TypeName="Double" Value="0" />
            <Parameter Name="fnPosition" TypeName="Func1Parameter`1" Value="XtoX" />
            <Parameter Name="UseOutline" TypeName="Boolean" Value="True" />
            <Parameter Name="fnOutline" TypeName="Func2Parameter`1" Value="PointedRound" />
            <Parameter Name="fnOutlineOp" TypeName="Func2Parameter`1" Value="Product" />
            <Parameter Name="fnOp" TypeName="Func2Parameter`1" Value="Atan2" />
            <Parameter Name="InvertOutline" TypeName="Boolean" Value="False" />
            <Parameter Name="AngleN" TypeName="Int32" Value="0" />
            <Parameter Name="AmpN" TypeName="Int32" Value="0" />
            <Parameter Name="petals" TypeName="Double" Value="4" />
            <Parameter Name="flarePetals" TypeName="Int32" Value="1" />
            <Parameter Name="angleScale" TypeName="Double" Value="1" />
            <Parameter Name="angleWeight" TypeName="Double" Value="1" />
            <Parameter Name="phase" TypeName="Double" Value="0" />
            <Parameter Name="FlarePhase" TypeName="Double" Value="0" />
            <Parameter Name="Pointiness" TypeName="Double" Value="2" />
            <Parameter Name="ampPower" TypeName="Double" Value="1" />
            <Parameter Name="distancePower" TypeName="Double" Value="1" />
            <Parameter Name="damping" TypeName="Double" Value="0" />
            <Parameter Name="waves" TypeName="Double" Value="3" />
            <Parameter Name="strength" TypeName="Double" Value="3" />
            <Parameter Name="distanceScale" TypeName="Double" Value="0.5" />
          </Parameters>
        </FormulaSettings>
      </PixelRendering>
    </Pattern>
  </DefaultPatternGroup>
  <DesignPatterns>
    <Pattern RotationSteps="5000" MergeOperation="Sum" DrawCurve="False" RenderMode="Paint" StainBlendType="Add" StainWidth="10" SharedPatternID="1699" ZoomFactor="1" LoopFactor="0" ShrinkPattern="False" ShrinkPatternLayers="False" ShrinkClipCenterFactor="0" ShrinkPadding="2" ShrinkClipFactor="4" IsBackgroundPattern="True" AllowRandom="True" UseLinearGradient="False" GradientPadding="15" GradientRotation="0" RandomSeed="108617008" XmlPatternID="1736">
      <PathFillInfo ColorMode="Radial">
        <BoundaryColor Color="-16777088" />
        <CenterColor Color="-32768" />
        <ColorInfo TranslucentWaves="False" TranslucentCycles="10" TranslucentStrength="1" RandomWaves="False" RandomWavesSeed="1827112453" Colors="-16777088,-48480,-19345,-8355585,-32513,-1" Positions="0,0.06179775,0.2485955,0.508427,0.8581461,1" />
      </PathFillInfo>
      <PatternLayerList />
      <Center X="542.12" Y="540.69" />
      <ZVector Re="-1.47796954795649" Im="772.978073581248" />
      <PreviewZFactor Re="0.707217937573884" Im="0.706995607322805" />
      <BasicOutline UsesCustomFormula="False" BasicOutlineType="Rectangle" IntPetals="2" Frequency="1" UsedFrequency="1" Phase="0" AngleOffset="0" Enabled="True" AmplitudeFactor="1" AddDenom="1" Pointiness="1" />
      <PixelRendering Enabled="True" PatternLayerIndex="0" FormulaEnabled="True" ZoomFactor="0.95" UseDistanceOutline="True" SmoothedDraft="True">
        <PanXY X="0" Y="0" />
        <ColorNodes>
          <ColorNode Color="-10397744" Position="0.007022472" />
          <ColorNode Color="-91955" Position="0.04494382" />
          <ColorNode Color="-16777216" Position="0.1502809" />
          <ColorNode Color="-9932596" Position="0.1741573" />
          <ColorNode Color="-2368549" Position="0.2514045" />
          <ColorNode Color="-8348417" Position="0.2921348" />
          <ColorNode Color="-16306229" Position="0.3426966" />
          <ColorNode Color="-14777347" Position="0.363764" />
          <ColorNode Color="-1992864" Position="0.4044944" />
          <ColorNode Color="-9006088" Position="0.4353932" />
          <ColorNode Color="-14279797" Position="0.5182585" />
          <ColorNode Color="-5728769" Position="0.5589887" />
          <ColorNode Color="-10600518" Position="0.6474719" />
          <ColorNode Color="-2446612" Position="0.6896067" />
          <ColorNode Color="-13157995" Position="0.7289326" />
          <ColorNode Color="-16254" Position="0.8047753" />
          <ColorNode Color="-16777033" Position="0.8230337" />
          <ColorNode Color="-16715100" Position="0.8370786" />
          <ColorNode Color="-16490309" Position="0.8960674" />
          <ColorNode Color="-4092686" Position="0.9255618" />
        </ColorNodes>
        <DistancePatternInfo XmlVersion="1.1">
          <Pattern RotationSteps="5000" MergeOperation="Sum" DrawCurve="False" RenderMode="Paint" StainBlendType="Add" StainWidth="10" SharedPatternID="1745" ZoomFactor="1" LoopFactor="0" ShrinkPattern="False" ShrinkPatternLayers="False" ShrinkClipCenterFactor="0" ShrinkPadding="2" ShrinkClipFactor="4" IsBackgroundPattern="True" AllowRandom="True" UseLinearGradient="False" GradientPadding="15" GradientRotation="0" RandomSeed="108617008" XmlPatternID="1737">
            <PathFillInfo ColorMode="Radial">
              <BoundaryColor Color="-16777088" />
              <CenterColor Color="-32768" />
              <ColorInfo TranslucentWaves="False" TranslucentCycles="10" TranslucentStrength="1" RandomWaves="False" RandomWavesSeed="1827112453" Colors="-16777088,-48480,-19345,-8355585,-32513,-1" Positions="0,0.06179775,0.2485955,0.508427,0.8581461,1" />
            </PathFillInfo>
            <PatternLayerList />
            <Center X="0" Y="0" />
            <ZVector Re="-0.00131896630784811" Im="-0.68981937900448" />
            <PreviewZFactor Re="1" Im="-2.44921270764475E-16" />
            <BasicOutline UsesCustomFormula="False" BasicOutlineType="BroadFull" IntPetals="12" Frequency="6" UsedFrequency="6" Phase="90.0000000000002" AngleOffset="1.5707963267949" Enabled="True" AmplitudeFactor="0.2" AddDenom="0.2" Pointiness="5" />
            <BasicOutline UsesCustomFormula="False" BasicOutlineType="Pointed5" IntPetals="6" Frequency="3" UsedFrequency="3" Phase="0" AngleOffset="0" Enabled="True" AmplitudeFactor="1" AddDenom="0.333333333333333" Pointiness="3" />
            <BasicOutline UsesCustomFormula="False" BasicOutlineType="NewEllipse" IntPetals="6" Frequency="3" UsedFrequency="3" Phase="90.0000000000002" AngleOffset="1.5707963267949" Enabled="True" AmplitudeFactor="0.25" AddDenom="0.25" Pointiness="4" />
            <PatternTransform TransformName="Flare" SequenceNumber="0" Enabled="True">
              <TransformSettings IsValid="True" IsCSharpFormula="True" FormulaName="Flare">
                <Formula>using System;
using System.Linq;
using Whorl;
using ParserEngine;
using System.Windows.Forms;
namespace WhorlEval
{
    public class WhorlEvalClass
    {
        public class EvalParameters
        {		
            @# LocalModulus label="Radius" = 0.5;
            @# LocalStrength;
            @# LocalWaves = 1;
            @# LocalPower = 1;
            @# LocalDamping = 1;
            //[ParameterInfo(MinValue = 1)]
            @# LocalPetals: int min=1 max = 32 = 4;
            @# LocalPhase;
            @# fnLocal Function = Ident;

            @# petals: int = 4;
            @# strength = 5;
            @# damping = 0.2;
            @# power = 1;
            @# phase;
        }		
        private double LocalDistance(PolarPoint pp)
        {
              return Enumerable.Range(0, @LocalPetals)
                        .Select(i =&gt; @fnLocal(@LocalWaves * Math.Pow(pp.Distance(localCenters[i]), @LocalPower))).Sum();
        }

        private PolarPoint[] localCenters {get; set;}


        [ParmsProperty]
        public EvalParameters Parms { get; } = new EvalParameters();
        public Whorl.PatternTransform.FormulaInfo Info { get; set; }
        public Boolean IsFirstCall { get; set; }
        public Double angle { get; set; }
        public Double amplitude { get; set; }
        public PolarPoint PreviousPoint { get; set; }
        private Double phase { get; set; }
        private Double strength { get; set; }
        private Double freq { get; set; }

        public void Initialize()
        {
            double phs = Math.PI * @LocalPhase / 180;
            localCenters = Enumerable.Range(0, @LocalPetals)
                    .Select(i =&gt; new PolarPoint(2.0 * Math.PI * i / @LocalPetals + phs, @LocalModulus)).ToArray();

            phase = Math.PI * @phase / 180;
            strength = 0.015 * @strength;
            freq = 2 * @petals;
        }

        public void Eval()
        {
		/*
            PolarPoint pp = Info.GetScaledPolar();
            Double angle = @petals * pp.Angle + phase;
            pp.Angle = angle;
            PolarPoint pp2 = new PolarPoint(angle, pp.Modulus);
            double factor = @fnOutline(angle, addDenom);
            if (@InvertOutline)
                 factor = 1.0 - factor;
            double amplitude = @fnOutlineOp(pp.Modulus, factor);
            angle = angle + angleScale * @fnOp(@angleWeight * @fnAngle2(@fnInner1(@flarePetals * angle)), damping + @outerScale * @fnAmplitude(@fnInner2(ampScale * CMath.Pow(amplitude, @ampPower))));
            pp2 = new PolarPoint(angle, amplitude);
            Info.Position = (float)(@colorScale * @fnColor(@scale * amplitude + strength * @fnAngle(@distanceScale * CMath.Pow(pp.Distance(pp2), @anglePower)) + 
@LocalStrength * LocalDistance(pp)));
		*/

            var pp = new PolarPoint(Info.angle, Info.amplitude);
            double amp = Info.amplitude;
            Info.angle = Info.angle + strength * Math.Sin(freq * Info.angle + phase)  
                               * (@LocalDamping + @LocalStrength * LocalDistance(pp)) / @LocalDamping
                               / (@damping + CMath.Pow(amp, @power));

        }
    }
}
</Formula>
                <LegacyFormula>parameters {
    @petals integer  min = 1 default = 4;
    @strength default = 5 min = -50 max = 50;
    @damping min = 0.01 default = 0.2;
    @power integer min = 1 default = 1;
    @phase default = 0;
    }
paramVar phase = pi * @phase / 180;
paramVar strength = 0.015 * @strength;
paramVar freq = 2 * @petals;
angle = angle + strength * sin(freq * angle + phase) / (@damping + amplitude  ^ @power);</LegacyFormula>
                <Parameters>
                  <Parameter Name="LocalModulus" TypeName="Double" Value="1.5" />
                  <Parameter Name="LocalStrength" TypeName="Double" Value="4" />
                  <Parameter Name="LocalWaves" TypeName="Double" Value="1" />
                  <Parameter Name="LocalPower" TypeName="Double" Value="2.5" />
                  <Parameter Name="LocalDamping" TypeName="Double" Value="3" />
                  <Parameter Name="LocalPetals" TypeName="Int32" Value="6" />
                  <Parameter Name="LocalPhase" TypeName="Double" Value="0" />
                  <Parameter Name="fnLocal" TypeName="Func1Parameter`1" Value="Cos" />
                  <Parameter Name="petals" TypeName="Int32" Value="6" />
                  <Parameter Name="strength" TypeName="Double" Value="5" />
                  <Parameter Name="damping" TypeName="Double" Value="1" />
                  <Parameter Name="power" TypeName="Double" Value="6" />
                  <Parameter Name="phase" TypeName="Double" Value="0" />
                </Parameters>
              </TransformSettings>
            </PatternTransform>
          </Pattern>
        </DistancePatternInfo>
        <FormulaSettings IsValid="True" IsCSharpFormula="True" FormulaName="SimpleDistance.cs">
          <Formula>using System;
using Whorl;
using ParserEngine;
using System.Windows.Forms;
using System.Linq;
namespace WhorlEval
{
    public class WhorlEvalClass
    {
        public enum ColorOffsetModes
        {
            Outer,
            Mid,
            Inner
        }
        
        public class EvalParameters
        {
            @# ComputeDistance: bool = true;
            @# DistanceOnly: bool;
            @# DistanceFactor label = "Distance %" = 10.0;
            @# DistanceOuter = 1.0;
            @# fnDistance Function = Ident;
            @# fnDistanceOp Function Params = 2 = Sum;
            @# DistanceOffset;
            @# PathPower = 1.0;
            @# ArcTanWeightPct label="ArcTan %";
            @# ArcTanPct label="ArcTan Y %";
            @# FlipArcTan: bool;
            @# PathMode enum ColorOffsetModes = Outer;
            @# DistanceCount: int = 5;
            
            @# Rotation;
            @# fnColor Function = Ident;
            @# colorScale = 1;
            @# colorSlope;
            @# colorOffset;
            @# colorMode enum ColorOffsetModes = Outer;
            @# AbsPosition: bool;
            @# PositionPower = 1;
            @# PositionOffset;
    
            @# fnPosition Function = Ident;
            @# fnOutline Function Params = 2 From OutlineMethods = Sine;
            @# fnOutlineOp Function Params = 2 = Product;
            @# fnOp Function Params = 2 = Sum;
            @# InvertOutline: bool;
            @# AngleN: int ArrayLength;
            @# fnAngle[AngleN] Function = Ident;
            @# fnCAngle[AngleN] = 1.0;
            @# powerAngle[AngleN] = 1.0;
            @# AmpN: int ArrayLength;
            @# fnAmp[AmpN] Function = Ident;
            @# fnC[AmpN] = 1.0;
            @# powerAmp[AmpN] = 1.0;
            @# petals: int = 4;
            @# flarePetals: int = 1;
            @# angleScale;
            @# angleWeight = 1;
            @# phase;
            @# Pointiness = 3;
            @# ampPower = 1;
            @# distancePower = 1;
            @# damping = 2;
            @# waves = 1;
            @# strength = 5;
            @# distanceScale = 1;
        }
        [ParmsProperty]
        public EvalParameters Parms { get; } = new EvalParameters();
        public Whorl.PixelRenderInfo Info { get; set; }
        private double atanFactor { get; set; }
        private double atanY { get; set; }
        private Double angleScale { get; set; }
        private Double phase { get; set; }
        private Double ampScale { get; set; }
        private Double damping { get; set; }
        private Double strength { get; set; }
        private Double addDenom { get; set; }
        private double distanceFactor {get; set;}

        public void Initialize()
        {            
            Info.Normalize = true;
            Info.NormalizeAngle = true;
            Info.Rotation = Tools.DegreesToRadians(@Rotation);
            Info.ComputeDistance = @ComputeDistance;
            Info.DistanceCount = @DistanceCount;
            atanFactor = 0.01 * @ArcTanWeightPct;
            atanY = 0.01 * @ArcTanPct;
            distanceFactor = 0.01 * @DistanceFactor;
            angleScale = 0.1 * @angleScale;
            phase = Math.PI * @phase / 180;
            ampScale = 2 * Math.PI * @waves;
            damping = 0.1 * @damping;
            strength = 0.1 * @strength;
            addDenom = 1 / @Pointiness;
        }

        private double ColorPosition(double v, double modulus)
        {
            double pos;
            double scale = @colorScale + @colorSlope * modulus;
            switch (@colorMode)
            {
                case ColorOffsetModes.Outer:
                default:
                   pos = scale * @fnColor(v) + @colorOffset;
                   break;
                case ColorOffsetModes.Mid:
                   pos = scale * (@fnColor(v) + @colorOffset);
                   break;
                case ColorOffsetModes.Inner:
                   pos = scale * @fnColor(v + @colorOffset);
                   break;
            }
            return pos;
        }

        private double NestedAngleFunctions(double v)
        {
            for (int i = 0; i &lt; @AngleN; i++)
                v = CMath.Pow(@fnAngle[i](@fnCAngle[i] * v), @powerAngle[i]);
            return v;
        }
        
        private double NestedFunctions(double v)
        {
            for (int i = 0; i &lt; @AmpN; i++)
                v = CMath.Pow(@fnAmp[i](@fnC[i] * v), @powerAmp[i]);
            return v;
        }

        private double PathDistance()
        {
            double dist = Info.DistanceToPath;
            if (atanFactor != 0)
            {
                 if (@FlipArcTan)
                     dist += atanFactor * Math.Atan2(atanY, dist);
                 else
                     dist += atanFactor * Math.Atan2(dist, atanY);
            }
            switch (@PathMode)
            {
                case ColorOffsetModes.Outer:
                default:
                    return @DistanceOuter * distanceFactor * CMath.Pow(@fnDistance(dist + @DistanceOffset), @PathPower);
                case ColorOffsetModes.Mid:
                    return @DistanceOuter * @fnDistance(distanceFactor * CMath.Pow(dist + @DistanceOffset, @PathPower));
                case ColorOffsetModes.Inner:
                    return @DistanceOuter * @fnDistance(CMath.Pow(distanceFactor * dist + @DistanceOffset, @PathPower));
            }
        }
        
        public void Eval()
        {            
            const double deltaAngle = 0.001;
            PolarPoint pp0 = Info.GetPolar();
            if (@DistanceOnly)
            {
                Info.Position = (float)ColorPosition(PathDistance(), pp0.Modulus);
                return;
            }
            double angle = @petals * pp0.Angle + phase;
            var pp = new PolarPoint(angle, pp0.Modulus);
            double factor = @fnOutline(angle, addDenom);
            if (@InvertOutline)
                 factor = 1.0 - factor;
            double amplitude = @fnOutlineOp(pp.Modulus, factor);
            angle = angle + angleScale * @fnOp(@angleWeight * NestedAngleFunctions(angle), damping + ampScale * CMath.Pow(amplitude, @ampPower));
            var pp2 = new PolarPoint(angle, amplitude);
            double position = NestedFunctions(amplitude) + strength * @fnPosition(@distanceScale * CMath.Pow(pp.Distance(pp2), @distancePower));
            if (@ComputeDistance)
                position = @fnDistanceOp(position, PathDistance());
            if (@AbsPosition)
                position = Math.Abs(position);
            position = CMath.Pow(position + @PositionOffset, @PositionPower);
            Info.Position = (float)(ColorPosition(position, pp0.Modulus));
        }
    }
}
</Formula>
          <LegacyFormula>parameters  {
     @fnColor varFunction default = ident;
     @fnAngle varFunction default = ident;
     @fnAngle2 varFunction default = ident;
     @fnAmplitude varFunction default = ident;
     @fnInner1 varFunction default = sin;
     @fnInner2 varFunction default = sin;
     @fnInnerAmp varFunction default = ident;
     @fnOp varFunction parameters = 2 default = Quotient;
     @fnOutline varFunction parameters = 2 domain = OutlineMethods;
     @fnOutlineOp varFunction parameters = 2 default = Product;
     @Pointiness default = 3;
     @OutlineWeight default = 1;
     @UseOutline boolean;
     @InvertOutline boolean;
     @C0 default = 0;
     @C1 default = 1;
     @C2 default = 0;
     @C3 default = 0;
     @Power0 default = 0;
     @Power1 default = 1;
     @Power2 default = 2;
     @Power3 default = 3;
     @fn0 varFunction default = ident;
     @fn1 varFunction default = ident;
     @fn2 varFunction default = ident;
     @fn3 varFunction default = ident;
     @scale default = 1;
     @outerScale default = 1;
     @colorScale default = 1;
     @colorPower default = 1;
     @petals integer default = 4 min = 1;
     @flarePetals integer default = 4 min = 1;
     @angleScale default = 0;
     @angleWeight default = 1;
     @phase default = 0;
     @ampPower default = 2;
     @anglePower default = 1;
     @damping default = 2;
     @waves default = 1;
     @strength default = 5;
     @distanceScale default = 1;
}
const invPi = 1 / pi;
paramVar angleScale = 0.1 * @angleScale;
paramVar phase = pi * @phase / 180;
paramVar ampScale = 2 * pi * @waves;
paramVar damping = 0.1 * @damping;
paramVar strength = 0.1 * @strength;
paramVar addDenom = 1 / @Pointiness;

PolarPoint var pp = Info.GetScaledPolar();
var angle = @petals * pp.Angle + phase;
var amplitude = pp.Modulus;
if (@UseOutline)  {
    var otlAmp = @fnOutline(angle, addDenom);
    if (@InvertOutline)
          otlAmp = 1 - otlAmp;
    amplitude = @fnOutlineOp(amplitude, @OutlineWeight * otlAmp);
}
amplitude = @fn0(@C0 * amplitude ^ @Power0) + 
                   @fn1(@C1 * amplitude ^ @Power1) + 
                   @fn2(@C2 * amplitude ^ @Power2) + 
                   @fn3(@C3 * amplitude ^ @Power3);
pp.Angle = angle;
angle = angle + angleScale * @fnOp(@angleWeight * @fnAngle2(@fnInner1(@flarePetals * angle)),
damping + @outerScale * @fnAmplitude(@fnInner2(ampScale * @fnInnerAmp(amplitude) ^ @ampPower)));
PolarPoint var pp2 = new PolarPoint(angle, amplitude);
position = (float)(@colorScale * @fnColor(@scale * amplitude
   + strength * @fnAngle(@distanceScale * pp.Distance(pp2) ^ @anglePower)) ^ @ColorPower);</LegacyFormula>
          <Parameters>
            <Parameter Name="ComputeDistance" TypeName="Boolean" Value="True" />
            <Parameter Name="DistanceOnly" TypeName="Boolean" Value="False" />
            <Parameter Name="DistanceFactor" TypeName="Double" Value="1050" />
            <Parameter Name="DistanceOuter" TypeName="Double" Value="1.5" />
            <Parameter Name="fnDistance" TypeName="Func1Parameter`1" Value="Round" />
            <Parameter Name="fnDistanceOp" TypeName="Func2Parameter`1" Value="Product" />
            <Parameter Name="DistanceOffset" TypeName="Double" Value="0.06" />
            <Parameter Name="PathPower" TypeName="Double" Value="1.15" />
            <Parameter Name="ArcTanWeightPct" TypeName="Double" Value="60" />
            <Parameter Name="ArcTanPct" TypeName="Double" Value="60" />
            <Parameter Name="FlipArcTan" TypeName="Boolean" Value="False" />
            <Parameter Name="PathMode" TypeName="EnumValuesParameter`1" Value="Mid" />
            <Parameter Name="DistanceCount" TypeName="Int32" Value="5" />
            <Parameter Name="Rotation" TypeName="Double" Value="0" />
            <Parameter Name="fnColor" TypeName="Func1Parameter`1" Value="Tanh" />
            <Parameter Name="colorScale" TypeName="Double" Value="1.1" />
            <Parameter Name="colorSlope" TypeName="Double" Value="-0.2" />
            <Parameter Name="colorOffset" TypeName="Double" Value="0.67" />
            <Parameter Name="colorMode" TypeName="EnumValuesParameter`1" Value="Outer" />
            <Parameter Name="AbsPosition" TypeName="Boolean" Value="True" />
            <Parameter Name="PositionPower" TypeName="Double" Value="-0.55" />
            <Parameter Name="PositionOffset" TypeName="Double" Value="0.32" />
            <Parameter Name="fnPosition" TypeName="Func1Parameter`1" Value="Tanh" />
            <Parameter Name="fnOutline" TypeName="Func2Parameter`1" Value="PointedRound" />
            <Parameter Name="fnOutlineOp" TypeName="Func2Parameter`1" Value="Product" />
            <Parameter Name="fnOp" TypeName="Func2Parameter`1" Value="Sum" />
            <Parameter Name="InvertOutline" TypeName="Boolean" Value="False" />
            <Parameter Name="AngleN" TypeName="Int32" Value="0" />
            <Parameter Name="AmpN" TypeName="Int32" Value="0" />
            <Parameter Name="petals" TypeName="Int32" Value="3" />
            <Parameter Name="flarePetals" TypeName="Int32" Value="1" />
            <Parameter Name="angleScale" TypeName="Double" Value="0" />
            <Parameter Name="angleWeight" TypeName="Double" Value="0" />
            <Parameter Name="phase" TypeName="Double" Value="0" />
            <Parameter Name="Pointiness" TypeName="Double" Value="7" />
            <Parameter Name="ampPower" TypeName="Double" Value="1" />
            <Parameter Name="distancePower" TypeName="Double" Value="1" />
            <Parameter Name="damping" TypeName="Double" Value="0" />
            <Parameter Name="waves" TypeName="Double" Value="3" />
            <Parameter Name="strength" TypeName="Double" Value="6" />
            <Parameter Name="distanceScale" TypeName="Double" Value="0.5" />
          </Parameters>
        </FormulaSettings>
      </PixelRendering>
    </Pattern>
  </DesignPatterns>
</Design>