<Design XmlVersion="1.1" PictureWidth="728" PictureHeight="728" BackgroundImageMode="StretchTile" ScaleToFit="True">
  <PictureBoxSize Width="732" Height="732" />
  <BackgroundGradientColors>
    <BoundaryColor Color="-13683589" />
    <CenterColor Color="-13683589" />
  </BackgroundGradientColors>
  <BackgroundImageFileName>C:\WhorlFilesDev\Textures\TurquoiseSea.png</BackgroundImageFileName>
  <DefaultPatternGroup>
    <Pattern RotationSteps="5000" MergeOperation="Sum" DrawCurve="False" RenderMode="Paint" StainBlendType="Add" StainWidth="10" SharedPatternID="1911" ZoomFactor="1" LoopFactor="0" ShrinkPattern="False" ShrinkPatternLayers="False" ShrinkClipCenterFactor="0" ShrinkPadding="2" ShrinkClipFactor="4" IsBackgroundPattern="False" AllowRandom="True" UseLinearGradient="False" GradientPadding="15" GradientRotation="0" RandomSeed="108621186" XmlPatternID="1715">
      <TextureFillInfo TextureScale="0.25">
        <TextureImageFileName>C:\WhorlFilesDev\Textures\Gold.jpg</TextureImageFileName>
        <TextureOffset X="0" Y="0" />
      </TextureFillInfo>
      <PatternLayerList />
      <Center X="50" Y="50" />
      <ZVector Re="-8.77906468809148" Im="44.1353375788869" />
      <PreviewZFactor Re="-0.195090326402033" Im="0.98078527953082" />
      <PathOutline RotationSpan="1" UseVertices="True" UserDefinedVertices="False" ClosedCurveVertices="False" PolygonUserVertices="True" NormalizedPathLength="0" FormulaIsValid="True" UsesCustomFormula="True" BasicOutlineType="Path" IntPetals="8" Frequency="4" UsedFrequency="4" Phase="0" AngleOffset="0" Enabled="True" AmplitudeFactor="1" AddDenom="0.333333333333333" Pointiness="3">
        <AmplitudeSettings IsValid="True" IsCSharpFormula="False" FormulaName="Formula1">
          <Formula>amplitude = 1.5 + 1.5 * (2 * pi * rotationSpan - angle);</Formula>
        </AmplitudeSettings>
        <MaxAmplitudeSettings IsValid="True" IsCSharpFormula="False" FormulaName="Formula1">
          <Formula>maxAmplitude = 2 * pi * rotationSpan;</Formula>
        </MaxAmplitudeSettings>
        <PathOutlineType Value="Polar" />
        <VerticesSettings IsValid="True" IsCSharpFormula="True" FormulaName="StarPartial2.cs">
          <Formula>using System;
using Whorl;
using ParserEngine;
using System.Linq;
using System.Windows.Forms;

namespace WhorlEval
{
    public class WhorlEvalClass
    {
        public class EvalParameters
        {
            @# Points = 2;
            @# midScalePercent label = "Mid Scale%" = 70;
            @# CenterOffset;
            @# N: int ArrayLength;
            @# Angle[N];
            @# Factor[N];
        }

        [ParmsProperty]
        public EvalParameters Parms { get; } = new EvalParameters();
        public Whorl.PathOutline.PathOutlineVars Info { get; set; }
        public Boolean IsFirstCall { get; set; }

        public void Initialize()
        {
        }
        
        public void Eval()
        {
            Double aMid = Math.PI / Info.Petals;
            Double aFull = 2 * aMid;
            Double len = 1 / Info.AddDenom;
            Double[] angles = @Angle.Select(a =&gt; 0.01 * a * aMid).ToArray();
            Double[] factors = @Factor.Select(f =&gt; 0.01 * f).ToArray();
            Double r1 = len;
            Double r2 = Info.AddDenom * len;
            Double aRotate, x1, y1;
            Double i = 0;
            Double count = Math.Min(@Points, Info.Petals);
            Double rMid = r1 * 0.01 * @midScalePercent;
            aRotate = 0.5 * Math.PI - @Points * aFull - 0.5 * aMid;
            if (count != Info.Petals)
            {
                Info.AddVertex(0, -0.01 * @CenterOffset * r1);
            }
            EvalMethods.PolarToRect(r2, aRotate - aMid, out x1, out y1);
            Info.AddVertex(x1, y1);
            while (i &lt; count)
            {
                for (int j = 0; j &lt; @N; j++) 
                {
                    EvalMethods.PolarToRect(factors[j] * r1, aRotate - angles[j], out x1, out y1);
                    Info.AddVertex(x1, y1);
                }
                EvalMethods.PolarToRect(r1, aRotate, out x1, out y1);
                Info.AddVertex(x1, y1);
                for (int j = @N - 1; j &gt;= 0; j--) 
                {
                    EvalMethods.PolarToRect(factors[j] * r1, aRotate + angles[j], out x1, out y1);
                    Info.AddVertex(x1, y1);
                }
                EvalMethods.PolarToRect(r2, aMid + aRotate, out x1, out y1);
                Info.AddVertex(x1, y1);
                aRotate = aRotate + aFull;
                i = i + 1;
                if (i % 2 == 0)
                    r1 = len;
                else
                    r1 = rMid;
            }

        }
    }
}
</Formula>
          <LegacyFormula>parameters {
    @midScalePercent label="Mid %" default = 70 min = 0;
    @Angle1 label="Angle 1 %" default = 20 min = 0;
    @Angle2 label="Angle 2 %" default = 40 min = 0;
    @InnerFac label="Inner %" default = 70 min = 0;
    @OuterFac label="Outer %" default = 85 min = 0;
    @Points Integer default = 2 min = 1;
    @CenterOffset default = 0;
}
var aMid = pi / petals;
var aFull = 2 * aMid;
var aDiff = 0.01 * @Angle1 * aMid, aDiff2 = 0.01 * @Angle2 *  aMid;
var len = 1 / addDenom;
var r1 = len, r2 = addDenom * len, aRotate;
var innerFac = 0.01 * @InnerFac;
var outerFac = 0.01 * @OuterFac;
var x1, y1;
var i = 0;
var count = 2 * @Points + 1;
aRotate = -0.5 * pi - @Points * aFull - 0.5 * aMid;
var rMid = r1 * 0.01 * @midScalePercent;
AddVertex(0, -0.01 * @CenterOffset * r1);
PolarToRect(r2, aRotate - aMid, ref x1, ref y1);
AddVertex(x1, y1);
while (i &lt; count)
{
	PolarToRect(innerFac * r1, aRotate - aDiff, ref x1, ref y1);
	AddVertex(x1, y1);
	PolarToRect(outerFac * r1, aRotate - aDiff2, ref x1, ref y1);
	AddVertex(x1, y1);
	PolarToRect(r1, aRotate, ref x1, ref y1);
	AddVertex(x1, y1);
	PolarToRect(outerFac * r1, aRotate + aDiff2, ref x1, ref y1);
	AddVertex(x1, y1);
	PolarToRect(innerFac * r1, aRotate + aDiff, ref x1, ref y1);
	AddVertex(x1, y1);
	PolarToRect(r2, aMid + aRotate, ref x1, ref y1);
	AddVertex(x1, y1);
	aRotate = aRotate + aFull;
                i = i + 1;
                if (i % 2 == 0)
                    r1 = len;
                else
                    r1 = rMid;
}
#AddVertex(r1, 0);</LegacyFormula>
          <Parameters>
            <Parameter Name="Points" TypeName="Double" Value="12" />
            <Parameter Name="midScalePercent" TypeName="Double" Value="1" />
            <Parameter Name="CenterOffset" TypeName="Double" Value="0" />
            <Parameter Name="N" TypeName="Int32" Value="3" />
            <Parameter Name="Angle" TypeName="Double[]" Value="50" Index="0" />
            <Parameter Name="Angle" TypeName="Double[]" Value="70" Index="1" />
            <Parameter Name="Angle" TypeName="Double[]" Value="50" Index="2" />
            <Parameter Name="Factor" TypeName="Double[]" Value="50" Index="0" />
            <Parameter Name="Factor" TypeName="Double[]" Value="75" Index="1" />
            <Parameter Name="Factor" TypeName="Double[]" Value="85" Index="2" />
          </Parameters>
        </VerticesSettings>
      </PathOutline>
      <BasicOutline UsesCustomFormula="False" BasicOutlineType="NewEllipse" IntPetals="2" Frequency="1" UsedFrequency="1" Phase="0" AngleOffset="0" Enabled="True" AmplitudeFactor="0.05" AddDenom="10000" Pointiness="0.0001" />
      <PatternTransform TransformName="WaveFlare4" SequenceNumber="0" Enabled="True">
        <TransformSettings IsValid="True" IsCSharpFormula="False" FormulaName="WaveFlare4">
          <Formula>parameters {
    @petals integer locked min = 1 default = 4;
    @phase default = 0;
    @strength default = 1;
    @waves default = 1;
    @fnAmp varfunction default = ident;
    @offset default = 0.2;
    @power default = 1;
    @fnOp varFunction parameters = 2 default = Product;
    @ampFac default = 1;
    }
paramVar strength = 0.15 * @strength;
paramVar ampFreq = 0.5 * pi * @waves;
paramVar phase = pi * @phase / 180;
angle = angle + strength * @fnOp(sin(@petals * angle + phase), @fnAmp(@offset + @ampFac * abs(sin(ampFreq * amplitude ^ @power))));</Formula>
          <Parameters>
            <Parameter Name="petals" TypeName="Parameter" Value="8" Guid="91c4c657-8259-4ed3-b1c1-2a28ba60c6bb" />
            <Parameter Name="phase" TypeName="Parameter" Value="90" Guid="ecd44ebb-1abe-4138-ada3-4d0598480566" />
            <Parameter Name="strength" TypeName="Parameter" Value="2" Guid="bdf383f4-cb4d-41cc-9824-cd5f6538326a" />
            <Parameter Name="waves" TypeName="Parameter" Value="4" Guid="8cb87df2-8e9c-4f27-9c23-d113b3e03b32" />
            <Parameter Name="fnAmp" TypeName="VarFunctionParameter" Value="Sin" />
            <Parameter Name="offset" TypeName="Parameter" Value="-0.4" Guid="d6e662e2-a9b8-48ce-b62a-6ae63f10584b" />
            <Parameter Name="power" TypeName="Parameter" Value="0.8" Guid="7f623301-e0a1-4459-a4a9-26cceb3add83" />
            <Parameter Name="fnOp" TypeName="VarFunctionParameter" Value="Product" />
            <Parameter Name="ampFac" TypeName="Parameter" Value="1" Guid="02ca9d6c-3594-4df2-a546-60b30046bed1" />
          </Parameters>
        </TransformSettings>
      </PatternTransform>
    </Pattern>
  </DefaultPatternGroup>
  <DesignPatterns>
    <Pattern RotationSteps="5000" MergeOperation="Sum" DrawCurve="False" RenderMode="Paint" StainBlendType="Add" StainWidth="10" SharedPatternID="1699" ZoomFactor="1" LoopFactor="0" ShrinkPattern="False" ShrinkPatternLayers="False" ShrinkClipCenterFactor="0" ShrinkPadding="2" ShrinkClipFactor="4" IsBackgroundPattern="True" AllowRandom="True" UseLinearGradient="False" GradientPadding="15" GradientRotation="0" RandomSeed="108617008" XmlPatternID="1723">
      <PathFillInfo ColorMode="Radial">
        <BoundaryColor Color="-16777088" />
        <CenterColor Color="-32768" />
        <ColorInfo TranslucentWaves="False" TranslucentCycles="10" TranslucentStrength="1" RandomWaves="False" RandomWavesSeed="1827112453" Colors="-16777088,-48480,-19345,-8355585,-32513,-1" Positions="0,0.06179775,0.2485955,0.508427,0.8581461,1" />
      </PathFillInfo>
      <PatternLayerList />
      <Center X="364.66" Y="364.66" />
      <ZVector Re="-8.71739963629064E-14" Im="-355.926604866982" />
      <PreviewZFactor Re="1" Im="-2.44921270764475E-16" />
      <BasicOutline UsesCustomFormula="False" BasicOutlineType="BroadFull" IntPetals="12" Frequency="6" UsedFrequency="6" Phase="90.0000000000002" AngleOffset="1.5707963267949" Enabled="True" AmplitudeFactor="0.2" AddDenom="0.2" Pointiness="5" />
      <BasicOutline UsesCustomFormula="False" BasicOutlineType="Pointed5" IntPetals="6" Frequency="3" UsedFrequency="3" Phase="0" AngleOffset="0" Enabled="True" AmplitudeFactor="1" AddDenom="0.333333333333333" Pointiness="3" />
      <BasicOutline UsesCustomFormula="False" BasicOutlineType="NewEllipse" IntPetals="6" Frequency="3" UsedFrequency="3" Phase="90.0000000000002" AngleOffset="1.5707963267949" Enabled="True" AmplitudeFactor="0.25" AddDenom="0.25" Pointiness="4" />
      <PatternTransform TransformName="Flare" SequenceNumber="0" Enabled="True">
        <TransformSettings IsValid="True" IsCSharpFormula="True" FormulaName="Flare">
          <Formula>using System;
using System.Linq;
using Whorl;
using ParserEngine;
using System.Windows.Forms;
namespace WhorlEval
{
    public class WhorlEvalClass
    {
        public class EvalParameters
        {		
            @# LocalModulus label="Radius" = 0.5;
            @# LocalStrength;
            @# LocalWaves = 1;
            @# LocalPower = 1;
            @# LocalDamping = 1;
            //[ParameterInfo(MinValue = 1)]
            @# LocalPetals: int min=1 max = 32 = 4;
            @# LocalPhase;
            @# fnLocal Function = Ident;

            @# petals: int = 4;
            @# strength = 5;
            @# damping = 0.2;
            @# power = 1;
            @# phase;
        }		
        private double LocalDistance(PolarPoint pp)
        {
              return Enumerable.Range(0, @LocalPetals)
                        .Select(i =&gt; @fnLocal(@LocalWaves * Math.Pow(pp.Distance(localCenters[i]), @LocalPower))).Sum();
        }

        private PolarPoint[] localCenters {get; set;}


        [ParmsProperty]
        public EvalParameters Parms { get; } = new EvalParameters();
        public Whorl.PatternTransform.FormulaInfo Info { get; set; }
        public Boolean IsFirstCall { get; set; }
        public Double angle { get; set; }
        public Double amplitude { get; set; }
        public PolarPoint PreviousPoint { get; set; }
        private Double phase { get; set; }
        private Double strength { get; set; }
        private Double freq { get; set; }

        public void Initialize()
        {
            double phs = Math.PI * @LocalPhase / 180;
            localCenters = Enumerable.Range(0, @LocalPetals)
                    .Select(i =&gt; new PolarPoint(2.0 * Math.PI * i / @LocalPetals + phs, @LocalModulus)).ToArray();

            phase = Math.PI * @phase / 180;
            strength = 0.015 * @strength;
            freq = 2 * @petals;
        }

        public void Eval()
        {
		/*
            PolarPoint pp = Info.GetScaledPolar();
            Double angle = @petals * pp.Angle + phase;
            pp.Angle = angle;
            PolarPoint pp2 = new PolarPoint(angle, pp.Modulus);
            double factor = @fnOutline(angle, addDenom);
            if (@InvertOutline)
                 factor = 1.0 - factor;
            double amplitude = @fnOutlineOp(pp.Modulus, factor);
            angle = angle + angleScale * @fnOp(@angleWeight * @fnAngle2(@fnInner1(@flarePetals * angle)), damping + @outerScale * @fnAmplitude(@fnInner2(ampScale * CMath.Pow(amplitude, @ampPower))));
            pp2 = new PolarPoint(angle, amplitude);
            Info.Position = (float)(@colorScale * @fnColor(@scale * amplitude + strength * @fnAngle(@distanceScale * CMath.Pow(pp.Distance(pp2), @anglePower)) + 
@LocalStrength * LocalDistance(pp)));
		*/

            var pp = new PolarPoint(Info.angle, Info.amplitude);
            double amp = Info.amplitude;
            Info.angle = Info.angle + strength * Math.Sin(freq * Info.angle + phase)  
                               * (@LocalDamping + @LocalStrength * LocalDistance(pp)) / @LocalDamping
                               / (@damping + CMath.Pow(amp, @power));

        }
    }
}
</Formula>
          <LegacyFormula>parameters {
    @petals integer  min = 1 default = 4;
    @strength default = 5 min = -50 max = 50;
    @damping min = 0.01 default = 0.2;
    @power integer min = 1 default = 1;
    @phase default = 0;
    }
paramVar phase = pi * @phase / 180;
paramVar strength = 0.015 * @strength;
paramVar freq = 2 * @petals;
angle = angle + strength * sin(freq * angle + phase) / (@damping + amplitude  ^ @power);</LegacyFormula>
          <Parameters>
            <Parameter Name="LocalModulus" TypeName="Double" Value="1.5" />
            <Parameter Name="LocalStrength" TypeName="Double" Value="4" />
            <Parameter Name="LocalWaves" TypeName="Double" Value="1" />
            <Parameter Name="LocalPower" TypeName="Double" Value="2.5" />
            <Parameter Name="LocalDamping" TypeName="Double" Value="3" />
            <Parameter Name="LocalPetals" TypeName="Int32" Value="6" />
            <Parameter Name="LocalPhase" TypeName="Double" Value="0" />
            <Parameter Name="fnLocal" TypeName="Func1Parameter`1" Value="Cos" />
            <Parameter Name="petals" TypeName="Int32" Value="6" />
            <Parameter Name="strength" TypeName="Double" Value="5" />
            <Parameter Name="damping" TypeName="Double" Value="1" />
            <Parameter Name="power" TypeName="Double" Value="6" />
            <Parameter Name="phase" TypeName="Double" Value="0" />
          </Parameters>
        </TransformSettings>
      </PatternTransform>
      <PixelRendering Enabled="True" PatternLayerIndex="0" FormulaEnabled="True" ZoomFactor="1" UseDistanceOutline="False" SmoothedDraft="True">
        <PanXY X="0" Y="0" />
        <ColorNodes>
          <ColorNode Color="-10397744" Position="0.007022472" />
          <ColorNode Color="-91955" Position="0.04494382" />
          <ColorNode Color="-73625" Position="0.08146068" />
          <ColorNode Color="-13884305" Position="0.1390449" />
          <ColorNode Color="-8275213" Position="0.1460674" />
          <ColorNode Color="-11803994" Position="0.2275281" />
          <ColorNode Color="-8348417" Position="0.252809" />
          <ColorNode Color="-11150903" Position="0.2808989" />
          <ColorNode Color="-10680" Position="0.2921348" />
          <ColorNode Color="-24700" Position="0.3609551" />
          <ColorNode Color="-16777088" Position="0.3848315" />
          <ColorNode Color="-3242753" Position="0.4002809" />
          <ColorNode Color="-10958114" Position="0.4382023" />
          <ColorNode Color="-16777088" Position="0.5182585" />
          <ColorNode Color="-5728769" Position="0.5589887" />
          <ColorNode Color="-10600518" Position="0.6474719" />
          <ColorNode Color="-2446612" Position="0.6896067" />
          <ColorNode Color="-13157995" Position="0.7205056" />
          <ColorNode Color="-16254" Position="0.7879214" />
          <ColorNode Color="-16777088" Position="0.8230337" />
          <ColorNode Color="-16715100" Position="0.8370786" />
          <ColorNode Color="-16490309" Position="0.8960674" />
          <ColorNode Color="-4092686" Position="0.9255618" />
        </ColorNodes>
        <FormulaSettings IsValid="True" IsCSharpFormula="True" FormulaName="ColorDistance.cs">
          <Formula>using System;
using Whorl;
using ParserEngine;
using System.Windows.Forms;
using System.Linq;
namespace WhorlEval
{
    public class WhorlEvalClass
    {
        public enum ColorOffsetModes
        {
            Outer,
            Mid,
            Inner
        }
        
        public class EvalParameters
        {
            @# ComputeDistance: bool = true;
            @# DistanceOnly: bool;
            @# DistanceFactor label = "Distance %" = 10.0;
            @# fnDistance Function = Ident;
            @# fnDistanceOp Function Params = 2 = Sum;
            
            @# Rotation;
            @# fnColor Function = Ident;
            @# colorScale = 1;
            @# colorSlope;
            @# colorOffset;
            @# colorMode enum ColorOffsetModes = Outer;
    
            @# TangentRotation = 90;
            @# VectorWeight = 100;
            @# VectorFactor;
            @# OuterVecFac;
            @# fnVector Function = Ident;
            @# VectorMode enum ColorOffsetModes = Mid;
            @# VectorOp Function Params = 2 = Sum;
            @# fnPosition Function = Ident;
            @# fnOutline Function Params = 2 From OutlineMethods = Sine;
            @# fnOutlineOp Function Params = 2 = Product;
            @# fnOp Function Params = 2 = Sum;
            @# InvertOutline: bool;
            @# AngleN: int ArrayLength;
            @# fnAngle[AngleN] Function = Ident;
            @# fnCAngle[AngleN] = 1.0;
            @# powerAngle[AngleN] = 1.0;
            @# AmpN: int ArrayLength;
            @# fnAmp[AmpN] Function = Ident;
            @# fnC[AmpN] = 1.0;
            @# powerAmp[AmpN] = 1.0;
            @# petals: int = 4;
            @# flarePetals: int = 1;
            @# angleScale;
            @# angleWeight = 1;
            @# phase;
            @# Pointiness = 3;
            @# ampPower = 1;
            @# distancePower = 1;
            @# damping = 2;
            @# waves = 1;
            @# strength = 5;
            @# distanceScale = 1;
        }
        [ParmsProperty]
        public EvalParameters Parms { get; } = new EvalParameters();
        public Whorl.PixelRenderInfo Info { get; set; }
        private Double angleScale { get; set; }
        private Double phase { get; set; }
        private Double ampScale { get; set; }
        private Double damping { get; set; }
        private Double strength { get; set; }
        private Double addDenom { get; set; }
        private Complex rotationVec {get; set;}
        private double distanceFactor {get; set;}

        public void Initialize()
        {            
            Info.Normalize = true;
            Info.NormalizeAngle = true;
            Info.Rotation = Tools.DegreesToRadians(@Rotation);
            Info.ComputeDistance = @ComputeDistance;
            distanceFactor = 0.01 * @DistanceFactor;
            rotationVec = Complex.CreateFromModulusAndArgument(1.0, Tools.DegreesToRadians(@TangentRotation));
            angleScale = 0.1 * @angleScale;
            phase = Math.PI * @phase / 180;
            ampScale = 2 * Math.PI * @waves;
            damping = 0.1 * @damping;
            strength = 0.1 * @strength;
            addDenom = 1 / @Pointiness;
        }

        private double ColorPosition(double v, double modulus)
        {
            double pos;
            double scale = @colorScale + @colorSlope * modulus;
            switch (@colorMode)
            {
                case ColorOffsetModes.Outer:
                default:
                   pos = scale * @fnColor(v) + @colorOffset;
                   break;
                case ColorOffsetModes.Mid:
                   pos = scale * (@fnColor(v) + @colorOffset);
                   break;
                case ColorOffsetModes.Inner:
                   pos = scale * @fnColor(v + @colorOffset);
                   break;
            }
            return pos;
        }


        private double ColorPosition(double v)
        {
            double pos;
            switch (@colorMode)
            {
                case ColorOffsetModes.Outer:
                default:
                   pos = @colorScale * @fnColor(v) + @colorOffset;
                   break;
                case ColorOffsetModes.Mid:
                   pos = @colorScale * (@fnColor(v) + @colorOffset);
                   break;
                case ColorOffsetModes.Inner:
                   pos = @colorScale * @fnColor(v + @colorOffset);
                   break;
            }
            return pos;
        }

        public double NestedAngleFunctions(double v)
        {
            for (int i = 0; i &lt; @AngleN; i++)
                v = CMath.Pow(@fnAngle[i](@fnCAngle[i] * v), @powerAngle[i]);
            return v;
        }
        
        public double NestedFunctions(double v)
        {
            for (int i = 0; i &lt; @AmpN; i++)
                v = CMath.Pow(@fnAmp[i](@fnC[i] * v), @powerAmp[i]);
            return v;
        }
        
        public void Eval()
        {            
            const double deltaAngle = 0.001;
            PolarPoint pp0 = Info.GetPolar();
            if (@DistanceOnly)
            {
                Info.Position = (float)ColorPosition(@fnDistance(distanceFactor * Info.DistanceToPath), pp0.Modulus);
                return;
            }
            double angle = @petals * pp0.Angle + phase;
            var pp = new PolarPoint(angle, pp0.Modulus);
            double factor = @fnOutline(angle, addDenom);
            if (@InvertOutline)
                 factor = 1.0 - factor;
            DoublePoint dpOtl = new PolarPoint(angle, factor).ToRectangular();
            double fac2 = @fnOutline(angle + deltaAngle, addDenom);
            if (@InvertOutline)
                 fac2 = 1.0 - fac2;
            DoublePoint dpOtl2 = new PolarPoint(angle + deltaAngle, fac2).ToRectangular();
            Complex tanVec = new Complex(dpOtl2.X - dpOtl.X, dpOtl2.Y - dpOtl.Y);
            tanVec *= rotationVec * @VectorWeight;
            DoublePoint dpOffset = new DoublePoint(dpOtl.X + tanVec.Re, dpOtl.Y + tanVec.Im);
            double adjustment = @OuterVecFac * @fnVector(@VectorFactor * dpOffset.Distance(pp.ToRectangular()));
            if (@VectorMode == ColorOffsetModes.Inner)
                factor = @VectorOp(factor, adjustment);
            double amplitude = @fnOutlineOp(pp.Modulus, factor);
            if (@VectorMode == ColorOffsetModes.Mid)
                amplitude = @VectorOp(amplitude, adjustment);
            angle = angle + angleScale * @fnOp(@angleWeight * NestedAngleFunctions(angle), damping + ampScale * CMath.Pow(amplitude, @ampPower));
            var pp2 = new PolarPoint(angle, amplitude);
            double position = NestedFunctions(amplitude) + strength * @fnPosition(@distanceScale * CMath.Pow(pp.Distance(pp2), @distancePower));
            if (@VectorMode == ColorOffsetModes.Outer)
                position = @VectorOp(position, adjustment);
            if (@ComputeDistance)
                position = @fnDistanceOp(position, @fnDistance(distanceFactor * Info.DistanceToPath));
            Info.Position = (float)(ColorPosition(position, pp0.Modulus));
        }
    }
}
</Formula>
          <LegacyFormula>parameters  {
     @fnColor varFunction default = ident;
     @fnAngle varFunction default = ident;
     @fnAngle2 varFunction default = ident;
     @fnAmplitude varFunction default = ident;
     @fnInner1 varFunction default = sin;
     @fnInner2 varFunction default = sin;
     @fnInnerAmp varFunction default = ident;
     @fnOp varFunction parameters = 2 default = Quotient;
     @fnOutline varFunction parameters = 2 domain = OutlineMethods;
     @fnOutlineOp varFunction parameters = 2 default = Product;
     @Pointiness default = 3;
     @OutlineWeight default = 1;
     @UseOutline boolean;
     @InvertOutline boolean;
     @C0 default = 0;
     @C1 default = 1;
     @C2 default = 0;
     @C3 default = 0;
     @Power0 default = 0;
     @Power1 default = 1;
     @Power2 default = 2;
     @Power3 default = 3;
     @fn0 varFunction default = ident;
     @fn1 varFunction default = ident;
     @fn2 varFunction default = ident;
     @fn3 varFunction default = ident;
     @scale default = 1;
     @outerScale default = 1;
     @colorScale default = 1;
     @colorPower default = 1;
     @petals integer default = 4 min = 1;
     @flarePetals integer default = 4 min = 1;
     @angleScale default = 0;
     @angleWeight default = 1;
     @phase default = 0;
     @ampPower default = 2;
     @anglePower default = 1;
     @damping default = 2;
     @waves default = 1;
     @strength default = 5;
     @distanceScale default = 1;
}
const invPi = 1 / pi;
paramVar angleScale = 0.1 * @angleScale;
paramVar phase = pi * @phase / 180;
paramVar ampScale = 2 * pi * @waves;
paramVar damping = 0.1 * @damping;
paramVar strength = 0.1 * @strength;
paramVar addDenom = 1 / @Pointiness;

PolarPoint var pp = Info.GetScaledPolar();
var angle = @petals * pp.Angle + phase;
var amplitude = pp.Modulus;
if (@UseOutline)  {
    var otlAmp = @fnOutline(angle, addDenom);
    if (@InvertOutline)
          otlAmp = 1 - otlAmp;
    amplitude = @fnOutlineOp(amplitude, @OutlineWeight * otlAmp);
}
amplitude = @fn0(@C0 * amplitude ^ @Power0) + 
                   @fn1(@C1 * amplitude ^ @Power1) + 
                   @fn2(@C2 * amplitude ^ @Power2) + 
                   @fn3(@C3 * amplitude ^ @Power3);
pp.Angle = angle;
angle = angle + angleScale * @fnOp(@angleWeight * @fnAngle2(@fnInner1(@flarePetals * angle)),
damping + @outerScale * @fnAmplitude(@fnInner2(ampScale * @fnInnerAmp(amplitude) ^ @ampPower)));
PolarPoint var pp2 = new PolarPoint(angle, amplitude);
position = (float)(@colorScale * @fnColor(@scale * amplitude
   + strength * @fnAngle(@distanceScale * pp.Distance(pp2) ^ @anglePower)) ^ @ColorPower);</LegacyFormula>
          <Parameters>
            <Parameter Name="ComputeDistance" TypeName="Boolean" Value="True" />
            <Parameter Name="DistanceOnly" TypeName="Boolean" Value="False" />
            <Parameter Name="DistanceFactor" TypeName="Double" Value="250" />
            <Parameter Name="fnDistance" TypeName="Func1Parameter`1" Value="Ident" />
            <Parameter Name="fnDistanceOp" TypeName="Func2Parameter`1" Value="Max" />
            <Parameter Name="Rotation" TypeName="Double" Value="0" />
            <Parameter Name="fnColor" TypeName="Func1Parameter`1" Value="XtoX" />
            <Parameter Name="colorScale" TypeName="Double" Value="2" />
            <Parameter Name="colorSlope" TypeName="Double" Value="0.15" />
            <Parameter Name="colorOffset" TypeName="Double" Value="0" />
            <Parameter Name="colorMode" TypeName="EnumValuesParameter`1" Value="Outer" />
            <Parameter Name="TangentRotation" TypeName="Double" Value="90" />
            <Parameter Name="VectorWeight" TypeName="Double" Value="100" />
            <Parameter Name="VectorFactor" TypeName="Double" Value="0" />
            <Parameter Name="OuterVecFac" TypeName="Double" Value="0" />
            <Parameter Name="fnVector" TypeName="Func1Parameter`1" Value="Ident" />
            <Parameter Name="VectorMode" TypeName="EnumValuesParameter`1" Value="Mid" />
            <Parameter Name="VectorOp" TypeName="Func2Parameter`1" Value="Sum" />
            <Parameter Name="fnPosition" TypeName="Func1Parameter`1" Value="Ident" />
            <Parameter Name="fnOutline" TypeName="Func2Parameter`1" Value="BroadFull" />
            <Parameter Name="fnOutlineOp" TypeName="Func2Parameter`1" Value="Product" />
            <Parameter Name="fnOp" TypeName="Func2Parameter`1" Value="Atan2" />
            <Parameter Name="InvertOutline" TypeName="Boolean" Value="True" />
            <Parameter Name="AngleN" TypeName="Int32" Value="0" />
            <Parameter Name="AmpN" TypeName="Int32" Value="0" />
            <Parameter Name="petals" TypeName="Int32" Value="3" />
            <Parameter Name="flarePetals" TypeName="Int32" Value="1" />
            <Parameter Name="angleScale" TypeName="Double" Value="1" />
            <Parameter Name="angleWeight" TypeName="Double" Value="1" />
            <Parameter Name="phase" TypeName="Double" Value="0" />
            <Parameter Name="Pointiness" TypeName="Double" Value="18" />
            <Parameter Name="ampPower" TypeName="Double" Value="1" />
            <Parameter Name="distancePower" TypeName="Double" Value="1" />
            <Parameter Name="damping" TypeName="Double" Value="0" />
            <Parameter Name="waves" TypeName="Double" Value="3" />
            <Parameter Name="strength" TypeName="Double" Value="5" />
            <Parameter Name="distanceScale" TypeName="Double" Value="0.5" />
          </Parameters>
        </FormulaSettings>
      </PixelRendering>
    </Pattern>
  </DesignPatterns>
</Design>