<Design XmlVersion="1.1" PictureWidth="1086" PictureHeight="1086" BackgroundImageMode="Stretch" ScaleToFit="True">
  <PictureBoxSize Width="1090" Height="1090" />
  <BackgroundGradientColors>
    <BoundaryColor Color="-4905" />
    <CenterColor Color="-4992278" />
  </BackgroundGradientColors>
  <DefaultPatternGroup>
    <Pattern RotationSteps="5000" MergeOperation="Sum" DrawCurve="False" RenderMode="Paint" StainBlendType="Add" StainWidth="10" SharedPatternID="1703" ZoomFactor="1" LoopFactor="0" ShrinkPattern="False" ShrinkPatternLayers="False" ShrinkClipCenterFactor="0" ShrinkPadding="2" ShrinkClipFactor="4" IsBackgroundPattern="True" AllowRandom="True" InfluenceScaleFactor="1" UseLinearGradient="False" GradientPadding="15" GradientRotation="0" RandomSeed="108617008" XmlPatternID="1568">
      <PathFillInfo ColorMode="Radial">
        <BoundaryColor Color="-16777088" />
        <CenterColor Color="-32768" />
        <ColorInfo TranslucentWaves="False" TranslucentCycles="10" TranslucentStrength="1" RandomWaves="False" RandomWavesSeed="1827112453" Colors="-16777088,-48480,-19345,-8355585,-32513,-1" Positions="0,0.06179775,0.2485955,0.508427,0.8581461,1" />
      </PathFillInfo>
      <PatternLayerList />
      <Center X="760" Y="543" />
      <ZVector Re="536" Im="-6.39173605505709E-06" />
      <PreviewZFactor Re="1.19248806997334E-08" Im="1" />
      <BasicOutline BasicOutlineType="BroadFull" IntPetals="6" Frequency="3" UsedFrequency="3" Phase="0" AngleOffset="0" Enabled="True" AmplitudeFactor="0.3333" AddDenom="0.142857142857143" Pointiness="6.99999999999999" />
      <BasicOutline BasicOutlineType="Pointed5" IntPetals="6" Frequency="3" UsedFrequency="3" Phase="90.0000000000002" AngleOffset="1.5707963267949" Enabled="True" AmplitudeFactor="0.0833" AddDenom="0.166666666666667" Pointiness="5.99999999999999" />
      <BasicOutline BasicOutlineType="NewEllipse" IntPetals="2" Frequency="1" UsedFrequency="1" Phase="0" AngleOffset="0" Enabled="True" AmplitudeFactor="1" AddDenom="10000" Pointiness="0.0001" />
      <PatternTransform TransformName="Flare" SequenceNumber="0" Enabled="False">
        <TransformSettings IsValid="True" IsCSharpFormula="True" FormulaName="Flare">
          <Formula>using System;
using System.Linq;
using Whorl;
using ParserEngine;
using System.Windows.Forms;
namespace WhorlEval
{
    public class WhorlEvalClass
    {
        public class EvalParameters
        {		
            @# LocalModulus label="Radius" = 0.5;
            @# LocalStrength;
            @# LocalWaves = 1;
            @# LocalPower = 1;
            @# LocalDamping = 1;
            //[ParameterInfo(MinValue = 1)]
            @# LocalPetals: int min=1 max = 32 = 4;
            @# LocalPhase;
            @# fnLocal Function = Ident;

            @# petals: int = 4;
            @# strength = 5;
            @# damping = 0.2;
            @# power = 1;
            @# phase;
        }		
        private double LocalDistance(PolarPoint pp)
        {
              return Enumerable.Range(0, @LocalPetals)
                        .Select(i =&gt; @fnLocal(@LocalWaves * Math.Pow(pp.Distance(localCenters[i]), @LocalPower))).Sum();
        }

        private PolarPoint[] localCenters {get; set;}


        [ParmsProperty]
        public EvalParameters Parms { get; } = new EvalParameters();
        public Whorl.PatternTransform.FormulaInfo Info { get; set; }
        public Boolean IsFirstCall { get; set; }
        public Double angle { get; set; }
        public Double amplitude { get; set; }
        public PolarPoint PreviousPoint { get; set; }
        private Double phase { get; set; }
        private Double strength { get; set; }
        private Double freq { get; set; }

        public void Initialize()
        {
            double phs = Math.PI * @LocalPhase / 180;
            localCenters = Enumerable.Range(0, @LocalPetals)
                    .Select(i =&gt; new PolarPoint(2.0 * Math.PI * i / @LocalPetals + phs, @LocalModulus)).ToArray();

            phase = Math.PI * @phase / 180;
            strength = 0.015 * @strength;
            freq = 2 * @petals;
        }

        public void Eval()
        {
		/*
            PolarPoint pp = Info.GetScaledPolar();
            Double angle = @petals * pp.Angle + phase;
            pp.Angle = angle;
            PolarPoint pp2 = new PolarPoint(angle, pp.Modulus);
            double factor = @fnOutline(angle, addDenom);
            if (@InvertOutline)
                 factor = 1.0 - factor;
            double amplitude = @fnOutlineOp(pp.Modulus, factor);
            angle = angle + angleScale * @fnOp(@angleWeight * @fnAngle2(@fnInner1(@flarePetals * angle)), damping + @outerScale * @fnAmplitude(@fnInner2(ampScale * CMath.Pow(amplitude, @ampPower))));
            pp2 = new PolarPoint(angle, amplitude);
            Info.Position = (float)(@colorScale * @fnColor(@scale * amplitude + strength * @fnAngle(@distanceScale * CMath.Pow(pp.Distance(pp2), @anglePower)) + 
@LocalStrength * LocalDistance(pp)));
		*/

            var pp = new PolarPoint(Info.angle, Info.amplitude);
            double amp = Info.amplitude;
            Info.angle = Info.angle + strength * Math.Sin(freq * Info.angle + phase)  
                               * (@LocalDamping + @LocalStrength * LocalDistance(pp)) / @LocalDamping
                               / (@damping + CMath.Pow(amp, @power));

        }
    }
}
</Formula>
          <LegacyFormula>parameters {
    @petals integer  min = 1 default = 4;
    @strength default = 5 min = -50 max = 50;
    @damping min = 0.01 default = 0.2;
    @power integer min = 1 default = 1;
    @phase default = 0;
    }
paramVar phase = pi * @phase / 180;
paramVar strength = 0.015 * @strength;
paramVar freq = 2 * @petals;
angle = angle + strength * sin(freq * angle + phase) / (@damping + amplitude  ^ @power);</LegacyFormula>
          <Parameters>
            <Parameter Name="LocalModulus" TypeName="Double" Value="0.7" />
            <Parameter Name="LocalStrength" TypeName="Double" Value="7" />
            <Parameter Name="LocalWaves" TypeName="Double" Value="7" />
            <Parameter Name="LocalPower" TypeName="Double" Value="-0.5" />
            <Parameter Name="LocalDamping" TypeName="Double" Value="1" />
            <Parameter Name="LocalPetals" TypeName="Int32" Value="4" />
            <Parameter Name="LocalPhase" TypeName="Double" Value="0" />
            <Parameter Name="fnLocal" TypeName="Func1Parameter`1" Value="Tanh" />
            <Parameter Name="petals" TypeName="Int32" Value="4" />
            <Parameter Name="strength" TypeName="Double" Value="1.2" />
            <Parameter Name="damping" TypeName="Double" Value="1" />
            <Parameter Name="power" TypeName="Double" Value="1" />
            <Parameter Name="phase" TypeName="Double" Value="0" />
          </Parameters>
        </TransformSettings>
      </PatternTransform>
      <PixelRendering Enabled="True" PatternLayerIndex="0" FormulaEnabled="True" ZoomFactor="1" UseDistanceOutline="False" SmoothedDraft="True">
        <PanXY X="0" Y="0" />
        <ColorNodes>
          <ColorNode Color="-6579201" Position="0.1235955" />
          <ColorNode Color="-6061570" Position="0.3595506" />
          <ColorNode Color="-3800994" Position="0.380618" />
          <ColorNode Color="-38190" Position="0.4101124" />
          <ColorNode Color="-662510" Position="0.5222602" />
          <ColorNode Color="-13940" Position="0.5589887" />
          <ColorNode Color="-16777088" Position="0.5870786" />
          <ColorNode Color="-16726409" Position="0.6980337" />
          <ColorNode Color="-8092417" Position="0.8019663" />
          <ColorNode Color="-16761426" Position="0.8581461" />
        </ColorNodes>
        <FormulaSettings IsValid="True" IsCSharpFormula="True" FormulaName="NestedFunctions.cs">
          <Formula>using System;
using Whorl;
using ParserEngine;
using System.Windows.Forms;
using System.Linq;
namespace WhorlEval
{
    public class WhorlEvalClass
    {
        public enum ColorOffsetModes
        {
            Outer,
            Mid,
            Inner
        }
        public class EvalParameters
        {
            @# fnColor Function = Ident;
            @# colorScale = 1;
            @# colorOffset;
            @# colorMode enum ColorOffsetModes = Outer;
            @# rotation;
            @# fnPosition Function = Ident;
            @# fnOutline Function Params = 2 From OutlineMethods = Sine;
            @# fnOutlineOp Function Params = 2 = Product;
            @# fnOp Function Params = 2 = Sum;
            @# InvertOutline: bool;
            @# AngleN: int ArrayLength;
            @# fnAngle[AngleN] Function = Ident;
            @# fnCAngle[AngleN] = 1.0;
            @# AmpN: int ArrayLength;
            @# fnAmp[AmpN] Function = Ident;
            @# fnC[AmpN] = 1.0;
            @# petals: int = 4;
            @# flarePetals: int = 1;
            @# angleScale;
            @# angleWeight = 1;
            @# phase;
            @# Pointiness = 3;
            @# ampPower = 1;
            @# distancePower = 1;
            @# damping = 2;
            @# waves = 1;
            @# strength = 5;
            @# distanceScale = 1;
        }

        [ParmsProperty]
        public EvalParameters Parms { get; } = new EvalParameters();
        public Whorl.PixelRenderInfo Info { get; set; }

        private const Double invPi = 1 / Math.PI;
        private Double angleScale { get; set; }
        private Double rotation { get; set; }
        private Double phase { get; set; }
        private Double ampScale { get; set; }
        private Double damping { get; set; }
        private Double strength { get; set; }
        private Double addDenom { get; set; }

        public void Initialize()
        {
            angleScale = 0.1 * @angleScale;
            phase = Math.PI * @phase / 180;
            rotation = Tools.DegreesToRadians(@rotation);
            ampScale = 2 * Math.PI * @waves;
            damping = 0.1 * @damping;
            strength = 0.1 * @strength;
            addDenom = 1 / @Pointiness;
        }

        private double ColorPosition(double v)
        {
            double pos;
            switch (@colorMode)
            {
                case ColorOffsetModes.Outer:
                default:
                   pos = @colorScale * @fnColor(v) + @colorOffset;
                   break;
                case ColorOffsetModes.Mid:
                   pos = @colorScale * (@fnColor(v) + @colorOffset);
                   break;
                case ColorOffsetModes.Inner:
                   pos = @colorScale * @fnColor(v + @colorOffset);
                   break;
            }
            return pos;
        }

        public double NestedAngleFunctions(double v)
        {
	for (int i = 0; i &lt; @AngleN; i++)
	    v = @fnAngle[i](@fnCAngle[i] * v);
	return v;
        }
        
        public double NestedFunctions(double v)
        {
	for (int i = 0; i &lt; @AmpN; i++)
	    v = @fnAmp[i](@fnC[i] * v);
	return v;
        }
		
        public void Eval()
        {
            PolarPoint pp0 = Info.GetScaledPolar();
            pp0.Angle += rotation;
            Double angle = @petals * pp0.Angle + phase;
            var pp = new PolarPoint(angle, pp0.Modulus);
            double factor = @fnOutline(angle, addDenom);
            if (@InvertOutline)
                 factor = 1.0 - factor;
            double amplitude = @fnOutlineOp(pp.Modulus, factor);
            angle = angle + angleScale * @fnOp(@angleWeight * NestedAngleFunctions(angle), damping + ampScale * CMath.Pow(amplitude, @ampPower));
            var pp2 = new PolarPoint(angle, amplitude);
            double position = NestedFunctions(amplitude) + strength * @fnPosition(@distanceScale * 
CMath.Pow(pp.Distance(pp2), @distancePower));
            Info.Position = (float)(ColorPosition(position));
        }
    }
}
</Formula>
          <LegacyFormula>parameters  {
     @fnColor varFunction default = ident;
     @fnAngle varFunction default = ident;
     @fnAngle2 varFunction default = ident;
     @fnAmplitude varFunction default = ident;
     @fnInner1 varFunction default = sin;
     @fnInner2 varFunction default = sin;
     @fnInnerAmp varFunction default = ident;
     @fnOp varFunction parameters = 2 default = Quotient;
     @fnOutline varFunction parameters = 2 domain = OutlineMethods;
     @fnOutlineOp varFunction parameters = 2 default = Product;
     @Pointiness default = 3;
     @OutlineWeight default = 1;
     @UseOutline boolean;
     @InvertOutline boolean;
     @C0 default = 0;
     @C1 default = 1;
     @C2 default = 0;
     @C3 default = 0;
     @Power0 default = 0;
     @Power1 default = 1;
     @Power2 default = 2;
     @Power3 default = 3;
     @fn0 varFunction default = ident;
     @fn1 varFunction default = ident;
     @fn2 varFunction default = ident;
     @fn3 varFunction default = ident;
     @scale default = 1;
     @outerScale default = 1;
     @colorScale default = 1;
     @colorPower default = 1;
     @petals integer default = 4 min = 1;
     @flarePetals integer default = 4 min = 1;
     @angleScale default = 0;
     @angleWeight default = 1;
     @phase default = 0;
     @ampPower default = 2;
     @anglePower default = 1;
     @damping default = 2;
     @waves default = 1;
     @strength default = 5;
     @distanceScale default = 1;
}
const invPi = 1 / pi;
paramVar angleScale = 0.1 * @angleScale;
paramVar phase = pi * @phase / 180;
paramVar ampScale = 2 * pi * @waves;
paramVar damping = 0.1 * @damping;
paramVar strength = 0.1 * @strength;
paramVar addDenom = 1 / @Pointiness;

PolarPoint var pp = Info.GetScaledPolar();
var angle = @petals * pp.Angle + phase;
var amplitude = pp.Modulus;
if (@UseOutline)  {
    var otlAmp = @fnOutline(angle, addDenom);
    if (@InvertOutline)
          otlAmp = 1 - otlAmp;
    amplitude = @fnOutlineOp(amplitude, @OutlineWeight * otlAmp);
}
amplitude = @fn0(@C0 * amplitude ^ @Power0) + 
                   @fn1(@C1 * amplitude ^ @Power1) + 
                   @fn2(@C2 * amplitude ^ @Power2) + 
                   @fn3(@C3 * amplitude ^ @Power3);
pp.Angle = angle;
angle = angle + angleScale * @fnOp(@angleWeight * @fnAngle2(@fnInner1(@flarePetals * angle)),
damping + @outerScale * @fnAmplitude(@fnInner2(ampScale * @fnInnerAmp(amplitude) ^ @ampPower)));
PolarPoint var pp2 = new PolarPoint(angle, amplitude);
position = (float)(@colorScale * @fnColor(@scale * amplitude
   + strength * @fnAngle(@distanceScale * pp.Distance(pp2) ^ @anglePower)) ^ @ColorPower);</LegacyFormula>
          <Parameters>
            <Parameter Name="fnColor" TypeName="Func1Parameter`1" Value="XtoInvX" />
            <Parameter Name="colorScale" TypeName="Double" Value="1.9" />
            <Parameter Name="colorOffset" TypeName="Double" Value="0.55" />
            <Parameter Name="colorMode" TypeName="EnumValuesParameter`1" Value="Outer" />
            <Parameter Name="rotation" TypeName="Double" Value="7.5" />
            <Parameter Name="fnPosition" TypeName="Func1Parameter`1" Value="Tanh" />
            <Parameter Name="fnOutline" TypeName="Func2Parameter`1" Value="Pointed4" />
            <Parameter Name="fnOutlineOp" TypeName="Func2Parameter`1" Value="Pow" />
            <Parameter Name="fnOp" TypeName="Func2Parameter`1" Value="Product" />
            <Parameter Name="InvertOutline" TypeName="Boolean" Value="True" />
            <Parameter Name="AngleN" TypeName="Int32" Value="3" />
            <Parameter Name="fnAngle" TypeName="Func1Parameter`1[]" Value="ClippedSine" Index="0" />
            <Parameter Name="fnAngle" TypeName="Func1Parameter`1[]" Value="Exp" Index="1" />
            <Parameter Name="fnAngle" TypeName="Func1Parameter`1[]" Value="Exp" Index="2" />
            <Parameter Name="fnCAngle" TypeName="Double[]" Value="1" Index="0" />
            <Parameter Name="fnCAngle" TypeName="Double[]" Value="0.3" Index="1" />
            <Parameter Name="fnCAngle" TypeName="Double[]" Value="1.2" Index="2" />
            <Parameter Name="AmpN" TypeName="Int32" Value="3" />
            <Parameter Name="fnAmp" TypeName="Func1Parameter`1[]" Value="Square" Index="0" />
            <Parameter Name="fnAmp" TypeName="Func1Parameter`1[]" Value="Exp" Index="1" />
            <Parameter Name="fnAmp" TypeName="Func1Parameter`1[]" Value="Acos" Index="2" />
            <Parameter Name="fnC" TypeName="Double[]" Value="1" Index="0" />
            <Parameter Name="fnC" TypeName="Double[]" Value="1.5" Index="1" />
            <Parameter Name="fnC" TypeName="Double[]" Value="0.58" Index="2" />
            <Parameter Name="petals" TypeName="Int32" Value="3" />
            <Parameter Name="flarePetals" TypeName="Int32" Value="1" />
            <Parameter Name="angleScale" TypeName="Double" Value="6" />
            <Parameter Name="angleWeight" TypeName="Double" Value="3" />
            <Parameter Name="phase" TypeName="Double" Value="-22.5" />
            <Parameter Name="Pointiness" TypeName="Double" Value="2" />
            <Parameter Name="ampPower" TypeName="Double" Value="1" />
            <Parameter Name="distancePower" TypeName="Double" Value="1" />
            <Parameter Name="damping" TypeName="Double" Value="0" />
            <Parameter Name="waves" TypeName="Double" Value="1" />
            <Parameter Name="strength" TypeName="Double" Value="4" />
            <Parameter Name="distanceScale" TypeName="Double" Value="1" />
          </Parameters>
        </FormulaSettings>
      </PixelRendering>
    </Pattern>
  </DefaultPatternGroup>
  <DesignPatterns>
    <Pattern RotationSteps="5000" MergeOperation="Sum" DrawCurve="False" RenderMode="Paint" StainBlendType="Add" StainWidth="10" SharedPatternID="1699" ZoomFactor="1" LoopFactor="0" ShrinkPattern="False" ShrinkPatternLayers="False" ShrinkClipCenterFactor="0" ShrinkPadding="2" ShrinkClipFactor="4" IsBackgroundPattern="True" AllowRandom="True" InfluenceScaleFactor="1" UseLinearGradient="False" GradientPadding="15" GradientRotation="0" RandomSeed="108617008" XmlPatternID="1569">
      <PathFillInfo ColorMode="Radial">
        <BoundaryColor Color="-16777088" />
        <CenterColor Color="-32768" />
        <ColorInfo TranslucentWaves="False" TranslucentCycles="10" TranslucentStrength="1" RandomWaves="False" RandomWavesSeed="1827112453" Colors="-16777088,-48480,-19345,-8355585,-32513,-1" Positions="0,0.06179775,0.2485955,0.508427,0.8581461,1" />
      </PathFillInfo>
      <PatternLayerList />
      <Center X="543" Y="543" />
      <ZVector Re="508" Im="-508" />
      <PreviewZFactor Re="1" Im="-2.44921270764475E-16" />
      <BasicOutline BasicOutlineType="BroadFull" IntPetals="4" Frequency="2" UsedFrequency="2" Phase="90.0000000000002" AngleOffset="1.5707963267949" Enabled="True" AmplitudeFactor="0.75" AddDenom="0.0666666666666667" Pointiness="15" />
      <BasicOutline BasicOutlineType="Pointed4" IntPetals="4" Frequency="2" UsedFrequency="2" Phase="0" AngleOffset="0" Enabled="True" AmplitudeFactor="1" AddDenom="0.333333333333333" Pointiness="3" />
      <PatternTransform TransformName="Flare" SequenceNumber="0" Enabled="True">
        <TransformSettings IsValid="True" IsCSharpFormula="True" FormulaName="Flare">
          <Formula>using System;
using System.Linq;
using Whorl;
using ParserEngine;
using System.Windows.Forms;
namespace WhorlEval
{
    public class WhorlEvalClass
    {
        public class EvalParameters
        {		
            @# LocalModulus label="Radius" = 0.5;
            @# LocalStrength;
            @# LocalWaves = 1;
            @# LocalPower = 1;
            @# LocalDamping = 1;
            //[ParameterInfo(MinValue = 1)]
            @# LocalPetals: int min=1 max = 32 = 4;
            @# LocalPhase;
            @# fnLocal Function = Ident;

            @# petals: int = 4;
            @# strength = 5;
            @# damping = 0.2;
            @# power = 1;
            @# phase;
        }		
        private double LocalDistance(PolarPoint pp)
        {
              return Enumerable.Range(0, @LocalPetals)
                        .Select(i =&gt; @fnLocal(@LocalWaves * Math.Pow(pp.Distance(localCenters[i]), @LocalPower))).Sum();
        }

        private PolarPoint[] localCenters {get; set;}


        [ParmsProperty]
        public EvalParameters Parms { get; } = new EvalParameters();
        public Whorl.PatternTransform.FormulaInfo Info { get; set; }
        public Boolean IsFirstCall { get; set; }
        public Double angle { get; set; }
        public Double amplitude { get; set; }
        public PolarPoint PreviousPoint { get; set; }
        private Double phase { get; set; }
        private Double strength { get; set; }
        private Double freq { get; set; }

        public void Initialize()
        {
            double phs = Math.PI * @LocalPhase / 180;
            localCenters = Enumerable.Range(0, @LocalPetals)
                    .Select(i =&gt; new PolarPoint(2.0 * Math.PI * i / @LocalPetals + phs, @LocalModulus)).ToArray();

            phase = Math.PI * @phase / 180;
            strength = 0.015 * @strength;
            freq = 2 * @petals;
        }

        public void Eval()
        {
		/*
            PolarPoint pp = Info.GetScaledPolar();
            Double angle = @petals * pp.Angle + phase;
            pp.Angle = angle;
            PolarPoint pp2 = new PolarPoint(angle, pp.Modulus);
            double factor = @fnOutline(angle, addDenom);
            if (@InvertOutline)
                 factor = 1.0 - factor;
            double amplitude = @fnOutlineOp(pp.Modulus, factor);
            angle = angle + angleScale * @fnOp(@angleWeight * @fnAngle2(@fnInner1(@flarePetals * angle)), damping + @outerScale * @fnAmplitude(@fnInner2(ampScale * CMath.Pow(amplitude, @ampPower))));
            pp2 = new PolarPoint(angle, amplitude);
            Info.Position = (float)(@colorScale * @fnColor(@scale * amplitude + strength * @fnAngle(@distanceScale * CMath.Pow(pp.Distance(pp2), @anglePower)) + 
@LocalStrength * LocalDistance(pp)));
		*/

            var pp = new PolarPoint(Info.angle, Info.amplitude);
            double amp = Info.amplitude;
            Info.angle = Info.angle + strength * Math.Sin(freq * Info.angle + phase)  
                               * (@LocalDamping + @LocalStrength * LocalDistance(pp)) / @LocalDamping
                               / (@damping + CMath.Pow(amp, @power));

        }
    }
}
</Formula>
          <LegacyFormula>parameters {
    @petals integer  min = 1 default = 4;
    @strength default = 5 min = -50 max = 50;
    @damping min = 0.01 default = 0.2;
    @power integer min = 1 default = 1;
    @phase default = 0;
    }
paramVar phase = pi * @phase / 180;
paramVar strength = 0.015 * @strength;
paramVar freq = 2 * @petals;
angle = angle + strength * sin(freq * angle + phase) / (@damping + amplitude  ^ @power);</LegacyFormula>
          <Parameters>
            <Parameter Name="LocalModulus" TypeName="Double" Value="1.1" />
            <Parameter Name="LocalStrength" TypeName="Double" Value="12" />
            <Parameter Name="LocalWaves" TypeName="Double" Value="1" />
            <Parameter Name="LocalPower" TypeName="Double" Value="2.5" />
            <Parameter Name="LocalDamping" TypeName="Double" Value="1" />
            <Parameter Name="LocalPetals" TypeName="Int32" Value="8" />
            <Parameter Name="LocalPhase" TypeName="Double" Value="0" />
            <Parameter Name="fnLocal" TypeName="Func1Parameter`1" Value="Cos" />
            <Parameter Name="petals" TypeName="Int32" Value="4" />
            <Parameter Name="strength" TypeName="Double" Value="2.5" />
            <Parameter Name="damping" TypeName="Double" Value="1.5" />
            <Parameter Name="power" TypeName="Double" Value="8" />
            <Parameter Name="phase" TypeName="Double" Value="0" />
          </Parameters>
        </TransformSettings>
      </PatternTransform>
      <PixelRendering Enabled="True" PatternLayerIndex="0" FormulaEnabled="True" ZoomFactor="1" UseDistanceOutline="False" SmoothedDraft="True">
        <PanXY X="0" Y="0" />
        <ColorNodes>
          <ColorNode Color="-8348417" Position="0.2401685" />
          <ColorNode Color="-13028910" Position="0.2893258" />
          <ColorNode Color="-16777088" Position="0.4859551" />
          <ColorNode Color="-2631721" Position="0.5168539" />
          <ColorNode Color="-2181127" Position="0.5449438" />
          <ColorNode Color="-12238436" Position="0.5716292" />
          <ColorNode Color="-3238913" Position="0.613764" />
          <ColorNode Color="-13157995" Position="0.7054794" />
          <ColorNode Color="-7888911" Position="0.7328767" />
          <ColorNode Color="-9079297" Position="0.7739726" />
        </ColorNodes>
        <FormulaSettings IsValid="True" IsCSharpFormula="True" FormulaName="ColorDistance.cs">
          <Formula>using System;
using Whorl;
using ParserEngine;
using System.Windows.Forms;
using System.Linq;
namespace WhorlEval
{
    public class WhorlEvalClass
    {
        public enum ColorOffsetModes
        {
            Outer,
            Mid,
            Inner
        }
        
        public class EvalParameters
        {
            @# ComputeDistance: bool = true;
            @# DistanceOnly: bool;
            @# DistanceFactor label = "Distance %" = 10.0;
            @# fnDistance Function = Ident;
            @# fnDistanceOp Function Params = 2 = Sum;
            @# DistanceOffset;
            @# PathPower = 1.0;
            @# PathMode enum ColorOffsetModes = Outer;
            @# DistanceCount: int = 5;
            
            @# Rotation;
            @# fnColor Function = Ident;
            @# colorScale = 1;
            @# colorSlope;
            @# colorOffset;
            @# colorMode enum ColorOffsetModes = Outer;
    
            @# TangentRotation = 90;
            @# VectorWeight = 100;
            @# VectorFactor;
            @# OuterVecFac;
            @# fnVector Function = Ident;
            @# VectorMode enum ColorOffsetModes = Mid;
            @# VectorOp Function Params = 2 = Sum;
            @# fnPosition Function = Ident;
            @# fnOutline Function Params = 2 From OutlineMethods = Sine;
            @# fnOutlineOp Function Params = 2 = Product;
            @# fnOp Function Params = 2 = Sum;
            @# InvertOutline: bool;
            @# AngleN: int ArrayLength;
            @# fnAngle[AngleN] Function = Ident;
            @# fnCAngle[AngleN] = 1.0;
            @# powerAngle[AngleN] = 1.0;
            @# AmpN: int ArrayLength;
            @# fnAmp[AmpN] Function = Ident;
            @# fnC[AmpN] = 1.0;
            @# powerAmp[AmpN] = 1.0;
            @# petals: int = 4;
            @# flarePetals: int = 1;
            @# angleScale;
            @# angleWeight = 1;
            @# phase;
            @# Pointiness = 3;
            @# ampPower = 1;
            @# distancePower = 1;
            @# damping = 2;
            @# waves = 1;
            @# strength = 5;
            @# distanceScale = 1;
        }
        [ParmsProperty]
        public EvalParameters Parms { get; } = new EvalParameters();
        public Whorl.PixelRenderInfo Info { get; set; }
        private Double angleScale { get; set; }
        private Double phase { get; set; }
        private Double ampScale { get; set; }
        private Double damping { get; set; }
        private Double strength { get; set; }
        private Double addDenom { get; set; }
        private Complex rotationVec {get; set;}
        private double distanceFactor {get; set;}

        public void Initialize()
        {            
            Info.Normalize = true;
            Info.NormalizeAngle = true;
            Info.Rotation = Tools.DegreesToRadians(@Rotation);
            Info.ComputeDistance = @ComputeDistance;
            Info.DistanceCount = @DistanceCount;
            distanceFactor = 0.01 * @DistanceFactor;
            rotationVec = Complex.CreateFromModulusAndArgument(1.0, Tools.DegreesToRadians(@TangentRotation));
            angleScale = 0.1 * @angleScale;
            phase = Math.PI * @phase / 180;
            ampScale = 2 * Math.PI * @waves;
            damping = 0.1 * @damping;
            strength = 0.1 * @strength;
            addDenom = 1 / @Pointiness;
        }

        private double ColorPosition(double v, double modulus)
        {
            double pos;
            double scale = @colorScale + @colorSlope * modulus;
            switch (@colorMode)
            {
                case ColorOffsetModes.Outer:
                default:
                   pos = scale * @fnColor(v) + @colorOffset;
                   break;
                case ColorOffsetModes.Mid:
                   pos = scale * (@fnColor(v) + @colorOffset);
                   break;
                case ColorOffsetModes.Inner:
                   pos = scale * @fnColor(v + @colorOffset);
                   break;
            }
            return pos;
        }

        private double NestedAngleFunctions(double v)
        {
            for (int i = 0; i &lt; @AngleN; i++)
                v = CMath.Pow(@fnAngle[i](@fnCAngle[i] * v), @powerAngle[i]);
            return v;
        }
        
        private double NestedFunctions(double v)
        {
            for (int i = 0; i &lt; @AmpN; i++)
                v = CMath.Pow(@fnAmp[i](@fnC[i] * v), @powerAmp[i]);
            return v;
        }

        private double PathDistance()
        {
            switch (@PathMode)
            {
                case ColorOffsetModes.Outer:
                default:
                    return distanceFactor * CMath.Pow(@fnDistance(Info.DistanceToPath + @DistanceOffset), @PathPower);
                case ColorOffsetModes.Mid:
                    return @fnDistance(distanceFactor * CMath.Pow(Info.DistanceToPath + @DistanceOffset, @PathPower));
                case ColorOffsetModes.Inner:
                    return @fnDistance(CMath.Pow(distanceFactor * Info.DistanceToPath + @DistanceOffset, @PathPower));
            }
        }
        
        public void Eval()
        {            
            const double deltaAngle = 0.001;
            PolarPoint pp0 = Info.GetPolar();
            if (@DistanceOnly)
            {
                Info.Position = (float)ColorPosition(PathDistance(), pp0.Modulus);
                return;
            }
            double angle = @petals * pp0.Angle + phase;
            var pp = new PolarPoint(angle, pp0.Modulus);
            double factor = @fnOutline(angle, addDenom);
            if (@InvertOutline)
                 factor = 1.0 - factor;
            DoublePoint dpOtl = new PolarPoint(angle, factor).ToRectangular();
            double fac2 = @fnOutline(angle + deltaAngle, addDenom);
            if (@InvertOutline)
                 fac2 = 1.0 - fac2;
            DoublePoint dpOtl2 = new PolarPoint(angle + deltaAngle, fac2).ToRectangular();
            Complex tanVec = new Complex(dpOtl2.X - dpOtl.X, dpOtl2.Y - dpOtl.Y);
            tanVec *= rotationVec * @VectorWeight;
            DoublePoint dpOffset = new DoublePoint(dpOtl.X + tanVec.Re, dpOtl.Y + tanVec.Im);
            double adjustment = @OuterVecFac * @fnVector(@VectorFactor * dpOffset.Distance(pp.ToRectangular()));
            if (@VectorMode == ColorOffsetModes.Inner)
                factor = @VectorOp(factor, adjustment);
            double amplitude = @fnOutlineOp(pp.Modulus, factor);
            if (@VectorMode == ColorOffsetModes.Mid)
                amplitude = @VectorOp(amplitude, adjustment);
            angle = angle + angleScale * @fnOp(@angleWeight * NestedAngleFunctions(angle), damping + ampScale * CMath.Pow(amplitude, @ampPower));
            var pp2 = new PolarPoint(angle, amplitude);
            double position = NestedFunctions(amplitude) + strength * @fnPosition(@distanceScale * CMath.Pow(pp.Distance(pp2), @distancePower));
            if (@VectorMode == ColorOffsetModes.Outer)
                position = @VectorOp(position, adjustment);
            if (@ComputeDistance)
                position = @fnDistanceOp(position, PathDistance());
            Info.Position = (float)(ColorPosition(position, pp0.Modulus));
        }
    }
}
</Formula>
          <LegacyFormula>parameters  {
     @fnColor varFunction default = ident;
     @fnAngle varFunction default = ident;
     @fnAngle2 varFunction default = ident;
     @fnAmplitude varFunction default = ident;
     @fnInner1 varFunction default = sin;
     @fnInner2 varFunction default = sin;
     @fnInnerAmp varFunction default = ident;
     @fnOp varFunction parameters = 2 default = Quotient;
     @fnOutline varFunction parameters = 2 domain = OutlineMethods;
     @fnOutlineOp varFunction parameters = 2 default = Product;
     @Pointiness default = 3;
     @OutlineWeight default = 1;
     @UseOutline boolean;
     @InvertOutline boolean;
     @C0 default = 0;
     @C1 default = 1;
     @C2 default = 0;
     @C3 default = 0;
     @Power0 default = 0;
     @Power1 default = 1;
     @Power2 default = 2;
     @Power3 default = 3;
     @fn0 varFunction default = ident;
     @fn1 varFunction default = ident;
     @fn2 varFunction default = ident;
     @fn3 varFunction default = ident;
     @scale default = 1;
     @outerScale default = 1;
     @colorScale default = 1;
     @colorPower default = 1;
     @petals integer default = 4 min = 1;
     @flarePetals integer default = 4 min = 1;
     @angleScale default = 0;
     @angleWeight default = 1;
     @phase default = 0;
     @ampPower default = 2;
     @anglePower default = 1;
     @damping default = 2;
     @waves default = 1;
     @strength default = 5;
     @distanceScale default = 1;
}
const invPi = 1 / pi;
paramVar angleScale = 0.1 * @angleScale;
paramVar phase = pi * @phase / 180;
paramVar ampScale = 2 * pi * @waves;
paramVar damping = 0.1 * @damping;
paramVar strength = 0.1 * @strength;
paramVar addDenom = 1 / @Pointiness;

PolarPoint var pp = Info.GetScaledPolar();
var angle = @petals * pp.Angle + phase;
var amplitude = pp.Modulus;
if (@UseOutline)  {
    var otlAmp = @fnOutline(angle, addDenom);
    if (@InvertOutline)
          otlAmp = 1 - otlAmp;
    amplitude = @fnOutlineOp(amplitude, @OutlineWeight * otlAmp);
}
amplitude = @fn0(@C0 * amplitude ^ @Power0) + 
                   @fn1(@C1 * amplitude ^ @Power1) + 
                   @fn2(@C2 * amplitude ^ @Power2) + 
                   @fn3(@C3 * amplitude ^ @Power3);
pp.Angle = angle;
angle = angle + angleScale * @fnOp(@angleWeight * @fnAngle2(@fnInner1(@flarePetals * angle)),
damping + @outerScale * @fnAmplitude(@fnInner2(ampScale * @fnInnerAmp(amplitude) ^ @ampPower)));
PolarPoint var pp2 = new PolarPoint(angle, amplitude);
position = (float)(@colorScale * @fnColor(@scale * amplitude
   + strength * @fnAngle(@distanceScale * pp.Distance(pp2) ^ @anglePower)) ^ @ColorPower);</LegacyFormula>
          <Parameters>
            <Parameter Name="ComputeDistance" TypeName="Boolean" Value="True" />
            <Parameter Name="DistanceOnly" TypeName="Boolean" Value="False" />
            <Parameter Name="DistanceFactor" TypeName="Double" Value="370" />
            <Parameter Name="fnDistance" TypeName="Func1Parameter`1" Value="Tan" />
            <Parameter Name="fnDistanceOp" TypeName="Func2Parameter`1" Value="Sum" />
            <Parameter Name="DistanceOffset" TypeName="Double" Value="0.3" />
            <Parameter Name="PathPower" TypeName="Double" Value="0.25" />
            <Parameter Name="PathMode" TypeName="EnumValuesParameter`1" Value="Outer" />
            <Parameter Name="DistanceCount" TypeName="Int32" Value="5" />
            <Parameter Name="Rotation" TypeName="Double" Value="0" />
            <Parameter Name="fnColor" TypeName="Func1Parameter`1" Value="Cosh" />
            <Parameter Name="colorScale" TypeName="Double" Value="2" />
            <Parameter Name="colorSlope" TypeName="Double" Value="0.1" />
            <Parameter Name="colorOffset" TypeName="Double" Value="0" />
            <Parameter Name="colorMode" TypeName="EnumValuesParameter`1" Value="Outer" />
            <Parameter Name="TangentRotation" TypeName="Double" Value="-90" />
            <Parameter Name="VectorWeight" TypeName="Double" Value="10" />
            <Parameter Name="VectorFactor" TypeName="Double" Value="1" />
            <Parameter Name="OuterVecFac" TypeName="Double" Value="9" />
            <Parameter Name="fnVector" TypeName="Func1Parameter`1" Value="Cosh" />
            <Parameter Name="VectorMode" TypeName="EnumValuesParameter`1" Value="Mid" />
            <Parameter Name="VectorOp" TypeName="Func2Parameter`1" Value="Pow" />
            <Parameter Name="fnPosition" TypeName="Func1Parameter`1" Value="Log10" />
            <Parameter Name="fnOutline" TypeName="Func2Parameter`1" Value="BroadFull" />
            <Parameter Name="fnOutlineOp" TypeName="Func2Parameter`1" Value="Product" />
            <Parameter Name="fnOp" TypeName="Func2Parameter`1" Value="Product" />
            <Parameter Name="InvertOutline" TypeName="Boolean" Value="True" />
            <Parameter Name="AngleN" TypeName="Int32" Value="0" />
            <Parameter Name="AmpN" TypeName="Int32" Value="0" />
            <Parameter Name="petals" TypeName="Int32" Value="4" />
            <Parameter Name="flarePetals" TypeName="Int32" Value="1" />
            <Parameter Name="angleScale" TypeName="Double" Value="1" />
            <Parameter Name="angleWeight" TypeName="Double" Value="1" />
            <Parameter Name="phase" TypeName="Double" Value="90" />
            <Parameter Name="Pointiness" TypeName="Double" Value="3" />
            <Parameter Name="ampPower" TypeName="Double" Value="0.5" />
            <Parameter Name="distancePower" TypeName="Double" Value="1" />
            <Parameter Name="damping" TypeName="Double" Value="1" />
            <Parameter Name="waves" TypeName="Double" Value="1" />
            <Parameter Name="strength" TypeName="Double" Value="3" />
            <Parameter Name="distanceScale" TypeName="Double" Value="1" />
          </Parameters>
        </FormulaSettings>
      </PixelRendering>
    </Pattern>
  </DesignPatterns>
</Design>