<Design XmlVersion="1.1" PictureWidth="1521" PictureHeight="1086" BackgroundImageMode="Stretch" ScaleToFit="True">
  <PictureBoxSize Width="1525" Height="1090" />
  <BackgroundGradientColors>
    <BoundaryColor Color="-16777216" />
    <CenterColor Color="-16777216" />
  </BackgroundGradientColors>
  <DefaultPatternGroup PatternListName="Star Path">
    <PathPattern RotationSteps="5000" MergeOperation="Sum" DrawCurve="False" RenderMode="Paint" StainBlendType="Add" StainWidth="10" SharedPatternID="2098" ZoomFactor="1" LoopFactor="0" ShrinkPattern="False" ShrinkPatternLayers="False" ShrinkClipCenterFactor="0" ShrinkPadding="2" ShrinkClipFactor="4" IsBackgroundPattern="False" AllowRandom="True" UseLinearGradient="False" GradientPadding="15" GradientRotation="0" RandomSeed="108621186" XmlPatternID="1694">
      <PathFillInfo ColorMode="Normal">
        <BoundaryColor Color="-65536" />
        <CenterColor Color="-256" />
      </PathFillInfo>
      <PatternLayerList />
      <Center X="50" Y="50" />
      <ZVector Re="45" Im="-1.10214571844014E-14" />
      <PreviewZFactor Re="1" Im="-2.44921270764475E-16" />
      <InterpolatePoints Value="False" />
      <PathOutline RotationSpan="1" UseVertices="True" UserDefinedVertices="False" ClosedCurveVertices="False" NormalizedPathLength="0" FormulaIsValid="True" UsesCustomFormula="True" IntPetals="12" Frequency="6" UsedFrequency="6" Phase="0" AngleOffset="0" Enabled="True" AmplitudeFactor="1" Pointiness="2.5" BasicOutlineType="Path" AddDenom="0.4">
        <AmplitudeSettings IsValid="True" IsCSharpFormula="False">
          <Formula>amplitude = 1.5 + 1.5 * (2 * pi * rotationSpan - angle);</Formula>
        </AmplitudeSettings>
        <MaxAmplitudeSettings IsValid="True" IsCSharpFormula="False">
          <Formula>maxAmplitude = 2 * pi * rotationSpan;</Formula>
        </MaxAmplitudeSettings>
        <PathOutlineType Value="Polar" />
        <VerticesSettings IsValid="True" IsCSharpFormula="False" FormulaName="Star">
          <Formula>parameters {
    @midScalePercent default = 100 min = 0;
}
var aMid = pi / petals;
var aFull = 2 * aMid;
var len = 1 / addDenom;
var r1 = len, r2 = min(1, addDenom) * len, aRotate = 0, rMid;
var x1, y1, x2, y2;
var i = 0;
rMid = r1 * 0.01 * @midScalePercent;
while (aRotate &lt; 2 * pi - 0.001)
{
	PolarToRect(r1, aRotate, ref x1, ref y1);
	PolarToRect(r2, aMid + aRotate, ref x2, ref y2);
	AddVertex(x1, y1);
	AddVertex(x2, y2);
	aRotate = aRotate + aFull;
                i = i + 1;
                if (i % 2 == 0)
                    r1 = len;
                else
                    r1 = rMid;
}
AddVertex(r1, 0);</Formula>
          <Parameters>
            <Parameter Name="midScalePercent" TypeName="Parameter" Value="70" Guid="10826ed8-ad01-4c74-a324-205cf05381dd" />
          </Parameters>
        </VerticesSettings>
      </PathOutline>
      <BasicOutline UsesCustomFormula="False" BasicOutlineType="Ellipse" IntPetals="2" Frequency="1" UsedFrequency="1" Phase="0" AngleOffset="0" Enabled="True" AmplitudeFactor="0.2" AddDenom="10000" Pointiness="0.0001" />
    </PathPattern>
  </DefaultPatternGroup>
  <DesignPatterns>
    <Pattern RotationSteps="5000" MergeOperation="Sum" DrawCurve="False" RenderMode="Paint" StainBlendType="Add" StainWidth="10" SharedPatternID="1699" ZoomFactor="1" LoopFactor="0" ShrinkPattern="False" ShrinkPatternLayers="False" ShrinkClipCenterFactor="0" ShrinkPadding="2" ShrinkClipFactor="4" IsBackgroundPattern="True" AllowRandom="True" UseLinearGradient="False" GradientPadding="15" GradientRotation="0" RandomSeed="108617008" XmlPatternID="2038">
      <PathFillInfo ColorMode="Radial">
        <BoundaryColor Color="-16777088" />
        <CenterColor Color="-32768" />
        <ColorInfo TranslucentWaves="False" TranslucentCycles="10" TranslucentStrength="1" RandomWaves="False" RandomWavesSeed="1827112453" Colors="-16777088,-48480,-19345,-8355585,-32513,-1" Positions="0,0.06179775,0.2485955,0.508427,0.8581461,1" />
      </PathFillInfo>
      <PatternLayerList />
      <Center X="760" Y="543" />
      <ZVector Re="602.381603846261" Im="-7.18332876158072E-06" />
      <PreviewZFactor Re="1" Im="-2.44921270764475E-16" />
      <PathOutline RotationSpan="1" UseVertices="True" UserDefinedVertices="False" ClosedCurveVertices="False" NormalizedPathLength="0" FormulaIsValid="True" UsesCustomFormula="True" IntPetals="12" Frequency="6" UsedFrequency="6" Phase="0" AngleOffset="0" Enabled="True" AmplitudeFactor="1" Pointiness="2" BasicOutlineType="Path" AddDenom="0.5">
        <AmplitudeSettings IsValid="True" IsCSharpFormula="False">
          <Formula>amplitude = 1.5 + 1.5 * (2 * pi * rotationSpan - angle);</Formula>
        </AmplitudeSettings>
        <MaxAmplitudeSettings IsValid="True" IsCSharpFormula="False">
          <Formula>maxAmplitude = 2 * pi * rotationSpan;</Formula>
        </MaxAmplitudeSettings>
        <PathOutlineType Value="Polar" />
        <VerticesSettings IsValid="True" IsCSharpFormula="False" FormulaName="Star">
          <Formula>parameters {
    @midScalePercent default = 100 min = 0;
}
var aMid = pi / petals;
var aFull = 2 * aMid;
var len = 1 / addDenom;
var r1 = len, r2 = min(1, addDenom) * len, aRotate = 0, rMid;
var x1, y1, x2, y2;
var i = 0;
rMid = r1 * 0.01 * @midScalePercent;
while (aRotate &lt; 2 * pi - 0.001)
{
	PolarToRect(r1, aRotate, ref x1, ref y1);
	PolarToRect(r2, aMid + aRotate, ref x2, ref y2);
	AddVertex(x1, y1);
	AddVertex(x2, y2);
	aRotate = aRotate + aFull;
                i = i + 1;
                if (i % 2 == 0)
                    r1 = len;
                else
                    r1 = rMid;
}
AddVertex(r1, 0);</Formula>
          <Parameters>
            <Parameter Name="midScalePercent" TypeName="Parameter" Value="70" Guid="10826ed8-ad01-4c74-a324-205cf05381dd" />
          </Parameters>
        </VerticesSettings>
      </PathOutline>
      <PatternTransform TransformName="Flare" SequenceNumber="0" Enabled="True">
        <TransformSettings IsValid="True" IsCSharpFormula="False" FormulaName="Flare">
          <Formula>parameters {
    @petals integer  min = 1 default = 4;
    @strength default = 5 min = -50 max = 50;
    @damping min = 0.01 default = 0.2;
    @power integer min = 1 default = 1;
    @phase default = 0;
    }
paramVar phase = pi * @phase / 180;
paramVar strength = 0.015 * @strength;
paramVar freq = 2 * @petals;
angle = angle + strength * sin(freq * angle + phase) / (@damping + amplitude  ^ @power);</Formula>
          <Parameters>
            <Parameter Name="petals" TypeName="Parameter" Value="6" Guid="0ea93eda-c29c-47af-9b8e-8e1ec445806d" />
            <Parameter Name="strength" TypeName="Parameter" Value="20" Guid="29b38611-7346-43d3-91f1-a3d94d860892" />
            <Parameter Name="damping" TypeName="Parameter" Value="0.1" Guid="b3e0656d-4769-4fda-b52b-819e0ade54f8" />
            <Parameter Name="power" TypeName="Parameter" Value="1" Guid="219df4b9-516c-4ef0-9454-3a3d6e27ec14" />
            <Parameter Name="phase" TypeName="Parameter" Value="0" Guid="6c424621-131b-49db-927a-bedebb411d75" />
          </Parameters>
        </TransformSettings>
      </PatternTransform>
      <PixelRendering Enabled="True" PatternLayerIndex="0" FormulaEnabled="True" ZoomFactor="1">
        <PanXY X="0" Y="0" />
        <ColorNodes>
          <ColorNode Color="-9361" Position="0.01685393" />
          <ColorNode Color="-885344" Position="0.05758427" />
          <ColorNode Color="-10904577" Position="0.1235955" />
          <ColorNode Color="-10751309" Position="0.2106742" />
          <ColorNode Color="-1665025" Position="0.2963483" />
          <ColorNode Color="-9081881" Position="0.372191" />
          <ColorNode Color="-12918" Position="0.4382023" />
          <ColorNode Color="-12039207" Position="0.5870786" />
          <ColorNode Color="-3642113" Position="0.6839887" />
          <ColorNode Color="-14573314" Position="0.7205056" />
          <ColorNode Color="-15421053" Position="0.7668539" />
          <ColorNode Color="-12234270" Position="1" />
        </ColorNodes>
        <FormulaSettings IsValid="True" IsCSharpFormula="True" FormulaName="NestedFunctions.cs">
          <Formula>using System;
using Whorl;
using ParserEngine;
using System.Windows.Forms;
using System.Linq;
namespace WhorlEval
{
    public class WhorlEvalClass
    {
        public enum ColorOffsetModes
        {
            Outer,
            Mid,
            Inner
        }
        public class EvalParameters
        {
            @# fnColor Function = Ident;
            @# colorScale = 1;
            @# colorOffset;
            @# colorMode enum ColorOffsetModes = Outer;
            @# rotation;
            @# fnPosition Function = Ident;
            @# fnOutline Function Params = 2 From OutlineMethods = Sine;
            @# fnOutlineOp Function Params = 2 = Product;
            @# fnOp Function Params = 2 = Sum;
            @# InvertOutline: bool;
            @# AngleN: int ArrayLength;
            @# fnAngle[AngleN] Function = Ident;
            @# fnCAngle[AngleN] = 1.0;
            @# AmpN: int ArrayLength;
            @# fnAmp[AmpN] Function = Ident;
            @# fnC[AmpN] = 1.0;
            @# petals: int = 4;
            @# flarePetals: int = 1;
            @# angleScale;
            @# angleWeight = 1;
            @# phase;
            @# Pointiness = 3;
            @# ampPower = 1;
            @# distancePower = 1;
            @# damping = 2;
            @# waves = 1;
            @# strength = 5;
            @# distanceScale = 1;
        }

        [ParmsProperty]
        public EvalParameters Parms { get; } = new EvalParameters();
        public Whorl.PixelRenderInfo Info { get; set; }

        private const Double invPi = 1 / Math.PI;
        private Double angleScale { get; set; }
        private Double rotation { get; set; }
        private Double phase { get; set; }
        private Double ampScale { get; set; }
        private Double damping { get; set; }
        private Double strength { get; set; }
        private Double addDenom { get; set; }

        public void Initialize()
        {
            angleScale = 0.1 * @angleScale;
            phase = Math.PI * @phase / 180;
            rotation = Tools.DegreesToRadians(@rotation);
            ampScale = 2 * Math.PI * @waves;
            damping = 0.1 * @damping;
            strength = 0.1 * @strength;
            addDenom = 1 / @Pointiness;
        }

        private double ColorPosition(double v)
        {
            double pos;
            switch (@colorMode)
            {
                case ColorOffsetModes.Outer:
                default:
                   pos = @colorScale * @fnColor(v) + @colorOffset;
                   break;
                case ColorOffsetModes.Mid:
                   pos = @colorScale * (@fnColor(v) + @colorOffset);
                   break;
                case ColorOffsetModes.Inner:
                   pos = @colorScale * @fnColor(v + @colorOffset);
                   break;
            }
            return pos;
        }

        public double NestedAngleFunctions(double v)
        {
	for (int i = 0; i &lt; @AngleN; i++)
	    v = @fnAngle[i](@fnCAngle[i] * v);
	return v;
        }
        
        public double NestedFunctions(double v)
        {
	for (int i = 0; i &lt; @AmpN; i++)
	    v = @fnAmp[i](@fnC[i] * v);
	return v;
        }
		
        public void Eval()
        {
            PolarPoint pp0 = Info.GetScaledPolar();
            pp0.Angle += rotation;
            Double angle = @petals * pp0.Angle + phase;
            var pp = new PolarPoint(angle, pp0.Modulus);
            double factor = @fnOutline(angle, addDenom);
            if (@InvertOutline)
                 factor = 1.0 - factor;
            double amplitude = @fnOutlineOp(pp.Modulus, factor);
            angle = angle + angleScale * @fnOp(@angleWeight * NestedAngleFunctions(angle), damping + ampScale * CMath.Pow(amplitude, @ampPower));
            var pp2 = new PolarPoint(angle, amplitude);
            double position = NestedFunctions(amplitude) + strength * @fnPosition(@distanceScale * 
CMath.Pow(pp.Distance(pp2), @distancePower));
            Info.Position = (float)(ColorPosition(position));
        }
    }
}
</Formula>
          <LegacyFormula>parameters  {
     @fnColor varFunction default = ident;
     @fnAngle varFunction default = ident;
     @fnAngle2 varFunction default = ident;
     @fnAmplitude varFunction default = ident;
     @fnInner1 varFunction default = sin;
     @fnInner2 varFunction default = sin;
     @fnInnerAmp varFunction default = ident;
     @fnOp varFunction parameters = 2 default = Quotient;
     @fnOutline varFunction parameters = 2 domain = OutlineMethods;
     @fnOutlineOp varFunction parameters = 2 default = Product;
     @Pointiness default = 3;
     @OutlineWeight default = 1;
     @UseOutline boolean;
     @InvertOutline boolean;
     @C0 default = 0;
     @C1 default = 1;
     @C2 default = 0;
     @C3 default = 0;
     @Power0 default = 0;
     @Power1 default = 1;
     @Power2 default = 2;
     @Power3 default = 3;
     @fn0 varFunction default = ident;
     @fn1 varFunction default = ident;
     @fn2 varFunction default = ident;
     @fn3 varFunction default = ident;
     @scale default = 1;
     @outerScale default = 1;
     @colorScale default = 1;
     @colorPower default = 1;
     @petals integer default = 4 min = 1;
     @flarePetals integer default = 4 min = 1;
     @angleScale default = 0;
     @angleWeight default = 1;
     @phase default = 0;
     @ampPower default = 2;
     @anglePower default = 1;
     @damping default = 2;
     @waves default = 1;
     @strength default = 5;
     @distanceScale default = 1;
}
const invPi = 1 / pi;
paramVar angleScale = 0.1 * @angleScale;
paramVar phase = pi * @phase / 180;
paramVar ampScale = 2 * pi * @waves;
paramVar damping = 0.1 * @damping;
paramVar strength = 0.1 * @strength;
paramVar addDenom = 1 / @Pointiness;

PolarPoint var pp = Info.GetScaledPolar();
var angle = @petals * pp.Angle + phase;
var amplitude = pp.Modulus;
if (@UseOutline)  {
    var otlAmp = @fnOutline(angle, addDenom);
    if (@InvertOutline)
          otlAmp = 1 - otlAmp;
    amplitude = @fnOutlineOp(amplitude, @OutlineWeight * otlAmp);
}
amplitude = @fn0(@C0 * amplitude ^ @Power0) + 
                   @fn1(@C1 * amplitude ^ @Power1) + 
                   @fn2(@C2 * amplitude ^ @Power2) + 
                   @fn3(@C3 * amplitude ^ @Power3);
pp.Angle = angle;
angle = angle + angleScale * @fnOp(@angleWeight * @fnAngle2(@fnInner1(@flarePetals * angle)),
damping + @outerScale * @fnAmplitude(@fnInner2(ampScale * @fnInnerAmp(amplitude) ^ @ampPower)));
PolarPoint var pp2 = new PolarPoint(angle, amplitude);
position = (float)(@colorScale * @fnColor(@scale * amplitude
   + strength * @fnAngle(@distanceScale * pp.Distance(pp2) ^ @anglePower)) ^ @ColorPower);</LegacyFormula>
          <Parameters>
            <Parameter Name="fnColor" TypeName="Func1Parameter`1" Value="Atan" />
            <Parameter Name="colorScale" TypeName="Double" Value="1.35" />
            <Parameter Name="colorOffset" TypeName="Double" Value="0.12" />
            <Parameter Name="colorMode" TypeName="EnumValuesParameter`1" Value="Outer" />
            <Parameter Name="rotation" TypeName="Double" Value="90" />
            <Parameter Name="fnPosition" TypeName="Func1Parameter`1" Value="Sqrt" />
            <Parameter Name="fnOutline" TypeName="Func2Parameter`1" Value="Pointed4" />
            <Parameter Name="fnOutlineOp" TypeName="Func2Parameter`1" Value="Atan2" />
            <Parameter Name="fnOp" TypeName="Func2Parameter`1" Value="Product" />
            <Parameter Name="InvertOutline" TypeName="Boolean" Value="True" />
            <Parameter Name="AngleN" TypeName="Int32" Value="3" />
            <Parameter Name="fnAngle" TypeName="Func1Parameter`1[]" Value="Sin" Index="0" />
            <Parameter Name="fnAngle" TypeName="Func1Parameter`1[]" Value="Cos" Index="1" />
            <Parameter Name="fnAngle" TypeName="Func1Parameter`1[]" Value="Square" Index="2" />
            <Parameter Name="fnCAngle" TypeName="Double[]" Value="0.5" Index="0" />
            <Parameter Name="fnCAngle" TypeName="Double[]" Value="0.15" Index="1" />
            <Parameter Name="fnCAngle" TypeName="Double[]" Value="1.5" Index="2" />
            <Parameter Name="AmpN" TypeName="Int32" Value="3" />
            <Parameter Name="fnAmp" TypeName="Func1Parameter`1[]" Value="XtoInvX" Index="0" />
            <Parameter Name="fnAmp" TypeName="Func1Parameter`1[]" Value="Cosh" Index="1" />
            <Parameter Name="fnAmp" TypeName="Func1Parameter`1[]" Value="Cos" Index="2" />
            <Parameter Name="fnC" TypeName="Double[]" Value="2" Index="0" />
            <Parameter Name="fnC" TypeName="Double[]" Value="1.5" Index="1" />
            <Parameter Name="fnC" TypeName="Double[]" Value="0.7" Index="2" />
            <Parameter Name="petals" TypeName="Int32" Value="3" />
            <Parameter Name="flarePetals" TypeName="Int32" Value="1" />
            <Parameter Name="angleScale" TypeName="Double" Value="3" />
            <Parameter Name="angleWeight" TypeName="Double" Value="3" />
            <Parameter Name="phase" TypeName="Double" Value="0" />
            <Parameter Name="Pointiness" TypeName="Double" Value="2" />
            <Parameter Name="ampPower" TypeName="Double" Value="1" />
            <Parameter Name="distancePower" TypeName="Double" Value="2" />
            <Parameter Name="damping" TypeName="Double" Value="1" />
            <Parameter Name="waves" TypeName="Double" Value="1.333" />
            <Parameter Name="strength" TypeName="Double" Value="8" />
            <Parameter Name="distanceScale" TypeName="Double" Value="9" />
          </Parameters>
        </FormulaSettings>
      </PixelRendering>
    </Pattern>
  </DesignPatterns>
</Design>