<Design XmlVersion="1.1" PictureWidth="1064" PictureHeight="1064" BackgroundImageMode="Stretch" ScaleToFit="True">
  <PictureBoxSize Width="1068" Height="1068" />
  <BackgroundGradientColors>
    <BoundaryColor Color="-16777216" />
    <CenterColor Color="-16777216" />
  </BackgroundGradientColors>
  <BackgroundImageFileName>C:\WhorlFilesDev\Textures\GreenOil2.png</BackgroundImageFileName>
  <DefaultPatternGroup>
    <Pattern RotationSteps="5000" MergeOperation="Max" DrawCurve="False" RenderMode="Paint" StainBlendType="Add" StainWidth="10" SharedPatternID="1864" ZoomFactor="1" LoopFactor="0" ShrinkPattern="False" ShrinkPatternLayers="False" ShrinkClipCenterFactor="0" ShrinkPadding="2" ShrinkClipFactor="4" IsBackgroundPattern="True" AllowRandom="True" UseLinearGradient="False" GradientPadding="15" GradientRotation="0" RandomSeed="108617008" XmlPatternID="1697">
      <TextureFillInfo TextureScale="1">
        <TextureImageFileName>C:\WhorlFilesDev\Textures\Gold.jpg</TextureImageFileName>
        <TextureOffset X="0" Y="0" />
      </TextureFillInfo>
      <PatternLayerList>
        <PatternLayer ModulusRatio="0.9999">
          <PathFillInfo ColorMode="Normal">
            <BoundaryColor Color="-1711341568" />
            <CenterColor Color="16776960" />
          </PathFillInfo>
        </PatternLayer>
      </PatternLayerList>
      <Center X="50" Y="50" />
      <ZVector Re="45" Im="-1.10214571844014E-14" />
      <PreviewZFactor Re="1" Im="-2.44921270764475E-16" />
      <BasicOutline UsesCustomFormula="False" BasicOutlineType="Pointed5" IntPetals="3" Frequency="1.5" UsedFrequency="1.5" Phase="0" AngleOffset="0" Enabled="True" AmplitudeFactor="1" AddDenom="0.5" Pointiness="2" />
      <BasicOutline UsesCustomFormula="False" BasicOutlineType="Pointed5" IntPetals="3" Frequency="1.5" UsedFrequency="1.5" Phase="90.0000000000002" AngleOffset="1.5707963267949" Enabled="True" AmplitudeFactor="1" AddDenom="0.5" Pointiness="2" />
      <PatternTransform TransformName="Flare" SequenceNumber="0" Enabled="True">
        <TransformSettings IsValid="True" IsCSharpFormula="False" FormulaName="Flare">
          <Formula>parameters {
    @petals integer  min = 1 default = 4;
    @strength default = 5 min = -50 max = 50;
    @damping min = 0.01 default = 0.2;
    @power integer min = 1 default = 1;
    @phase default = 0;
    }
paramVar phase = pi * @phase / 180;
paramVar strength = 0.015 * @strength;
paramVar freq = 2 * @petals;
angle = angle + strength * sin(freq * angle + phase) / (@damping + amplitude  ^ @power);</Formula>
          <Parameters>
            <Parameter Name="petals" TypeName="Parameter" Value="6" Guid="0cb2b4f1-11ea-4be5-9ecc-91e68ff2d8bd" />
            <Parameter Name="strength" TypeName="Parameter" Value="5" Guid="221578ab-2b64-498e-81d2-cace013241e6" />
            <Parameter Name="damping" TypeName="Parameter" Value="0.8" Guid="66ec416b-7220-44ea-b0fc-f72638cf8db1" />
            <Parameter Name="power" TypeName="Parameter" Value="4" Guid="407c288c-b4b1-413a-b34f-276bddb7424b" />
            <Parameter Name="phase" TypeName="Parameter" Value="0" Guid="8d8820c0-6953-4416-9b46-708b8dba7feb" />
          </Parameters>
        </TransformSettings>
      </PatternTransform>
    </Pattern>
  </DefaultPatternGroup>
  <DesignPatterns>
    <Pattern RotationSteps="5000" MergeOperation="Sum" DrawCurve="False" RenderMode="Paint" StainBlendType="Add" StainWidth="10" SharedPatternID="1699" ZoomFactor="1" LoopFactor="0" ShrinkPattern="False" ShrinkPatternLayers="False" ShrinkClipCenterFactor="0" ShrinkPadding="2" ShrinkClipFactor="4" IsBackgroundPattern="True" AllowRandom="True" UseLinearGradient="False" GradientPadding="15" GradientRotation="0" RandomSeed="108617008" XmlPatternID="1699">
      <PathFillInfo ColorMode="Radial">
        <BoundaryColor Color="-16777088" />
        <CenterColor Color="-32768" />
        <ColorInfo TranslucentWaves="False" TranslucentCycles="10" TranslucentStrength="1" RandomWaves="False" RandomWavesSeed="1827112453" Colors="-16777088,-48480,-19345,-8355585,-32513,-1" Positions="0,0.06179775,0.2485955,0.508427,0.8581461,1" />
      </PathFillInfo>
      <PatternLayerList />
      <Center X="532.08" Y="532.08" />
      <ZVector Re="765.777484768208" Im="-9.13180514840278E-06" />
      <PreviewZFactor Re="0.707106765732237" Im="-0.707106796640858" />
      <BasicOutline UsesCustomFormula="False" BasicOutlineType="Rectangle" IntPetals="2" Frequency="1" UsedFrequency="1" Phase="0" AngleOffset="0" Enabled="True" AmplitudeFactor="1" AddDenom="1" Pointiness="1" />
      <PatternTransform TransformName="Flare" SequenceNumber="0" Enabled="False">
        <TransformSettings IsValid="True" IsCSharpFormula="True" FormulaName="Flare">
          <Formula>using System;
using System.Linq;
using Whorl;
using ParserEngine;
using System.Windows.Forms;
namespace WhorlEval
{
    public class WhorlEvalClass
    {
        public class EvalParameters
        {		
            @# LocalModulus label="Radius" = 0.5;
            @# LocalStrength;
            @# LocalWaves = 1;
            @# LocalPower = 1;
            @# LocalDamping = 1;
            //[ParameterInfo(MinValue = 1)]
            @# LocalPetals: int min=1 max = 32 = 4;
            @# LocalPhase;
            @# fnLocal Function = Ident;

            @# petals: int = 4;
            @# strength = 5;
            @# damping = 0.2;
            @# power = 1;
            @# phase;
        }		
        private double LocalDistance(PolarPoint pp)
        {
              return Enumerable.Range(0, @LocalPetals)
                        .Select(i =&gt; @fnLocal(@LocalWaves * Math.Pow(pp.Distance(localCenters[i]), @LocalPower))).Sum();
        }

        private PolarPoint[] localCenters {get; set;}


        [ParmsProperty]
        public EvalParameters Parms { get; } = new EvalParameters();
        public Whorl.PatternTransform.FormulaInfo Info { get; set; }
        public Boolean IsFirstCall { get; set; }
        public Double angle { get; set; }
        public Double amplitude { get; set; }
        public PolarPoint PreviousPoint { get; set; }
        private Double phase { get; set; }
        private Double strength { get; set; }
        private Double freq { get; set; }

        public void Initialize()
        {
            double phs = Math.PI * @LocalPhase / 180;
            localCenters = Enumerable.Range(0, @LocalPetals)
                    .Select(i =&gt; new PolarPoint(2.0 * Math.PI * i / @LocalPetals + phs, @LocalModulus)).ToArray();

            phase = Math.PI * @phase / 180;
            strength = 0.015 * @strength;
            freq = 2 * @petals;
        }

        public void Eval()
        {
		/*
            PolarPoint pp = Info.GetScaledPolar();
            Double angle = @petals * pp.Angle + phase;
            pp.Angle = angle;
            PolarPoint pp2 = new PolarPoint(angle, pp.Modulus);
            double factor = @fnOutline(angle, addDenom);
            if (@InvertOutline)
                 factor = 1.0 - factor;
            double amplitude = @fnOutlineOp(pp.Modulus, factor);
            angle = angle + angleScale * @fnOp(@angleWeight * @fnAngle2(@fnInner1(@flarePetals * angle)), damping + @outerScale * @fnAmplitude(@fnInner2(ampScale * CMath.Pow(amplitude, @ampPower))));
            pp2 = new PolarPoint(angle, amplitude);
            Info.Position = (float)(@colorScale * @fnColor(@scale * amplitude + strength * @fnAngle(@distanceScale * CMath.Pow(pp.Distance(pp2), @anglePower)) + 
@LocalStrength * LocalDistance(pp)));
		*/

            var pp = new PolarPoint(Info.angle, Info.amplitude);
            double amp = Info.amplitude;
            Info.angle = Info.angle + strength * Math.Sin(freq * Info.angle + phase)  
                               * (@LocalDamping + @LocalStrength * LocalDistance(pp)) / @LocalDamping
                               / (@damping + CMath.Pow(amp, @power));

        }
    }
}
</Formula>
          <LegacyFormula>parameters {
    @petals integer  min = 1 default = 4;
    @strength default = 5 min = -50 max = 50;
    @damping min = 0.01 default = 0.2;
    @power integer min = 1 default = 1;
    @phase default = 0;
    }
paramVar phase = pi * @phase / 180;
paramVar strength = 0.015 * @strength;
paramVar freq = 2 * @petals;
angle = angle + strength * sin(freq * angle + phase) / (@damping + amplitude  ^ @power);</LegacyFormula>
          <Parameters>
            <Parameter Name="LocalModulus" TypeName="Double" Value="0.7" />
            <Parameter Name="LocalStrength" TypeName="Double" Value="7" />
            <Parameter Name="LocalWaves" TypeName="Double" Value="7" />
            <Parameter Name="LocalPower" TypeName="Double" Value="-0.5" />
            <Parameter Name="LocalDamping" TypeName="Double" Value="1" />
            <Parameter Name="LocalPetals" TypeName="Int32" Value="4" />
            <Parameter Name="LocalPhase" TypeName="Double" Value="0" />
            <Parameter Name="fnLocal" TypeName="Func1Parameter`1" Value="Tanh" />
            <Parameter Name="petals" TypeName="Int32" Value="4" />
            <Parameter Name="strength" TypeName="Double" Value="1.2" />
            <Parameter Name="damping" TypeName="Double" Value="1" />
            <Parameter Name="power" TypeName="Double" Value="1" />
            <Parameter Name="phase" TypeName="Double" Value="0" />
          </Parameters>
        </TransformSettings>
      </PatternTransform>
      <PixelRendering Enabled="True" PatternLayerIndex="0" FormulaEnabled="True" ZoomFactor="2.1" UseDistanceOutline="True" SmoothedDraft="True">
        <PanXY X="0" Y="0" />
        <ColorNodes>
          <ColorNode Color="-16680254" Position="0.05617978" />
          <ColorNode Color="-19495" Position="0.1460674" />
          <ColorNode Color="-16598584" Position="0.1755618" />
          <ColorNode Color="-14132054" Position="0.2879213" />
          <ColorNode Color="-8343553" Position="0.3792135" />
          <ColorNode Color="-12102218" Position="0.4353932" />
          <ColorNode Color="-4025857" Position="0.4733146" />
          <ColorNode Color="-8871682" Position="0.6011236" />
          <ColorNode Color="-13554776" Position="0.6896067" />
          <ColorNode Color="-2122524" Position="0.7724719" />
          <ColorNode Color="-13213491" Position="0.8089887" />
          <ColorNode Color="-7676942" Position="0.8525281" />
        </ColorNodes>
        <DistanceOutlinePattern>
          <Pattern RotationSteps="5000" MergeOperation="Max" DrawCurve="False" RenderMode="Paint" StainBlendType="Add" StainWidth="10" SharedPatternID="1865" ZoomFactor="1" LoopFactor="0" ShrinkPattern="False" ShrinkPatternLayers="False" ShrinkClipCenterFactor="0" ShrinkPadding="2" ShrinkClipFactor="4" IsBackgroundPattern="True" AllowRandom="True" UseLinearGradient="False" GradientPadding="15" GradientRotation="0" RandomSeed="108617008" XmlPatternID="1700">
            <TextureFillInfo TextureScale="1">
              <TextureImageFileName>C:\WhorlFilesDev\Textures\Gold.jpg</TextureImageFileName>
              <TextureOffset X="0" Y="0" />
            </TextureFillInfo>
            <PatternLayerList>
              <PatternLayer ModulusRatio="0.9999">
                <PathFillInfo ColorMode="Normal">
                  <BoundaryColor Color="-1711341568" />
                  <CenterColor Color="16776960" />
                </PathFillInfo>
              </PatternLayer>
            </PatternLayerList>
            <Center X="532.04" Y="532.04" />
            <ZVector Re="171.428579213668" Im="-99.047623545675" />
            <PreviewZFactor Re="1" Im="-2.44921270764475E-16" />
            <BasicOutline UsesCustomFormula="False" BasicOutlineType="Pointed5" IntPetals="3" Frequency="1.5" UsedFrequency="1.5" Phase="0" AngleOffset="0" Enabled="True" AmplitudeFactor="1" AddDenom="0.5" Pointiness="2" />
            <BasicOutline UsesCustomFormula="False" BasicOutlineType="Pointed5" IntPetals="3" Frequency="1.5" UsedFrequency="1.5" Phase="90.0000000000002" AngleOffset="1.5707963267949" Enabled="True" AmplitudeFactor="1" AddDenom="0.5" Pointiness="2" />
            <PatternTransform TransformName="Flare" SequenceNumber="0" Enabled="True">
              <TransformSettings IsValid="True" IsCSharpFormula="False" FormulaName="Flare">
                <Formula>parameters {
    @petals integer  min = 1 default = 4;
    @strength default = 5 min = -50 max = 50;
    @damping min = 0.01 default = 0.2;
    @power integer min = 1 default = 1;
    @phase default = 0;
    }
paramVar phase = pi * @phase / 180;
paramVar strength = 0.015 * @strength;
paramVar freq = 2 * @petals;
angle = angle + strength * sin(freq * angle + phase) / (@damping + amplitude  ^ @power);</Formula>
                <Parameters>
                  <Parameter Name="petals" TypeName="Parameter" Value="6" Guid="f253b428-a529-458f-b622-e173ac27b663" />
                  <Parameter Name="strength" TypeName="Parameter" Value="5" Guid="9857dbae-6111-4b4b-88f1-91b6bff2eb0c" />
                  <Parameter Name="damping" TypeName="Parameter" Value="0.8" Guid="4d6be4dc-608e-4273-881a-2896f33b51a9" />
                  <Parameter Name="power" TypeName="Parameter" Value="4" Guid="f449c76d-f1c5-475e-bfe9-a87d76edd2bd" />
                  <Parameter Name="phase" TypeName="Parameter" Value="0" Guid="1490063d-a0a3-490b-b9fb-5c9a218bb514" />
                </Parameters>
              </TransformSettings>
            </PatternTransform>
          </Pattern>
        </DistanceOutlinePattern>
        <DistanceOrigZVector Re="765.777484768208" Im="-9.13180514840278E-06" />
        <DistanceOrigCenter X="532.08" Y="532.08" />
        <FormulaSettings IsValid="True" IsCSharpFormula="True" FormulaName="NestedFunctionsDistance.cs">
          <Formula>using System;
using Whorl;
using ParserEngine;
using System.Windows.Forms;
using System.Linq;
namespace WhorlEval
{
    public class WhorlEvalClass
    {
        public enum ColorOffsetModes
        {
            Outer,
            Mid,
            Inner
        }
        public class EvalParameters
        {
            @# ComputeDistance: bool = true;
            @# DistanceOnly: bool;
            @# DistanceFactor label = "Distance %" = 10.0;
            @# fnDistance Function = Ident;
            @# fnDistanceOp Function Params = 2 = Sum;
            @# DistanceOffset;
            @# PathPower = 1.0;
            @# ArcTanWeightPct label="ArcTan %";
            @# ArcTanPct label="ArcTan Y %";
            @# PathMode enum ColorOffsetModes = Outer;
            @# DistanceCount: int = 5;
            @# DistanceRows: int min = 1 = 10;
            @# SegmentLength min = 0;

            @# fnColor Function = Ident;
            @# colorScale = 1;
            @# colorSlope;
            @# colorOffset;
            @# colorMode enum ColorOffsetModes = Outer;
            @# rotation;
            @# fnPosition Function = Ident;
            @# fnOutline Function Params = 2 From OutlineMethods = Sine;
            @# fnOutlineOp Function Params = 2 = Product;
            @# fnOp Function Params = 2 = Sum;
            @# InvertOutline: bool;
            @# AngleN: int ArrayLength;
            @# fnAngle[AngleN] Function = Ident;
            @# fnCAngle[AngleN] = 1.0;
            @# powerAngle[AngleN] = 1.0;
            @# AmpN: int ArrayLength;
            @# fnAmp[AmpN] Function = Ident;
            @# fnC[AmpN] = 1.0;
            @# powerAmp[AmpN] = 1.0;
            @# petals: int = 4;
            @# flarePetals: int = 1;
            @# angleScale;
            @# angleWeight = 1;
            @# phase;
            @# Pointiness = 3;
            @# ampPower = 1;
            @# distancePower = 1;
            @# damping = 2;
            @# waves = 1;
            @# strength = 5;
            @# distanceScale = 1;
        }
        private double atanFactor { get; set; }
        private double atanY { get; set; }
        private double distanceFactor {get; set;}

        private double PathDistance()
        {
            double dist = Info.DistanceToPath;
            if (atanFactor != 0)
                 dist += atanFactor * Math.Atan2(dist, atanY);
            switch (@PathMode)
            {
                case ColorOffsetModes.Outer:
                default:
                    return distanceFactor * CMath.Pow(@fnDistance(dist + @DistanceOffset), @PathPower);
                case ColorOffsetModes.Mid:
                    return @fnDistance(distanceFactor * CMath.Pow(dist + @DistanceOffset, @PathPower));
                case ColorOffsetModes.Inner:
                    return @fnDistance(CMath.Pow(distanceFactor * dist + @DistanceOffset, @PathPower));
            }
        }


        [ParmsProperty]
        public EvalParameters Parms { get; } = new EvalParameters();
        public Whorl.PixelRenderInfo Info { get; set; }

        private const Double invPi = 1 / Math.PI;
        private Double angleScale { get; set; }
        private Double rotation { get; set; }
        private Double phase { get; set; }
        private Double ampScale { get; set; }
        private Double damping { get; set; }
        private Double strength { get; set; }
        private Double addDenom { get; set; }

        public void Initialize()
        {
            Info.DistanceRows = @DistanceRows;
            Info.SegmentLength = @SegmentLength;

            Info.ComputeDistance = @ComputeDistance;
            Info.DistanceCount = @DistanceCount;
            atanFactor = 0.01 * @ArcTanWeightPct;
            atanY = 0.01 * @ArcTanPct;
            distanceFactor = 0.01 * @DistanceFactor;

            angleScale = 0.1 * @angleScale;
            phase = Math.PI * @phase / 180;
            rotation = Tools.DegreesToRadians(@rotation);
            ampScale = 2 * Math.PI * @waves;
            damping = 0.1 * @damping;
            strength = 0.1 * @strength;
            addDenom = 1 / @Pointiness;
        }

        private double ColorPosition(double v, double modulus)
        {
            double pos;
            double scale = @colorScale + @colorSlope * modulus;
            switch (@colorMode)
            {
                case ColorOffsetModes.Outer:
                default:
                   pos = scale * @fnColor(v) + @colorOffset;
                   break;
                case ColorOffsetModes.Mid:
                   pos = scale * (@fnColor(v) + @colorOffset);
                   break;
                case ColorOffsetModes.Inner:
                   pos = scale * @fnColor(v + @colorOffset);
                   break;
            }
            return pos;
        }

        public double NestedAngleFunctions(double v)
        {
	for (int i = 0; i &lt; @AngleN; i++)
	    v = CMath.Pow(@fnAngle[i](@fnCAngle[i] * v), @powerAngle[i]);
	return v;
        }
        
        public double NestedFunctions(double v)
        {
	for (int i = 0; i &lt; @AmpN; i++)
	    v = CMath.Pow(@fnAmp[i](@fnC[i] * v), @powerAmp[i]);
	return v;
        }
		
        public void Eval()
        {
            PolarPoint pp0 = Info.GetScaledPolar();
            if (@DistanceOnly)
            {
                Info.Position = (float)ColorPosition(PathDistance(), pp0.Modulus);
                return;
            }
            pp0.Angle += rotation;
            Double angle = @petals * pp0.Angle + phase;
            var pp = new PolarPoint(angle, pp0.Modulus);
            double factor = @fnOutline(angle, addDenom);
            if (@InvertOutline)
                 factor = 1.0 - factor;
            double amplitude = @fnOutlineOp(pp.Modulus, factor);
            angle = angle + angleScale * @fnOp(@angleWeight * NestedAngleFunctions(angle), damping + ampScale * CMath.Pow(amplitude, @ampPower));
            var pp2 = new PolarPoint(angle, amplitude);
            double position = NestedFunctions(amplitude) + strength * @fnPosition(@distanceScale * 
CMath.Pow(pp.Distance(pp2), @distancePower));
            if (@ComputeDistance)
                position = @fnDistanceOp(position, PathDistance());
            Info.Position = (float)ColorPosition(position, pp0.Modulus);
        }
    }
}
</Formula>
          <LegacyFormula>parameters  {
     @fnColor varFunction default = ident;
     @fnAngle varFunction default = ident;
     @fnAngle2 varFunction default = ident;
     @fnAmplitude varFunction default = ident;
     @fnInner1 varFunction default = sin;
     @fnInner2 varFunction default = sin;
     @fnInnerAmp varFunction default = ident;
     @fnOp varFunction parameters = 2 default = Quotient;
     @fnOutline varFunction parameters = 2 domain = OutlineMethods;
     @fnOutlineOp varFunction parameters = 2 default = Product;
     @Pointiness default = 3;
     @OutlineWeight default = 1;
     @UseOutline boolean;
     @InvertOutline boolean;
     @C0 default = 0;
     @C1 default = 1;
     @C2 default = 0;
     @C3 default = 0;
     @Power0 default = 0;
     @Power1 default = 1;
     @Power2 default = 2;
     @Power3 default = 3;
     @fn0 varFunction default = ident;
     @fn1 varFunction default = ident;
     @fn2 varFunction default = ident;
     @fn3 varFunction default = ident;
     @scale default = 1;
     @outerScale default = 1;
     @colorScale default = 1;
     @colorPower default = 1;
     @petals integer default = 4 min = 1;
     @flarePetals integer default = 4 min = 1;
     @angleScale default = 0;
     @angleWeight default = 1;
     @phase default = 0;
     @ampPower default = 2;
     @anglePower default = 1;
     @damping default = 2;
     @waves default = 1;
     @strength default = 5;
     @distanceScale default = 1;
}
const invPi = 1 / pi;
paramVar angleScale = 0.1 * @angleScale;
paramVar phase = pi * @phase / 180;
paramVar ampScale = 2 * pi * @waves;
paramVar damping = 0.1 * @damping;
paramVar strength = 0.1 * @strength;
paramVar addDenom = 1 / @Pointiness;

PolarPoint var pp = Info.GetScaledPolar();
var angle = @petals * pp.Angle + phase;
var amplitude = pp.Modulus;
if (@UseOutline)  {
    var otlAmp = @fnOutline(angle, addDenom);
    if (@InvertOutline)
          otlAmp = 1 - otlAmp;
    amplitude = @fnOutlineOp(amplitude, @OutlineWeight * otlAmp);
}
amplitude = @fn0(@C0 * amplitude ^ @Power0) + 
                   @fn1(@C1 * amplitude ^ @Power1) + 
                   @fn2(@C2 * amplitude ^ @Power2) + 
                   @fn3(@C3 * amplitude ^ @Power3);
pp.Angle = angle;
angle = angle + angleScale * @fnOp(@angleWeight * @fnAngle2(@fnInner1(@flarePetals * angle)),
damping + @outerScale * @fnAmplitude(@fnInner2(ampScale * @fnInnerAmp(amplitude) ^ @ampPower)));
PolarPoint var pp2 = new PolarPoint(angle, amplitude);
position = (float)(@colorScale * @fnColor(@scale * amplitude
   + strength * @fnAngle(@distanceScale * pp.Distance(pp2) ^ @anglePower)) ^ @ColorPower);</LegacyFormula>
          <Parameters>
            <Parameter Name="ComputeDistance" TypeName="Boolean" Value="True" />
            <Parameter Name="DistanceOnly" TypeName="Boolean" Value="False" />
            <Parameter Name="DistanceFactor" TypeName="Double" Value="600" />
            <Parameter Name="fnDistance" TypeName="Func1Parameter`1" Value="Ident" />
            <Parameter Name="fnDistanceOp" TypeName="Func2Parameter`1" Value="Product" />
            <Parameter Name="DistanceOffset" TypeName="Double" Value="-0.04" />
            <Parameter Name="PathPower" TypeName="Double" Value="1" />
            <Parameter Name="ArcTanWeightPct" TypeName="Double" Value="0" />
            <Parameter Name="ArcTanPct" TypeName="Double" Value="70" />
            <Parameter Name="PathMode" TypeName="EnumValuesParameter`1" Value="Outer" />
            <Parameter Name="DistanceCount" TypeName="Int32" Value="6" />
            <Parameter Name="DistanceRows" TypeName="Int32" Value="10" />
            <Parameter Name="SegmentLength" TypeName="Double" Value="0" />
            <Parameter Name="fnColor" TypeName="Func1Parameter`1" Value="Sin" />
            <Parameter Name="colorScale" TypeName="Double" Value="1.45" />
            <Parameter Name="colorSlope" TypeName="Double" Value="0.1" />
            <Parameter Name="colorOffset" TypeName="Double" Value="0.75" />
            <Parameter Name="colorMode" TypeName="EnumValuesParameter`1" Value="Mid" />
            <Parameter Name="rotation" TypeName="Double" Value="0" />
            <Parameter Name="fnPosition" TypeName="Func1Parameter`1" Value="Ident" />
            <Parameter Name="fnOutline" TypeName="Func2Parameter`1" Value="PointedRound" />
            <Parameter Name="fnOutlineOp" TypeName="Func2Parameter`1" Value="Sum" />
            <Parameter Name="fnOp" TypeName="Func2Parameter`1" Value="Atan2" />
            <Parameter Name="InvertOutline" TypeName="Boolean" Value="True" />
            <Parameter Name="AngleN" TypeName="Int32" Value="1" />
            <Parameter Name="fnAngle" TypeName="Func1Parameter`1[]" Value="Cos" Index="0" />
            <Parameter Name="fnCAngle" TypeName="Double[]" Value="1" Index="0" />
            <Parameter Name="powerAngle" TypeName="Double[]" Value="1" Index="0" />
            <Parameter Name="AmpN" TypeName="Int32" Value="1" />
            <Parameter Name="fnAmp" TypeName="Func1Parameter`1[]" Value="Ident" Index="0" />
            <Parameter Name="fnC" TypeName="Double[]" Value="1.3" Index="0" />
            <Parameter Name="powerAmp" TypeName="Double[]" Value="1" Index="0" />
            <Parameter Name="petals" TypeName="Int32" Value="3" />
            <Parameter Name="flarePetals" TypeName="Int32" Value="1" />
            <Parameter Name="angleScale" TypeName="Double" Value="3" />
            <Parameter Name="angleWeight" TypeName="Double" Value="0" />
            <Parameter Name="phase" TypeName="Double" Value="90" />
            <Parameter Name="Pointiness" TypeName="Double" Value="3" />
            <Parameter Name="ampPower" TypeName="Double" Value="2" />
            <Parameter Name="distancePower" TypeName="Double" Value="1" />
            <Parameter Name="damping" TypeName="Double" Value="1" />
            <Parameter Name="waves" TypeName="Double" Value="2" />
            <Parameter Name="strength" TypeName="Double" Value="0" />
            <Parameter Name="distanceScale" TypeName="Double" Value="1" />
          </Parameters>
        </FormulaSettings>
      </PixelRendering>
    </Pattern>
  </DesignPatterns>
</Design>