<Design XmlVersion="1.1" PictureWidth="1086" PictureHeight="1086" BackgroundImageMode="Stretch" ScaleToFit="True">
  <PictureBoxSize Width="1090" Height="1090" />
  <BackgroundGradientColors>
    <BoundaryColor Color="-16032957" />
    <CenterColor Color="-13479289" />
  </BackgroundGradientColors>
  <BackgroundImageFileName>C:\WhorlFilesDev\Textures\Emerald4.png</BackgroundImageFileName>
  <DefaultPatternGroup>
    <Pattern RotationSteps="5000" MergeOperation="Sum" DrawCurve="False" RenderMode="Paint" StainBlendType="Add" StainWidth="10" SharedPatternID="1697" ZoomFactor="1" LoopFactor="0" ShrinkPattern="False" ShrinkPatternLayers="False" ShrinkClipCenterFactor="0" ShrinkPadding="2" ShrinkClipFactor="4" IsBackgroundPattern="True" AllowRandom="True" InfluenceScaleFactor="1" UseLinearGradient="False" GradientPadding="15" GradientRotation="0" RandomSeed="108617008" XmlPatternID="1616">
      <PathFillInfo ColorMode="Radial">
        <BoundaryColor Color="-16777088" />
        <CenterColor Color="-32768" />
        <ColorInfo TranslucentWaves="False" TranslucentCycles="10" TranslucentStrength="1" RandomWaves="False" RandomWavesSeed="1827112453" Colors="-16777088,-48480,-19345,-8355585,-32513,-1" Positions="0,0.06179775,0.2485955,0.508427,0.8581461,1" />
      </PathFillInfo>
      <PatternLayerList />
      <Center X="543" Y="543" />
      <ZVector Re="0" Im="640.587024727519" />
      <PreviewZFactor Re="0.707106765732237" Im="-0.707106796640858" />
      <BasicOutline BasicOutlineType="Round" IntPetals="4" Frequency="2" UsedFrequency="2" Phase="0" AngleOffset="0" Enabled="True" AmplitudeFactor="1" AddDenom="10000" Pointiness="0.0001" />
      <BasicOutline IntPetals="8" Frequency="4" UsedFrequency="4" Phase="0" AngleOffset="0" Enabled="True" AmplitudeFactor="0.5" Pointiness="3" BasicOutlineType="Pointed5" AddDenom="0.333333333333333" />
      <PatternTransform TransformName="Flare" SequenceNumber="0" Enabled="True">
        <TransformSettings IsValid="True" IsCSharpFormula="True" FormulaName="Flare">
          <Formula>using System;
using System.Linq;
using Whorl;
using ParserEngine;
using System.Windows.Forms;
namespace WhorlEval
{
    public class WhorlEvalClass
    {
        public class EvalParameters
        {		
            @# LocalModulus label="Radius" = 0.5;
            @# LocalStrength;
            @# LocalWaves = 1;
            @# LocalPower = 1;
            @# LocalDamping = 1;
            //[ParameterInfo(MinValue = 1)]
            @# LocalPetals: int min=1 max = 32 = 4;
            @# LocalPhase;
            @# fnLocal Function = Ident;

            @# petals: int = 4;
            @# strength = 5;
            @# damping = 0.2;
            @# power = 1;
            @# phase;
        }		
        private double LocalDistance(PolarPoint pp)
        {
              return Enumerable.Range(0, 4)
                        .Select(i =&gt; @fnLocal(@LocalWaves * Math.Pow(pp.Distance(localCenters[i]), @LocalPower))).Sum();
        }

        private PolarPoint[] localCenters {get; set;}


        [ParmsProperty]
        public EvalParameters Parms { get; } = new EvalParameters();
        public Whorl.PatternTransform.FormulaInfo Info { get; set; }
        public Boolean IsFirstCall { get; set; }
        public Double angle { get; set; }
        public Double amplitude { get; set; }
        public PolarPoint PreviousPoint { get; set; }
        private Double phase { get; set; }
        private Double strength { get; set; }
        private Double freq { get; set; }

        public void Initialize()
        {
            double phs = Math.PI * @LocalPhase / 180;
            localCenters = Enumerable.Range(0, 4)
                    .Select(i =&gt; new PolarPoint(2.0 * Math.PI * i / 4 + phs, @LocalModulus)).ToArray();

            phase = Math.PI * @phase / 180;
            strength = 0.015 * @strength;
            freq = 2 * @petals;
        }

        public void Eval()
        {
		/*
            PolarPoint pp = Info.GetScaledPolar();
            Double angle = @petals * pp.Angle + phase;
            pp.Angle = angle;
            PolarPoint pp2 = new PolarPoint(angle, pp.Modulus);
            double factor = @fnOutline(angle, addDenom);
            if (@InvertOutline)
                 factor = 1.0 - factor;
            double amplitude = @fnOutlineOp(pp.Modulus, factor);
            angle = angle + angleScale * @fnOp(@angleWeight * @fnAngle2(@fnInner1(@flarePetals * angle)), damping + @outerScale * @fnAmplitude(@fnInner2(ampScale * CMath.Pow(amplitude, @ampPower))));
            pp2 = new PolarPoint(angle, amplitude);
            Info.Position = (float)(@colorScale * @fnColor(@scale * amplitude + strength * @fnAngle(@distanceScale * CMath.Pow(pp.Distance(pp2), @anglePower)) + 
@LocalStrength * LocalDistance(pp)));
		*/

            var pp = new PolarPoint(Info.angle, Info.amplitude);
            double amp = Info.amplitude;
            Info.angle = Info.angle + strength * Math.Sin(freq * Info.angle + phase)  
                               * (@LocalDamping + @LocalStrength * LocalDistance(pp)) / @LocalDamping
                               / (@damping + CMath.Pow(amp, @power));

        }
    }
}
</Formula>
          <LegacyFormula>parameters {
    @petals integer  min = 1 default = 4;
    @strength default = 5 min = -50 max = 50;
    @damping min = 0.01 default = 0.2;
    @power integer min = 1 default = 1;
    @phase default = 0;
    }
paramVar phase = pi * @phase / 180;
paramVar strength = 0.015 * @strength;
paramVar freq = 2 * @petals;
angle = angle + strength * sin(freq * angle + phase) / (@damping + amplitude  ^ @power);</LegacyFormula>
          <Parameters>
            <Parameter Name="LocalModulus" TypeName="Double" Value="1" />
            <Parameter Name="LocalStrength" TypeName="Double" Value="2" />
            <Parameter Name="LocalWaves" TypeName="Double" Value="2" />
            <Parameter Name="LocalPower" TypeName="Double" Value="-0.25" />
            <Parameter Name="LocalDamping" TypeName="Double" Value="1" />
            <Parameter Name="LocalPetals" TypeName="Int32" Value="4" />
            <Parameter Name="LocalPhase" TypeName="Double" Value="0" />
            <Parameter Name="fnLocal" TypeName="Func1Parameter`1" Value="Log" />
            <Parameter Name="petals" TypeName="Int32" Value="4" />
            <Parameter Name="strength" TypeName="Double" Value="4" />
            <Parameter Name="damping" TypeName="Double" Value="1" />
            <Parameter Name="power" TypeName="Double" Value="1" />
            <Parameter Name="phase" TypeName="Double" Value="0" />
          </Parameters>
        </TransformSettings>
      </PatternTransform>
      <PixelRendering Enabled="True" PatternLayerIndex="0" FormulaEnabled="True" ZoomFactor="1" UseDistanceOutline="False" SmoothedDraft="True">
        <PanXY X="0" Y="0" />
        <ColorNodes>
          <ColorNode Color="-9079297" Position="0.01264045" />
          <ColorNode Color="-100182" Position="0.1558989" />
          <ColorNode Color="-16723308" Position="0.2092697" />
          <ColorNode Color="-10057473" Position="0.2514045" />
          <ColorNode Color="-16777088" Position="0.2780899" />
          <ColorNode Color="-10680" Position="0.3075843" />
          <ColorNode Color="-24700" Position="0.377809" />
          <ColorNode Color="-45154" Position="0.4143258" />
          <ColorNode Color="-9677825" Position="0.4424157" />
          <ColorNode Color="-14822472" Position="0.5280899" />
          <ColorNode Color="-5728769" Position="0.5646067" />
          <ColorNode Color="-9933846" Position="0.619382" />
          <ColorNode Color="-3761922" Position="0.6516854" />
          <ColorNode Color="-753154" Position="0.6797753" />
          <ColorNode Color="-11491330" Position="0.7345505" />
          <ColorNode Color="-22654" Position="0.8216292" />
          <ColorNode Color="-13533970" Position="0.8818493" />
          <ColorNode Color="-8947713" Position="0.9073034" />
          <ColorNode Color="-12670729" Position="0.9325843" />
        </ColorNodes>
        <FormulaSettings IsValid="True" IsCSharpFormula="True" FormulaName="Local Centers.cs">
          <Formula>using System;
using System.Drawing;
using Whorl;
using ParserEngine;
using System.Windows.Forms;
using System.Linq;
namespace WhorlEval
{
    public class WhorlEvalClass
    {
        public class EvalParameters
        {
            @# fnColor Function = Ident;
            @# colorScale = 1;
            @# colorOffset;
            @# fnAngle Function = Ident;
            @# fnAngle2 Function = Ident;
            @# fnOutline Function Params = 2 From OutlineMethods = Sine;
            @# fnOutlineOp Function Params = 2 = Product;
            @# InvertOutline: bool;
            @# fnAmplitude Function = Ident;
            @# fnInner1 Function = Sin;
            @# fnInner2 Function = Sin;
            @# fnOp Function Params = 2 = Quotient;
            @# Pointiness = 4;
            @# LocalModulus = 0.5;
            @# LocalStrength;
            @# LocalWaves = 1;
            @# LocalPower = 1;
            [ParameterInfo(MinValue = 1)]
            @# LocalPetals: int = 4;
            @# LocalPhase;
            @# fnLocal Function = Ident;
            @# scale = 1;
            @# outerScale = 1;
            @# petals = 4;
            @# flarePetals = 4;
            @# radialWaves = 4;
            @# circularWaves = 2;
            @# radialStrength;
            @# circularStrength;
            @# radialPhase;
            @# circularPhase;
            @# angleScale;
            @# angleWeight = 1;
            @# phase;
            @# ampPower = 2;
            @# anglePower = 1;
            @# damping = 2;
            @# waves = 1;
            @# strength = 5;
            @# distanceScale = 1;
            @# FeedbackSize: int;
            @# FeedbackStrength;
            @# MaxFeedbackPercent label = "MaxFeedback %" = 100;
            @# InnerFeedback = 1.0;
            @# FeedbackPower = 1.0;
            @# FeedbackOffset;
            @# fnFeedback Function = Ident;
            @# WaitFeedback: bool;
        }

        [ParmsProperty]
        public EvalParameters Parms { get; } = new EvalParameters();
        public Whorl.PixelRenderInfo Info { get; set; }
        public Boolean IsFirstCall { get; set; }
        public Single Position { get; set; }
        public const Double invPi = 1 / Math.PI;
        public Double angleScale { get; set; }
        public Double phase { get; set; }
        public Double radPhase { get; set; }
        public Double cirPhase { get; set; }
        public Double ampScale { get; set; }
        public Double damping { get; set; }
        public Double strength { get; set; }
        public Double addDenom { get; set; }
        private int localPetals { get; set; }
        private PolarPoint[] localCenters {get; set;}
        private int feedbackSize { get; set; }
        private int curStep { get; set; }
        private int modulusStep { get; set; }
        private double stepDiv {get; set;}
        private double[] feedbackArray {get;set;}
        private double feedbackTotal { get; set; }
        private double feedbackAverage { get; set; }
        private double feedbackValue { get; set; }
        private double prevAvg { get; set; }
        private double avgInc { get; set; }
        private double feedbackScale { get; set; }
        private double feedbackStrength { get; set; }
        private bool feedbackReady {get;set;}
        private double feedbackSlope {get; set;}
        private double feedbackFactor {get; set;}
        private bool absFeedback {get; set;}

        private bool CalcFeedback(double position)
        {
            if (feedbackSize &gt; 0)
            {
				if (Info.AngleStep == 0)
				{
    
				int step = Info.ModulusStep;
				if (step &gt;= feedbackSize)
					feedbackReady = true;
				int i = step % feedbackSize;
				prevAvg = feedbackAverage;
				feedbackAverage += feedbackScale * (feedbackTotal - feedbackArray[i]);
				feedbackArray[i] = feedbackTotal;
                                                                feedbackFactor = stepDiv  / Info.MaxAngleStep;
                                                                avgInc = feedbackFactor * (feedbackAverage - prevAvg);
                                                                feedbackValue = prevAvg;
				//feedbackAverage = feedbackScale * feedbackArray.Sum();
					feedbackTotal = 0.0;
				}
				//else
				//     feedbackValue += avgInc;
        
                feedbackTotal += feedbackFactor * position;
            }
			return feedbackReady;
        }

        public void Initialize()
        {
            Info.PolarTraversal = true;
            angleScale = 0.1 * @angleScale;
            phase = Math.PI * @phase / 180;
            radPhase = Math.PI * @radialPhase / 180;
            cirPhase = Math.PI * @circularPhase / 180;
            ampScale = 2 * Math.PI * @waves;
            damping = 0.1 * @damping;
            strength = 0.1 * @strength;
            addDenom = 1 / @Pointiness;
            double phs = Math.PI * @LocalPhase / 180;
            localPetals = Math.Min(32, Math.Max(1, @LocalPetals));
            localCenters = Enumerable.Range(0, localPetals)
                    .Select(i =&gt; new PolarPoint(2.0 * Math.PI * i / localPetals + phs, @LocalModulus)).ToArray();
            feedbackSize = @FeedbackSize;
            //feedbackSize = Math.Min(@FeedbackSize * Info.MaxModulusStep / 400, Info.MaxModulusStep);
			//feedbackSize = 0;
            feedbackArray = new double[feedbackSize];
            stepDiv = (double)Info.MaxModulusStep / 400.0;
            feedbackStrength = @FeedbackStrength; // * 400.0 / Info.MaxModulusStep;
	modulusStep = -1;
	feedbackTotal = 0.0;
	feedbackReady = false;
            modulusStep = curStep = -1;
            feedbackScale = 1.0 / (stepDiv * feedbackSize);
            double maxFeedback = 0.01 * @MaxFeedbackPercent * feedbackStrength;
            feedbackSlope = (maxFeedback - feedbackStrength) / Info.MaxModulusStep;
            feedbackAverage = avgInc = prevAvg = feedbackValue = 0;
            absFeedback = @FeedbackPower != Math.Round(@FeedbackPower);
            //MessageBox.Show(feedbackSize.ToString());
        }

        private double GetFeedback()
        {
                if (feedbackSize == 0)
                     return 0.0;
                double strength = feedbackStrength * (1.0 + feedbackSlope * Info.ModulusStep);
                double v = feedbackValue + @FeedbackOffset;
                if (absFeedback &amp;&amp; v &lt; 0)
                    v = -v;
                return strength * @fnFeedback(@InnerFeedback * Math.Pow(v, @FeedbackPower));
        }

        private double LocalDistance(PolarPoint pp)
        {
              return Enumerable.Range(0, localPetals)
                        .Select(i =&gt; @fnLocal(@LocalWaves * Math.Pow(pp.Distance(localCenters[i]), @LocalPower))).Sum();
        }

        public void Eval()
        {

            PolarPoint pp0 = Info.GetScaledPolar();
            Double angle = @petals * pp0.Angle + phase;
            var pp = new PolarPoint(angle, pp0.Modulus);
            PolarPoint pp2 = new PolarPoint(angle, pp.Modulus);
            double factor = @fnOutline(angle, addDenom);
            if (@InvertOutline)
                 factor = 1.0 - factor;
            double amplitude = @fnOutlineOp(pp.Modulus, factor);
            angle = angle + angleScale * @fnOp(@angleWeight * @fnAngle2(@fnInner1(@flarePetals * angle)), damping + @outerScale * @fnAmplitude(@fnInner2(ampScale * CMath.Pow(amplitude, @ampPower))));
            amplitude += @radialStrength * Math.Sin(@radialWaves * pp0.Angle + radPhase)
                              + @circularStrength * Math.Sin(@circularWaves * pp0.Modulus + cirPhase);
            pp2 = new PolarPoint(angle, amplitude);
            double position = @scale * amplitude + strength * @fnAngle(@distanceScale * 
						      CMath.Pow(pp.Distance(pp2), @anglePower)) + @LocalStrength * LocalDistance(pp);
            if (CalcFeedback(position) || !@WaitFeedback)
                position += GetFeedback();
            Info.Position = (float)(@colorScale * @fnColor(position) + @colorOffset);
        }
    }
}
</Formula>
          <LegacyFormula>parameters  {
     @fnColor varFunction default = ident;
     @fnAngle varFunction default = ident;
     @fnAngle2 varFunction default = ident;
     @fnAmplitude varFunction default = ident;
     @fnInner1 varFunction default = sin;
     @fnInner2 varFunction default = sin;
     @fnInnerAmp varFunction default = ident;
     @fnOp varFunction parameters = 2 default = Quotient;
     @fnOutline varFunction parameters = 2 domain = OutlineMethods;
     @fnOutlineOp varFunction parameters = 2 default = Product;
     @Pointiness default = 3;
     @OutlineWeight default = 1;
     @UseOutline boolean;
     @InvertOutline boolean;
     @C0 default = 0;
     @C1 default = 1;
     @C2 default = 0;
     @C3 default = 0;
     @Power0 default = 0;
     @Power1 default = 1;
     @Power2 default = 2;
     @Power3 default = 3;
     @fn0 varFunction default = ident;
     @fn1 varFunction default = ident;
     @fn2 varFunction default = ident;
     @fn3 varFunction default = ident;
     @scale default = 1;
     @outerScale default = 1;
     @colorScale default = 1;
     @colorPower default = 1;
     @petals integer default = 4 min = 1;
     @flarePetals integer default = 4 min = 1;
     @angleScale default = 0;
     @angleWeight default = 1;
     @phase default = 0;
     @ampPower default = 2;
     @anglePower default = 1;
     @damping default = 2;
     @waves default = 1;
     @strength default = 5;
     @distanceScale default = 1;
}
const invPi = 1 / pi;
paramVar angleScale = 0.1 * @angleScale;
paramVar phase = pi * @phase / 180;
paramVar ampScale = 2 * pi * @waves;
paramVar damping = 0.1 * @damping;
paramVar strength = 0.1 * @strength;
paramVar addDenom = 1 / @Pointiness;

PolarPoint var pp = Info.GetScaledPolar();
var angle = @petals * pp.Angle + phase;
var amplitude = pp.Modulus;
if (@UseOutline)  {
    var otlAmp = @fnOutline(angle, addDenom);
    if (@InvertOutline)
          otlAmp = 1 - otlAmp;
    amplitude = @fnOutlineOp(amplitude, @OutlineWeight * otlAmp);
}
amplitude = @fn0(@C0 * amplitude ^ @Power0) + 
                   @fn1(@C1 * amplitude ^ @Power1) + 
                   @fn2(@C2 * amplitude ^ @Power2) + 
                   @fn3(@C3 * amplitude ^ @Power3);
pp.Angle = angle;
angle = angle + angleScale * @fnOp(@angleWeight * @fnAngle2(@fnInner1(@flarePetals * angle)),
damping + @outerScale * @fnAmplitude(@fnInner2(ampScale * @fnInnerAmp(amplitude) ^ @ampPower)));
PolarPoint var pp2 = new PolarPoint(angle, amplitude);
position = (float)(@colorScale * @fnColor(@scale * amplitude
   + strength * @fnAngle(@distanceScale * pp.Distance(pp2) ^ @anglePower)) ^ @ColorPower);</LegacyFormula>
          <Parameters>
            <Parameter Name="fnColor" TypeName="Func1Parameter`1" Value="Atan" />
            <Parameter Name="colorScale" TypeName="Double" Value="1" />
            <Parameter Name="colorOffset" TypeName="Double" Value="-0.38" />
            <Parameter Name="fnAngle" TypeName="Func1Parameter`1" Value="XtoX" />
            <Parameter Name="fnAngle2" TypeName="Func1Parameter`1" Value="Ident" />
            <Parameter Name="fnOutline" TypeName="Func2Parameter`1" Value="Lobed" />
            <Parameter Name="fnOutlineOp" TypeName="Func2Parameter`1" Value="Atan2" />
            <Parameter Name="InvertOutline" TypeName="Boolean" Value="True" />
            <Parameter Name="fnAmplitude" TypeName="Func1Parameter`1" Value="Ident" />
            <Parameter Name="fnInner1" TypeName="Func1Parameter`1" Value="Ident" />
            <Parameter Name="fnInner2" TypeName="Func1Parameter`1" Value="Ident" />
            <Parameter Name="fnOp" TypeName="Func2Parameter`1" Value="Quotient" />
            <Parameter Name="Pointiness" TypeName="Double" Value="2" />
            <Parameter Name="LocalModulus" TypeName="Double" Value="0.5" />
            <Parameter Name="LocalStrength" TypeName="Double" Value="1" />
            <Parameter Name="LocalWaves" TypeName="Double" Value="0.4" />
            <Parameter Name="LocalPower" TypeName="Double" Value="-0.75" />
            <Parameter Name="LocalPetals" TypeName="Int32" Value="4" />
            <Parameter Name="LocalPhase" TypeName="Double" Value="0" />
            <Parameter Name="fnLocal" TypeName="Func1Parameter`1" Value="Square" />
            <Parameter Name="scale" TypeName="Double" Value="1" />
            <Parameter Name="outerScale" TypeName="Double" Value="2" />
            <Parameter Name="petals" TypeName="Double" Value="4" />
            <Parameter Name="flarePetals" TypeName="Double" Value="1" />
            <Parameter Name="radialWaves" TypeName="Double" Value="8" />
            <Parameter Name="circularWaves" TypeName="Double" Value="2" />
            <Parameter Name="radialStrength" TypeName="Double" Value="0.3" />
            <Parameter Name="circularStrength" TypeName="Double" Value="0.3" />
            <Parameter Name="radialPhase" TypeName="Double" Value="90" />
            <Parameter Name="circularPhase" TypeName="Double" Value="0" />
            <Parameter Name="angleScale" TypeName="Double" Value="1" />
            <Parameter Name="angleWeight" TypeName="Double" Value="1" />
            <Parameter Name="phase" TypeName="Double" Value="90" />
            <Parameter Name="ampPower" TypeName="Double" Value="2" />
            <Parameter Name="anglePower" TypeName="Double" Value="1" />
            <Parameter Name="damping" TypeName="Double" Value="0" />
            <Parameter Name="waves" TypeName="Double" Value="3" />
            <Parameter Name="strength" TypeName="Double" Value="9" />
            <Parameter Name="distanceScale" TypeName="Double" Value="2" />
            <Parameter Name="FeedbackSize" TypeName="Int32" Value="5" />
            <Parameter Name="FeedbackStrength" TypeName="Double" Value="-5" />
            <Parameter Name="MaxFeedbackPercent" TypeName="Double" Value="80" />
            <Parameter Name="InnerFeedback" TypeName="Double" Value="0.05" />
            <Parameter Name="FeedbackPower" TypeName="Double" Value="2" />
            <Parameter Name="FeedbackOffset" TypeName="Double" Value="1" />
            <Parameter Name="fnFeedback" TypeName="Func1Parameter`1" Value="Sin" />
            <Parameter Name="WaitFeedback" TypeName="Boolean" Value="False" />
          </Parameters>
        </FormulaSettings>
      </PixelRendering>
    </Pattern>
  </DefaultPatternGroup>
  <DesignPatterns>
    <Pattern RotationSteps="5000" MergeOperation="Sum" DrawCurve="False" RenderMode="Paint" StainBlendType="Add" StainWidth="10" SharedPatternID="2289" ZoomFactor="1" LoopFactor="0" ShrinkPattern="False" ShrinkPatternLayers="False" ShrinkClipCenterFactor="0" ShrinkPadding="4" ShrinkClipFactor="4" IsBackgroundPattern="True" AllowRandom="True" InfluenceScaleFactor="1" UseLinearGradient="False" GradientPadding="15" GradientRotation="0" RandomSeed="1650787734" XmlPatternID="1617">
      <PathFillInfo ColorMode="Radial">
        <BoundaryColor Color="-1727308989" />
        <CenterColor Color="-449686905" />
        <ColorInfo TranslucentWaves="False" TranslucentCycles="10" TranslucentStrength="1" RandomWaves="False" RandomWavesSeed="1650819265" Colors="-1727308989,-870704312,-872390787" Positions="0,0.4006849,1" />
      </PathFillInfo>
      <PatternLayerList />
      <Center X="543" Y="543" />
      <ZVector Re="0" Im="783.276323655962" />
      <PreviewZFactor Re="0.707106765732237" Im="-0.707106796640858" />
      <BasicOutline IntPetals="2" Frequency="1" UsedFrequency="1" Phase="0" AngleOffset="0" Enabled="True" AmplitudeFactor="1" Pointiness="1" BasicOutlineType="Rectangle" AddDenom="1" />
    </Pattern>
    <Pattern RotationSteps="5000" MergeOperation="Sum" DrawCurve="False" RenderMode="Paint" StainBlendType="Add" StainWidth="10" SharedPatternID="1734" ZoomFactor="1" LoopFactor="0" ShrinkPattern="False" ShrinkPatternLayers="False" ShrinkClipCenterFactor="0" ShrinkPadding="2" ShrinkClipFactor="4" IsBackgroundPattern="False" AllowRandom="True" InfluenceScaleFactor="1" UseLinearGradient="False" GradientPadding="15" GradientRotation="0" RandomSeed="108619600" XmlPatternID="1618">
      <PathFillInfo ColorMode="Radial">
        <BoundaryColor Color="-16777088" />
        <CenterColor Color="-32768" />
        <ColorInfo TranslucentWaves="False" TranslucentCycles="10" TranslucentStrength="1" RandomWaves="False" RandomWavesSeed="1827112453" Colors="-16777088,-48480,-19345,-8355585,-32513,-1" Positions="0,0.06179775,0.2485955,0.508427,0.8581461,1" />
      </PathFillInfo>
      <PatternLayerList />
      <Center X="543" Y="543" />
      <ZVector Re="-0.680216726681333" Im="-283.647789894967" />
      <PreviewZFactor Re="0.707106765732237" Im="-0.707106796640858" />
      <BasicOutline IntPetals="4" Frequency="2" UsedFrequency="2" Phase="0" AngleOffset="0" Enabled="True" AmplitudeFactor="1" Pointiness="15" BasicOutlineType="BroadFull" AddDenom="0.0666666666666667" />
      <BasicOutline IntPetals="4" Frequency="2" UsedFrequency="2" Phase="90.0000000000002" AngleOffset="1.5707963267949" Enabled="True" AmplitudeFactor="0.5" Pointiness="5.99999999999999" BasicOutlineType="Pointed5" AddDenom="0.166666666666667" />
      <PatternTransform TransformName="Flare" SequenceNumber="0" Enabled="True">
        <TransformSettings IsValid="True" IsCSharpFormula="True" FormulaName="Flare">
          <Formula>using System;
using System.Linq;
using Whorl;
using ParserEngine;
using System.Windows.Forms;
namespace WhorlEval
{
    public class WhorlEvalClass
    {
        public class EvalParameters
        {		
            @# LocalModulus = 0.5;
            @# LocalStrength;
            @# LocalWaves = 1;
            @# LocalPower = 1;
            @# LocalDamping = 1;
            [ParameterInfo(MinValue = 1)]
            @# LocalPetals: int = 4;
            @# LocalPhase;
            @# fnLocal Function = Ident;
            @# LocalOp Function params = 2 = Product;

            @# petals: int = 4;
            @# strength = 5;
            @# damping = 0.2;
            @# clipping;
            @# clipWaves = 1;
            @# power = 1;
            @# phase;
        }		
        private double LocalDistance(PolarPoint pp)
        {
              return Enumerable.Range(0, @LocalPetals)
                        .Select(i =&gt; @fnLocal(@LocalWaves * Math.Pow(pp.Distance(localCenters[i]), @LocalPower))).Sum();
        }

        private PolarPoint[] localCenters {get; set;}


        [ParmsProperty]
        public EvalParameters Parms { get; } = new EvalParameters();
        public Whorl.PatternTransform.FormulaInfo Info { get; set; }
        public Boolean IsFirstCall { get; set; }
        public Double angle { get; set; }
        public Double amplitude { get; set; }
        public PolarPoint PreviousPoint { get; set; }
        private Double phase { get; set; }
        private Double strength { get; set; }
        private Double freq { get; set; }

        public void Initialize()
        {
            double phs = Math.PI * @LocalPhase / 180;
            localCenters = Enumerable.Range(0, @LocalPetals)
                    .Select(i =&gt; new PolarPoint(2.0 * Math.PI * i / @LocalPetals + phs, @LocalModulus)).ToArray();

            phase = Math.PI * @phase / 180;
            strength = 0.015 * @strength;
            freq = 2 * @petals;
        }

        public void Eval()
        {
		/*
            PolarPoint pp = Info.GetScaledPolar();
            Double angle = @petals * pp.Angle + phase;
            pp.Angle = angle;
            PolarPoint pp2 = new PolarPoint(angle, pp.Modulus);
            double factor = @fnOutline(angle, addDenom);
            if (@InvertOutline)
                 factor = 1.0 - factor;
            double amplitude = @fnOutlineOp(pp.Modulus, factor);
            angle = angle + angleScale * @fnOp(@angleWeight * @fnAngle2(@fnInner1(@flarePetals * angle)), damping + @outerScale * @fnAmplitude(@fnInner2(ampScale * CMath.Pow(amplitude, @ampPower))));
            pp2 = new PolarPoint(angle, amplitude);
            Info.Position = (float)(@colorScale * @fnColor(@scale * amplitude + strength * @fnAngle(@distanceScale * CMath.Pow(pp.Distance(pp2), @anglePower)) + 
@LocalStrength * LocalDistance(pp)));
		*/

            var pp = new PolarPoint(Info.angle, Info.amplitude);
            double amp = Info.amplitude;
            Info.angle = Info.angle + strength * @LocalOp(Math.Sin(freq * Info.angle + phase),
                               (@LocalDamping + @LocalStrength * LocalDistance(pp)) / @LocalDamping)
                               / (@damping + Math.Max(0, Math.Sin(2.0 * Math.PI * @clipWaves * CMath.Pow(amp, @power)) - @clipping));

        }
    }
}
</Formula>
          <LegacyFormula>parameters {
    @petals integer  min = 1 default = 4;
    @strength default = 5 min = -50 max = 50;
    @damping min = 0.01 default = 0.2;
    @power integer min = 1 default = 1;
    @phase default = 0;
    }
paramVar phase = pi * @phase / 180;
paramVar strength = 0.015 * @strength;
paramVar freq = 2 * @petals;
angle = angle + strength * sin(freq * angle + phase) / (@damping + amplitude  ^ @power);</LegacyFormula>
          <Parameters>
            <Parameter Name="LocalModulus" TypeName="Double" Value="0.5" />
            <Parameter Name="LocalStrength" TypeName="Double" Value="0.75" />
            <Parameter Name="LocalWaves" TypeName="Double" Value="1" />
            <Parameter Name="LocalPower" TypeName="Double" Value="2" />
            <Parameter Name="LocalDamping" TypeName="Double" Value="2" />
            <Parameter Name="LocalPetals" TypeName="Int32" Value="12" />
            <Parameter Name="LocalPhase" TypeName="Double" Value="0" />
            <Parameter Name="fnLocal" TypeName="Func1Parameter`1" Value="Cos" />
            <Parameter Name="LocalOp" TypeName="Func2Parameter`1" Value="Product" />
            <Parameter Name="petals" TypeName="Int32" Value="4" />
            <Parameter Name="strength" TypeName="Double" Value="10" />
            <Parameter Name="damping" TypeName="Double" Value="1.15" />
            <Parameter Name="clipping" TypeName="Double" Value="-0.3" />
            <Parameter Name="clipWaves" TypeName="Double" Value="1.5" />
            <Parameter Name="power" TypeName="Double" Value="2" />
            <Parameter Name="phase" TypeName="Double" Value="0" />
          </Parameters>
        </TransformSettings>
      </PatternTransform>
      <PatternRecursion IsRecursive="True" IsRecursivePattern="False" Scale="0.5" Repetitions="4" RotationAngle="1.5707963267949" RotationOffsetRatio="0.125" AutoSampleFactor="10" Depth="2" DrawAsPatterns="True" OffsetPatterns="True" UsePerspectiveScale="False" OffsetAdjustmentFactor="0.01" UnderlayDrawnPatterns="False" SkipFirstDrawnPattern="False">
        <PatternRecursionInfo IndexOffset="0" ScaleRatioPercentage="100" RotationOffsetDegrees="0" />
        <PatternRecursionInfo IndexOffset="0" ScaleRatioPercentage="100" RotationOffsetDegrees="0" />
        <PatternRecursionInfo IndexOffset="0" ScaleRatioPercentage="100" RotationOffsetDegrees="0" />
        <PatternRecursionInfo IndexOffset="0" ScaleRatioPercentage="100" RotationOffsetDegrees="0" />
        <RecursionPattern RotationSteps="5000" MergeOperation="Sum" DrawCurve="False" RenderMode="Paint" StainBlendType="Add" StainWidth="10" SharedPatternID="1734" ZoomFactor="1" LoopFactor="0" ShrinkPattern="False" ShrinkPatternLayers="False" ShrinkClipCenterFactor="0" ShrinkPadding="2" ShrinkClipFactor="4" IsBackgroundPattern="False" AllowRandom="True" InfluenceScaleFactor="1" UseLinearGradient="False" GradientPadding="15" GradientRotation="0" RandomSeed="108619600" XmlPatternID="1619">
          <PathFillInfo ColorMode="Radial">
            <BoundaryColor Color="-16777088" />
            <CenterColor Color="-32768" />
            <ColorInfo TranslucentWaves="False" TranslucentCycles="10" TranslucentStrength="1" RandomWaves="False" RandomWavesSeed="1827112453" Colors="-16777088,-48480,-19345,-8355585,-32513,-1" Positions="0,0.06179775,0.2485955,0.508427,0.8581461,1" />
          </PathFillInfo>
          <PatternLayerList />
          <Center X="543" Y="543" />
          <ZVector Re="-0.60098114117331" Im="-250.606851869176" />
          <PreviewZFactor Re="0.707106765732237" Im="-0.707106796640858" />
          <BasicOutline IntPetals="4" Frequency="2" UsedFrequency="2" Phase="0" AngleOffset="0" Enabled="True" AmplitudeFactor="1" Pointiness="15" BasicOutlineType="BroadFull" AddDenom="0.0666666666666667" />
          <BasicOutline IntPetals="4" Frequency="2" UsedFrequency="2" Phase="90.0000000000002" AngleOffset="1.5707963267949" Enabled="True" AmplitudeFactor="0.5" Pointiness="5.99999999999999" BasicOutlineType="Pointed5" AddDenom="0.166666666666667" />
          <PatternTransform TransformName="Flare" SequenceNumber="0" Enabled="True">
            <TransformSettings IsValid="True" IsCSharpFormula="True" FormulaName="Flare">
              <Formula>using System;
using System.Linq;
using Whorl;
using ParserEngine;
using System.Windows.Forms;
namespace WhorlEval
{
    public class WhorlEvalClass
    {
        public class EvalParameters
        {		
            @# LocalModulus = 0.5;
            @# LocalStrength;
            @# LocalWaves = 1;
            @# LocalPower = 1;
            @# LocalDamping = 1;
            [ParameterInfo(MinValue = 1)]
            @# LocalPetals: int = 4;
            @# LocalPhase;
            @# fnLocal Function = Ident;
            @# LocalOp Function params = 2 = Product;

            @# petals: int = 4;
            @# strength = 5;
            @# damping = 0.2;
            @# clipping;
            @# clipWaves = 1;
            @# power = 1;
            @# phase;
        }		
        private double LocalDistance(PolarPoint pp)
        {
              return Enumerable.Range(0, @LocalPetals)
                        .Select(i =&gt; @fnLocal(@LocalWaves * Math.Pow(pp.Distance(localCenters[i]), @LocalPower))).Sum();
        }

        private PolarPoint[] localCenters {get; set;}


        [ParmsProperty]
        public EvalParameters Parms { get; } = new EvalParameters();
        public Whorl.PatternTransform.FormulaInfo Info { get; set; }
        public Boolean IsFirstCall { get; set; }
        public Double angle { get; set; }
        public Double amplitude { get; set; }
        public PolarPoint PreviousPoint { get; set; }
        private Double phase { get; set; }
        private Double strength { get; set; }
        private Double freq { get; set; }

        public void Initialize()
        {
            double phs = Math.PI * @LocalPhase / 180;
            localCenters = Enumerable.Range(0, @LocalPetals)
                    .Select(i =&gt; new PolarPoint(2.0 * Math.PI * i / @LocalPetals + phs, @LocalModulus)).ToArray();

            phase = Math.PI * @phase / 180;
            strength = 0.015 * @strength;
            freq = 2 * @petals;
        }

        public void Eval()
        {
		/*
            PolarPoint pp = Info.GetScaledPolar();
            Double angle = @petals * pp.Angle + phase;
            pp.Angle = angle;
            PolarPoint pp2 = new PolarPoint(angle, pp.Modulus);
            double factor = @fnOutline(angle, addDenom);
            if (@InvertOutline)
                 factor = 1.0 - factor;
            double amplitude = @fnOutlineOp(pp.Modulus, factor);
            angle = angle + angleScale * @fnOp(@angleWeight * @fnAngle2(@fnInner1(@flarePetals * angle)), damping + @outerScale * @fnAmplitude(@fnInner2(ampScale * CMath.Pow(amplitude, @ampPower))));
            pp2 = new PolarPoint(angle, amplitude);
            Info.Position = (float)(@colorScale * @fnColor(@scale * amplitude + strength * @fnAngle(@distanceScale * CMath.Pow(pp.Distance(pp2), @anglePower)) + 
@LocalStrength * LocalDistance(pp)));
		*/

            var pp = new PolarPoint(Info.angle, Info.amplitude);
            double amp = Info.amplitude;
            Info.angle = Info.angle + strength * @LocalOp(Math.Sin(freq * Info.angle + phase),
                               (@LocalDamping + @LocalStrength * LocalDistance(pp)) / @LocalDamping)
                               / (@damping + Math.Max(0, Math.Sin(2.0 * Math.PI * @clipWaves * CMath.Pow(amp, @power)) - @clipping));

        }
    }
}
</Formula>
              <LegacyFormula>parameters {
    @petals integer  min = 1 default = 4;
    @strength default = 5 min = -50 max = 50;
    @damping min = 0.01 default = 0.2;
    @power integer min = 1 default = 1;
    @phase default = 0;
    }
paramVar phase = pi * @phase / 180;
paramVar strength = 0.015 * @strength;
paramVar freq = 2 * @petals;
angle = angle + strength * sin(freq * angle + phase) / (@damping + amplitude  ^ @power);</LegacyFormula>
              <Parameters>
                <Parameter Name="LocalModulus" TypeName="Double" Value="0.5" />
                <Parameter Name="LocalStrength" TypeName="Double" Value="0.75" />
                <Parameter Name="LocalWaves" TypeName="Double" Value="1" />
                <Parameter Name="LocalPower" TypeName="Double" Value="2" />
                <Parameter Name="LocalDamping" TypeName="Double" Value="2" />
                <Parameter Name="LocalPetals" TypeName="Int32" Value="12" />
                <Parameter Name="LocalPhase" TypeName="Double" Value="0" />
                <Parameter Name="fnLocal" TypeName="Func1Parameter`1" Value="Cos" />
                <Parameter Name="LocalOp" TypeName="Func2Parameter`1" Value="Product" />
                <Parameter Name="petals" TypeName="Int32" Value="4" />
                <Parameter Name="strength" TypeName="Double" Value="10" />
                <Parameter Name="damping" TypeName="Double" Value="1.15" />
                <Parameter Name="clipping" TypeName="Double" Value="-0.3" />
                <Parameter Name="clipWaves" TypeName="Double" Value="1.5" />
                <Parameter Name="power" TypeName="Double" Value="2" />
                <Parameter Name="phase" TypeName="Double" Value="0" />
              </Parameters>
            </TransformSettings>
          </PatternTransform>
          <PatternRecursion IsRecursive="True" IsRecursivePattern="True" Scale="0.5" Repetitions="4" RotationAngle="0" RotationOffsetRatio="0.125" AutoSampleFactor="10" Depth="2" DrawAsPatterns="True" OffsetPatterns="True" UsePerspectiveScale="False" OffsetAdjustmentFactor="0.01" UnderlayDrawnPatterns="False" SkipFirstDrawnPattern="True">
            <PatternRecursionInfo IndexOffset="0" ScaleRatioPercentage="100" RotationOffsetDegrees="0" />
            <PatternRecursionInfo IndexOffset="0" ScaleRatioPercentage="100" RotationOffsetDegrees="0" />
            <PatternRecursionInfo IndexOffset="0" ScaleRatioPercentage="100" RotationOffsetDegrees="0" />
            <PatternRecursionInfo IndexOffset="0" ScaleRatioPercentage="100" RotationOffsetDegrees="0" />
          </PatternRecursion>
          <PixelRendering Enabled="True" PatternLayerIndex="0" FormulaEnabled="True" ZoomFactor="0.6" UseDistanceOutline="False" SmoothedDraft="True">
            <PanXY X="0" Y="0" />
            <ColorNodes>
              <ColorNode Color="-9079297" Position="0.01264045" />
              <ColorNode Color="-15343" Position="0.08146068" />
              <ColorNode Color="-41257" Position="0.2008427" />
              <ColorNode Color="-16723308" Position="0.2092697" />
              <ColorNode Color="-10057473" Position="0.2514045" />
              <ColorNode Color="-16777088" Position="0.2780899" />
              <ColorNode Color="-10680" Position="0.3075843" />
              <ColorNode Color="-24700" Position="0.3890449" />
              <ColorNode Color="-1270273" Position="0.4143258" />
              <ColorNode Color="-8355585" Position="0.4620787" />
              <ColorNode Color="-14822472" Position="0.5280899" />
              <ColorNode Color="-5728769" Position="0.5646067" />
              <ColorNode Color="-9933846" Position="0.619382" />
              <ColorNode Color="-3761922" Position="0.6516854" />
              <ColorNode Color="-753154" Position="0.6797753" />
              <ColorNode Color="-11491330" Position="0.7345505" />
              <ColorNode Color="-78229" Position="0.8216292" />
              <ColorNode Color="-12694815" Position="0.877809" />
              <ColorNode Color="-8947713" Position="0.9073034" />
              <ColorNode Color="-12670729" Position="0.9325843" />
            </ColorNodes>
            <FormulaSettings IsValid="True" IsCSharpFormula="True" FormulaName="Local Centers.cs">
              <Formula>using System;
using Whorl;
using ParserEngine;
using System.Windows.Forms;
using System.Linq;
namespace WhorlEval
{
    public class WhorlEvalClass
    {
        public class EvalParameters
        {
            @# fnColor Function = Ident;
            @# fnAngle Function = Ident;
            @# fnAngle2 Function = Ident;
            @# fnOutline Function Params = 2 From OutlineMethods = Sine;
            @# fnOutlineOp Function Params = 2 = Product;
            @# InvertOutline: bool;
            @# fnAmplitude Function = Ident;
            @# fnInner1 Function = Sin;
            @# fnInner2 Function = Sin;
            @# fnOp Function Params = 2 = Quotient;
            @# Pointiness = 4;
            @# LocalModulus = 0.5;
            @# LocalStrength;
            @# LocalWaves = 1;
            @# LocalPower = 1;
            [ParameterInfo(MinValue = 1)]
            @# LocalPetals: int = 4;
            @# LocalPhase;
            @# fnLocal Function = Ident;
            @# scale = 1;
            @# outerScale = 1;
            @# colorScale = 1;
            @# petals = 4;
            @# flarePetals = 4;
            @# angleScale;
            @# angleWeight = 1;
            @# phase;
            @# ampPower = 2;
            @# anglePower = 1;
            @# damping = 2;
            @# waves = 1;
            @# strength = 5;
            @# distanceScale = 1;
        }

        [ParmsProperty]
        public EvalParameters Parms { get; } = new EvalParameters();
        public Whorl.PixelRenderInfo Info { get; set; }
        public Boolean IsFirstCall { get; set; }
        public Single Position { get; set; }
        public const Double invPi = 1 / Math.PI;
        public Double angleScale { get; set; }
        public Double phase { get; set; }
        public Double ampScale { get; set; }
        public Double damping { get; set; }
        public Double strength { get; set; }
        public Double addDenom { get; set; }
        private PolarPoint[] localCenters {get; set;}

        public void Initialize()
        {
            angleScale = 0.1 * @angleScale;
            phase = Math.PI * @phase / 180;
            ampScale = 2 * Math.PI * @waves;
            damping = 0.1 * @damping;
            strength = 0.1 * @strength;
            addDenom = 1 / @Pointiness;
            double phs = Math.PI * @LocalPhase / 180;
            localCenters = Enumerable.Range(0, @LocalPetals)
                    .Select(i =&gt; new PolarPoint(2.0 * Math.PI * i / @LocalPetals + phs, @LocalModulus)).ToArray();
            //MessageBox.Show(LocalDistance(new PolarPoint(0, 1)).ToString());
        }

        private double LocalDistance(PolarPoint pp)
        {
              return Enumerable.Range(0, @LocalPetals)
                        .Select(i =&gt; @fnLocal(@LocalWaves * Math.Pow(pp.Distance(localCenters[i]), @LocalPower))).Sum();
        }

        public void Eval()
        {
            const double inv2Pi = 0.5 / Math.PI;

            PolarPoint pp = Info.GetScaledPolar();
            Double angle = @petals * pp.Angle + phase;
            pp.Angle = angle;
            PolarPoint pp2 = new PolarPoint(angle, pp.Modulus);
            double factor = @fnOutline(angle, addDenom);
            if (@InvertOutline)
                 factor = 1.0 - factor;
            double amplitude = @fnOutlineOp(pp.Modulus, factor);
            angle = angle + angleScale * @fnOp(@angleWeight * @fnAngle2(@fnInner1(@flarePetals * angle)), damping + @outerScale * @fnAmplitude(@fnInner2(ampScale * CMath.Pow(amplitude, @ampPower))));
            pp2 = new PolarPoint(angle, amplitude);
            Info.Position = (float)(@colorScale * @fnColor(@scale * amplitude + strength * @fnAngle(@distanceScale * CMath.Pow(pp.Distance(pp2), @anglePower)) + 
@LocalStrength * LocalDistance(pp)));
        }
    }
}
</Formula>
              <LegacyFormula>parameters  {
     @fnColor varFunction default = ident;
     @fnAngle varFunction default = ident;
     @fnAngle2 varFunction default = ident;
     @fnAmplitude varFunction default = ident;
     @fnInner1 varFunction default = sin;
     @fnInner2 varFunction default = sin;
     @fnInnerAmp varFunction default = ident;
     @fnOp varFunction parameters = 2 default = Quotient;
     @fnOutline varFunction parameters = 2 domain = OutlineMethods;
     @fnOutlineOp varFunction parameters = 2 default = Product;
     @Pointiness default = 3;
     @OutlineWeight default = 1;
     @UseOutline boolean;
     @InvertOutline boolean;
     @C0 default = 0;
     @C1 default = 1;
     @C2 default = 0;
     @C3 default = 0;
     @Power0 default = 0;
     @Power1 default = 1;
     @Power2 default = 2;
     @Power3 default = 3;
     @fn0 varFunction default = ident;
     @fn1 varFunction default = ident;
     @fn2 varFunction default = ident;
     @fn3 varFunction default = ident;
     @scale default = 1;
     @outerScale default = 1;
     @colorScale default = 1;
     @colorPower default = 1;
     @petals integer default = 4 min = 1;
     @flarePetals integer default = 4 min = 1;
     @angleScale default = 0;
     @angleWeight default = 1;
     @phase default = 0;
     @ampPower default = 2;
     @anglePower default = 1;
     @damping default = 2;
     @waves default = 1;
     @strength default = 5;
     @distanceScale default = 1;
}
const invPi = 1 / pi;
paramVar angleScale = 0.1 * @angleScale;
paramVar phase = pi * @phase / 180;
paramVar ampScale = 2 * pi * @waves;
paramVar damping = 0.1 * @damping;
paramVar strength = 0.1 * @strength;
paramVar addDenom = 1 / @Pointiness;

PolarPoint var pp = Info.GetScaledPolar();
var angle = @petals * pp.Angle + phase;
var amplitude = pp.Modulus;
if (@UseOutline)  {
    var otlAmp = @fnOutline(angle, addDenom);
    if (@InvertOutline)
          otlAmp = 1 - otlAmp;
    amplitude = @fnOutlineOp(amplitude, @OutlineWeight * otlAmp);
}
amplitude = @fn0(@C0 * amplitude ^ @Power0) + 
                   @fn1(@C1 * amplitude ^ @Power1) + 
                   @fn2(@C2 * amplitude ^ @Power2) + 
                   @fn3(@C3 * amplitude ^ @Power3);
pp.Angle = angle;
angle = angle + angleScale * @fnOp(@angleWeight * @fnAngle2(@fnInner1(@flarePetals * angle)),
damping + @outerScale * @fnAmplitude(@fnInner2(ampScale * @fnInnerAmp(amplitude) ^ @ampPower)));
PolarPoint var pp2 = new PolarPoint(angle, amplitude);
position = (float)(@colorScale * @fnColor(@scale * amplitude
   + strength * @fnAngle(@distanceScale * pp.Distance(pp2) ^ @anglePower)) ^ @ColorPower);</LegacyFormula>
              <Parameters>
                <Parameter Name="fnColor" TypeName="Func1Parameter`1" Value="Sqrt" />
                <Parameter Name="fnAngle" TypeName="Func1Parameter`1" Value="Sqrt" />
                <Parameter Name="fnAngle2" TypeName="Func1Parameter`1" Value="Ident" />
                <Parameter Name="fnOutline" TypeName="Func2Parameter`1" Value="Pointed4" />
                <Parameter Name="fnOutlineOp" TypeName="Func2Parameter`1" Value="Sum" />
                <Parameter Name="InvertOutline" TypeName="Boolean" Value="True" />
                <Parameter Name="fnAmplitude" TypeName="Func1Parameter`1" Value="Sin" />
                <Parameter Name="fnInner1" TypeName="Func1Parameter`1" Value="Sin" />
                <Parameter Name="fnInner2" TypeName="Func1Parameter`1" Value="Sin" />
                <Parameter Name="fnOp" TypeName="Func2Parameter`1" Value="Atan2" />
                <Parameter Name="Pointiness" TypeName="Double" Value="2" />
                <Parameter Name="LocalModulus" TypeName="Double" Value="0.8" />
                <Parameter Name="LocalStrength" TypeName="Double" Value="2.6" />
                <Parameter Name="LocalWaves" TypeName="Double" Value="0.5" />
                <Parameter Name="LocalPower" TypeName="Double" Value="-0.15" />
                <Parameter Name="LocalPetals" TypeName="Int32" Value="2" />
                <Parameter Name="LocalPhase" TypeName="Double" Value="0" />
                <Parameter Name="fnLocal" TypeName="Func1Parameter`1" Value="Tanh" />
                <Parameter Name="scale" TypeName="Double" Value="1" />
                <Parameter Name="outerScale" TypeName="Double" Value="1" />
                <Parameter Name="colorScale" TypeName="Double" Value="1.1" />
                <Parameter Name="petals" TypeName="Double" Value="4" />
                <Parameter Name="flarePetals" TypeName="Double" Value="1" />
                <Parameter Name="angleScale" TypeName="Double" Value="4" />
                <Parameter Name="angleWeight" TypeName="Double" Value="1" />
                <Parameter Name="phase" TypeName="Double" Value="0" />
                <Parameter Name="ampPower" TypeName="Double" Value="3" />
                <Parameter Name="anglePower" TypeName="Double" Value="4" />
                <Parameter Name="damping" TypeName="Double" Value="0.1" />
                <Parameter Name="waves" TypeName="Double" Value="0.5" />
                <Parameter Name="strength" TypeName="Double" Value="-3" />
                <Parameter Name="distanceScale" TypeName="Double" Value="1" />
              </Parameters>
            </FormulaSettings>
          </PixelRendering>
        </RecursionPattern>
        <RecursionPattern RotationSteps="5000" MergeOperation="Sum" DrawCurve="False" RenderMode="Paint" StainBlendType="Add" StainWidth="10" SharedPatternID="1734" ZoomFactor="1" LoopFactor="0" ShrinkPattern="False" ShrinkPatternLayers="False" ShrinkClipCenterFactor="0" ShrinkPadding="2" ShrinkClipFactor="4" IsBackgroundPattern="False" AllowRandom="True" InfluenceScaleFactor="1" UseLinearGradient="False" GradientPadding="15" GradientRotation="0" RandomSeed="108619600" XmlPatternID="1620">
          <TextureFillInfo TextureScale="1">
            <TextureImageFileName>C:\WhorlFilesDev\Textures\PinkDahlia2.png</TextureImageFileName>
            <TextureOffset X="0" Y="0" />
          </TextureFillInfo>
          <PatternLayerList />
          <Center X="543" Y="543" />
          <ZVector Re="-0.60098114117331" Im="-250.606851869176" />
          <PreviewZFactor Re="0.707106765732237" Im="-0.707106796640858" />
          <BasicOutline IntPetals="4" Frequency="2" UsedFrequency="2" Phase="0" AngleOffset="0" Enabled="True" AmplitudeFactor="1" Pointiness="15" BasicOutlineType="BroadFull" AddDenom="0.0666666666666667" />
          <BasicOutline IntPetals="4" Frequency="2" UsedFrequency="2" Phase="90.0000000000002" AngleOffset="1.5707963267949" Enabled="True" AmplitudeFactor="0.5" Pointiness="5.99999999999999" BasicOutlineType="Pointed5" AddDenom="0.166666666666667" />
          <PatternTransform TransformName="Flare" SequenceNumber="0" Enabled="True">
            <TransformSettings IsValid="True" IsCSharpFormula="True" FormulaName="Flare">
              <Formula>using System;
using System.Linq;
using Whorl;
using ParserEngine;
using System.Windows.Forms;
namespace WhorlEval
{
    public class WhorlEvalClass
    {
        public class EvalParameters
        {		
            @# LocalModulus = 0.5;
            @# LocalStrength;
            @# LocalWaves = 1;
            @# LocalPower = 1;
            @# LocalDamping = 1;
            [ParameterInfo(MinValue = 1)]
            @# LocalPetals: int = 4;
            @# LocalPhase;
            @# fnLocal Function = Ident;
            @# LocalOp Function params = 2 = Product;

            @# petals: int = 4;
            @# strength = 5;
            @# damping = 0.2;
            @# clipping;
            @# clipWaves = 1;
            @# power = 1;
            @# phase;
        }		
        private double LocalDistance(PolarPoint pp)
        {
              return Enumerable.Range(0, @LocalPetals)
                        .Select(i =&gt; @fnLocal(@LocalWaves * Math.Pow(pp.Distance(localCenters[i]), @LocalPower))).Sum();
        }

        private PolarPoint[] localCenters {get; set;}


        [ParmsProperty]
        public EvalParameters Parms { get; } = new EvalParameters();
        public Whorl.PatternTransform.FormulaInfo Info { get; set; }
        public Boolean IsFirstCall { get; set; }
        public Double angle { get; set; }
        public Double amplitude { get; set; }
        public PolarPoint PreviousPoint { get; set; }
        private Double phase { get; set; }
        private Double strength { get; set; }
        private Double freq { get; set; }

        public void Initialize()
        {
            double phs = Math.PI * @LocalPhase / 180;
            localCenters = Enumerable.Range(0, @LocalPetals)
                    .Select(i =&gt; new PolarPoint(2.0 * Math.PI * i / @LocalPetals + phs, @LocalModulus)).ToArray();

            phase = Math.PI * @phase / 180;
            strength = 0.015 * @strength;
            freq = 2 * @petals;
        }

        public void Eval()
        {
		/*
            PolarPoint pp = Info.GetScaledPolar();
            Double angle = @petals * pp.Angle + phase;
            pp.Angle = angle;
            PolarPoint pp2 = new PolarPoint(angle, pp.Modulus);
            double factor = @fnOutline(angle, addDenom);
            if (@InvertOutline)
                 factor = 1.0 - factor;
            double amplitude = @fnOutlineOp(pp.Modulus, factor);
            angle = angle + angleScale * @fnOp(@angleWeight * @fnAngle2(@fnInner1(@flarePetals * angle)), damping + @outerScale * @fnAmplitude(@fnInner2(ampScale * CMath.Pow(amplitude, @ampPower))));
            pp2 = new PolarPoint(angle, amplitude);
            Info.Position = (float)(@colorScale * @fnColor(@scale * amplitude + strength * @fnAngle(@distanceScale * CMath.Pow(pp.Distance(pp2), @anglePower)) + 
@LocalStrength * LocalDistance(pp)));
		*/

            var pp = new PolarPoint(Info.angle, Info.amplitude);
            double amp = Info.amplitude;
            Info.angle = Info.angle + strength * @LocalOp(Math.Sin(freq * Info.angle + phase),
                               (@LocalDamping + @LocalStrength * LocalDistance(pp)) / @LocalDamping)
                               / (@damping + Math.Max(0, Math.Sin(2.0 * Math.PI * @clipWaves * CMath.Pow(amp, @power)) - @clipping));

        }
    }
}
</Formula>
              <LegacyFormula>parameters {
    @petals integer  min = 1 default = 4;
    @strength default = 5 min = -50 max = 50;
    @damping min = 0.01 default = 0.2;
    @power integer min = 1 default = 1;
    @phase default = 0;
    }
paramVar phase = pi * @phase / 180;
paramVar strength = 0.015 * @strength;
paramVar freq = 2 * @petals;
angle = angle + strength * sin(freq * angle + phase) / (@damping + amplitude  ^ @power);</LegacyFormula>
              <Parameters>
                <Parameter Name="LocalModulus" TypeName="Double" Value="0.5" />
                <Parameter Name="LocalStrength" TypeName="Double" Value="0.75" />
                <Parameter Name="LocalWaves" TypeName="Double" Value="1" />
                <Parameter Name="LocalPower" TypeName="Double" Value="2" />
                <Parameter Name="LocalDamping" TypeName="Double" Value="2" />
                <Parameter Name="LocalPetals" TypeName="Int32" Value="12" />
                <Parameter Name="LocalPhase" TypeName="Double" Value="0" />
                <Parameter Name="fnLocal" TypeName="Func1Parameter`1" Value="Cos" />
                <Parameter Name="LocalOp" TypeName="Func2Parameter`1" Value="Product" />
                <Parameter Name="petals" TypeName="Int32" Value="4" />
                <Parameter Name="strength" TypeName="Double" Value="10" />
                <Parameter Name="damping" TypeName="Double" Value="1.15" />
                <Parameter Name="clipping" TypeName="Double" Value="-0.3" />
                <Parameter Name="clipWaves" TypeName="Double" Value="1.5" />
                <Parameter Name="power" TypeName="Double" Value="2" />
                <Parameter Name="phase" TypeName="Double" Value="0" />
              </Parameters>
            </TransformSettings>
          </PatternTransform>
          <PatternRecursion IsRecursive="True" IsRecursivePattern="True" Scale="0.4" Repetitions="4" RotationAngle="0" RotationOffsetRatio="0.125" AutoSampleFactor="10" Depth="2" DrawAsPatterns="True" OffsetPatterns="True" UsePerspectiveScale="False" OffsetAdjustmentFactor="0" UnderlayDrawnPatterns="False" SkipFirstDrawnPattern="False">
            <PatternRecursionInfo IndexOffset="0" ScaleRatioPercentage="100" RotationOffsetDegrees="0" />
            <PatternRecursionInfo IndexOffset="0" ScaleRatioPercentage="100" RotationOffsetDegrees="0" />
            <PatternRecursionInfo IndexOffset="0" ScaleRatioPercentage="100" RotationOffsetDegrees="0" />
            <PatternRecursionInfo IndexOffset="0" ScaleRatioPercentage="100" RotationOffsetDegrees="0" />
          </PatternRecursion>
          <PixelRendering Enabled="False" PatternLayerIndex="0" FormulaEnabled="True" ZoomFactor="0.6" UseDistanceOutline="False" SmoothedDraft="True">
            <PanXY X="0" Y="0" />
            <ColorNodes>
              <ColorNode Color="-9079297" Position="0.01264045" />
              <ColorNode Color="-15343" Position="0.08146068" />
              <ColorNode Color="-41257" Position="0.2008427" />
              <ColorNode Color="-16723308" Position="0.2092697" />
              <ColorNode Color="-10057473" Position="0.2514045" />
              <ColorNode Color="-16777088" Position="0.2780899" />
              <ColorNode Color="-10680" Position="0.3075843" />
              <ColorNode Color="-24700" Position="0.3890449" />
              <ColorNode Color="-1270273" Position="0.4143258" />
              <ColorNode Color="-8355585" Position="0.4620787" />
              <ColorNode Color="-14822472" Position="0.5280899" />
              <ColorNode Color="-5728769" Position="0.5646067" />
              <ColorNode Color="-9933846" Position="0.619382" />
              <ColorNode Color="-3761922" Position="0.6516854" />
              <ColorNode Color="-753154" Position="0.6797753" />
              <ColorNode Color="-11491330" Position="0.7345505" />
              <ColorNode Color="-78229" Position="0.8216292" />
              <ColorNode Color="-12694815" Position="0.877809" />
              <ColorNode Color="-8947713" Position="0.9073034" />
              <ColorNode Color="-12670729" Position="0.9325843" />
            </ColorNodes>
            <FormulaSettings IsValid="True" IsCSharpFormula="True" FormulaName="Local Centers.cs">
              <Formula>using System;
using Whorl;
using ParserEngine;
using System.Windows.Forms;
using System.Linq;
namespace WhorlEval
{
    public class WhorlEvalClass
    {
        public class EvalParameters
        {
            @# fnColor Function = Ident;
            @# fnAngle Function = Ident;
            @# fnAngle2 Function = Ident;
            @# fnOutline Function Params = 2 From OutlineMethods = Sine;
            @# fnOutlineOp Function Params = 2 = Product;
            @# InvertOutline: bool;
            @# fnAmplitude Function = Ident;
            @# fnInner1 Function = Sin;
            @# fnInner2 Function = Sin;
            @# fnOp Function Params = 2 = Quotient;
            @# Pointiness = 4;
            @# LocalModulus = 0.5;
            @# LocalStrength;
            @# LocalWaves = 1;
            @# LocalPower = 1;
            [ParameterInfo(MinValue = 1)]
            @# LocalPetals: int = 4;
            @# LocalPhase;
            @# fnLocal Function = Ident;
            @# scale = 1;
            @# outerScale = 1;
            @# colorScale = 1;
            @# petals = 4;
            @# flarePetals = 4;
            @# angleScale;
            @# angleWeight = 1;
            @# phase;
            @# ampPower = 2;
            @# anglePower = 1;
            @# damping = 2;
            @# waves = 1;
            @# strength = 5;
            @# distanceScale = 1;
        }

        [ParmsProperty]
        public EvalParameters Parms { get; } = new EvalParameters();
        public Whorl.PixelRenderInfo Info { get; set; }
        public Boolean IsFirstCall { get; set; }
        public Single Position { get; set; }
        public const Double invPi = 1 / Math.PI;
        public Double angleScale { get; set; }
        public Double phase { get; set; }
        public Double ampScale { get; set; }
        public Double damping { get; set; }
        public Double strength { get; set; }
        public Double addDenom { get; set; }
        private PolarPoint[] localCenters {get; set;}

        public void Initialize()
        {
            angleScale = 0.1 * @angleScale;
            phase = Math.PI * @phase / 180;
            ampScale = 2 * Math.PI * @waves;
            damping = 0.1 * @damping;
            strength = 0.1 * @strength;
            addDenom = 1 / @Pointiness;
            double phs = Math.PI * @LocalPhase / 180;
            localCenters = Enumerable.Range(0, @LocalPetals)
                    .Select(i =&gt; new PolarPoint(2.0 * Math.PI * i / @LocalPetals + phs, @LocalModulus)).ToArray();
            //MessageBox.Show(LocalDistance(new PolarPoint(0, 1)).ToString());
        }

        private double LocalDistance(PolarPoint pp)
        {
              return Enumerable.Range(0, @LocalPetals)
                        .Select(i =&gt; @fnLocal(@LocalWaves * Math.Pow(pp.Distance(localCenters[i]), @LocalPower))).Sum();
        }

        public void Eval()
        {
            const double inv2Pi = 0.5 / Math.PI;

            PolarPoint pp = Info.GetScaledPolar();
            Double angle = @petals * pp.Angle + phase;
            pp.Angle = angle;
            PolarPoint pp2 = new PolarPoint(angle, pp.Modulus);
            double factor = @fnOutline(angle, addDenom);
            if (@InvertOutline)
                 factor = 1.0 - factor;
            double amplitude = @fnOutlineOp(pp.Modulus, factor);
            angle = angle + angleScale * @fnOp(@angleWeight * @fnAngle2(@fnInner1(@flarePetals * angle)), damping + @outerScale * @fnAmplitude(@fnInner2(ampScale * CMath.Pow(amplitude, @ampPower))));
            pp2 = new PolarPoint(angle, amplitude);
            Info.Position = (float)(@colorScale * @fnColor(@scale * amplitude + strength * @fnAngle(@distanceScale * CMath.Pow(pp.Distance(pp2), @anglePower)) + 
@LocalStrength * LocalDistance(pp)));
        }
    }
}
</Formula>
              <LegacyFormula>parameters  {
     @fnColor varFunction default = ident;
     @fnAngle varFunction default = ident;
     @fnAngle2 varFunction default = ident;
     @fnAmplitude varFunction default = ident;
     @fnInner1 varFunction default = sin;
     @fnInner2 varFunction default = sin;
     @fnInnerAmp varFunction default = ident;
     @fnOp varFunction parameters = 2 default = Quotient;
     @fnOutline varFunction parameters = 2 domain = OutlineMethods;
     @fnOutlineOp varFunction parameters = 2 default = Product;
     @Pointiness default = 3;
     @OutlineWeight default = 1;
     @UseOutline boolean;
     @InvertOutline boolean;
     @C0 default = 0;
     @C1 default = 1;
     @C2 default = 0;
     @C3 default = 0;
     @Power0 default = 0;
     @Power1 default = 1;
     @Power2 default = 2;
     @Power3 default = 3;
     @fn0 varFunction default = ident;
     @fn1 varFunction default = ident;
     @fn2 varFunction default = ident;
     @fn3 varFunction default = ident;
     @scale default = 1;
     @outerScale default = 1;
     @colorScale default = 1;
     @colorPower default = 1;
     @petals integer default = 4 min = 1;
     @flarePetals integer default = 4 min = 1;
     @angleScale default = 0;
     @angleWeight default = 1;
     @phase default = 0;
     @ampPower default = 2;
     @anglePower default = 1;
     @damping default = 2;
     @waves default = 1;
     @strength default = 5;
     @distanceScale default = 1;
}
const invPi = 1 / pi;
paramVar angleScale = 0.1 * @angleScale;
paramVar phase = pi * @phase / 180;
paramVar ampScale = 2 * pi * @waves;
paramVar damping = 0.1 * @damping;
paramVar strength = 0.1 * @strength;
paramVar addDenom = 1 / @Pointiness;

PolarPoint var pp = Info.GetScaledPolar();
var angle = @petals * pp.Angle + phase;
var amplitude = pp.Modulus;
if (@UseOutline)  {
    var otlAmp = @fnOutline(angle, addDenom);
    if (@InvertOutline)
          otlAmp = 1 - otlAmp;
    amplitude = @fnOutlineOp(amplitude, @OutlineWeight * otlAmp);
}
amplitude = @fn0(@C0 * amplitude ^ @Power0) + 
                   @fn1(@C1 * amplitude ^ @Power1) + 
                   @fn2(@C2 * amplitude ^ @Power2) + 
                   @fn3(@C3 * amplitude ^ @Power3);
pp.Angle = angle;
angle = angle + angleScale * @fnOp(@angleWeight * @fnAngle2(@fnInner1(@flarePetals * angle)),
damping + @outerScale * @fnAmplitude(@fnInner2(ampScale * @fnInnerAmp(amplitude) ^ @ampPower)));
PolarPoint var pp2 = new PolarPoint(angle, amplitude);
position = (float)(@colorScale * @fnColor(@scale * amplitude
   + strength * @fnAngle(@distanceScale * pp.Distance(pp2) ^ @anglePower)) ^ @ColorPower);</LegacyFormula>
              <Parameters>
                <Parameter Name="fnColor" TypeName="Func1Parameter`1" Value="Ident" />
                <Parameter Name="fnAngle" TypeName="Func1Parameter`1" Value="Sqrt" />
                <Parameter Name="fnAngle2" TypeName="Func1Parameter`1" Value="Ident" />
                <Parameter Name="fnOutline" TypeName="Func2Parameter`1" Value="Pointed4" />
                <Parameter Name="fnOutlineOp" TypeName="Func2Parameter`1" Value="Sum" />
                <Parameter Name="InvertOutline" TypeName="Boolean" Value="True" />
                <Parameter Name="fnAmplitude" TypeName="Func1Parameter`1" Value="Sin" />
                <Parameter Name="fnInner1" TypeName="Func1Parameter`1" Value="Sin" />
                <Parameter Name="fnInner2" TypeName="Func1Parameter`1" Value="Sin" />
                <Parameter Name="fnOp" TypeName="Func2Parameter`1" Value="Atan2" />
                <Parameter Name="Pointiness" TypeName="Double" Value="2" />
                <Parameter Name="LocalModulus" TypeName="Double" Value="0.8" />
                <Parameter Name="LocalStrength" TypeName="Double" Value="2.6" />
                <Parameter Name="LocalWaves" TypeName="Double" Value="0.5" />
                <Parameter Name="LocalPower" TypeName="Double" Value="-0.15" />
                <Parameter Name="LocalPetals" TypeName="Int32" Value="2" />
                <Parameter Name="LocalPhase" TypeName="Double" Value="0" />
                <Parameter Name="fnLocal" TypeName="Func1Parameter`1" Value="Tanh" />
                <Parameter Name="scale" TypeName="Double" Value="1" />
                <Parameter Name="outerScale" TypeName="Double" Value="1" />
                <Parameter Name="colorScale" TypeName="Double" Value="0.7" />
                <Parameter Name="petals" TypeName="Double" Value="4" />
                <Parameter Name="flarePetals" TypeName="Double" Value="1" />
                <Parameter Name="angleScale" TypeName="Double" Value="4" />
                <Parameter Name="angleWeight" TypeName="Double" Value="1" />
                <Parameter Name="phase" TypeName="Double" Value="0" />
                <Parameter Name="ampPower" TypeName="Double" Value="4" />
                <Parameter Name="anglePower" TypeName="Double" Value="4" />
                <Parameter Name="damping" TypeName="Double" Value="0.1" />
                <Parameter Name="waves" TypeName="Double" Value="0.5" />
                <Parameter Name="strength" TypeName="Double" Value="-3" />
                <Parameter Name="distanceScale" TypeName="Double" Value="1" />
              </Parameters>
            </FormulaSettings>
          </PixelRendering>
        </RecursionPattern>
      </PatternRecursion>
      <PixelRendering Enabled="True" PatternLayerIndex="0" FormulaEnabled="True" ZoomFactor="0.6" UseDistanceOutline="False" SmoothedDraft="True">
        <PanXY X="0" Y="0" />
        <ColorNodes>
          <ColorNode Color="-9079297" Position="0.01264045" />
          <ColorNode Color="-15343" Position="0.08146068" />
          <ColorNode Color="-41257" Position="0.2008427" />
          <ColorNode Color="-16723308" Position="0.2092697" />
          <ColorNode Color="-10057473" Position="0.2514045" />
          <ColorNode Color="-16777088" Position="0.2780899" />
          <ColorNode Color="-10680" Position="0.3075843" />
          <ColorNode Color="-24700" Position="0.3890449" />
          <ColorNode Color="-1270273" Position="0.4143258" />
          <ColorNode Color="-8355585" Position="0.4620787" />
          <ColorNode Color="-14822472" Position="0.5280899" />
          <ColorNode Color="-5728769" Position="0.5646067" />
          <ColorNode Color="-9933846" Position="0.619382" />
          <ColorNode Color="-3761922" Position="0.6516854" />
          <ColorNode Color="-753154" Position="0.6797753" />
          <ColorNode Color="-11491330" Position="0.7345505" />
          <ColorNode Color="-78229" Position="0.8384832" />
          <ColorNode Color="-12694815" Position="0.8904495" />
          <ColorNode Color="-8947713" Position="0.9073034" />
          <ColorNode Color="-9650695" Position="0.9227528" />
        </ColorNodes>
        <FormulaSettings IsValid="True" IsCSharpFormula="True" FormulaName="Local Centers.cs">
          <Formula>using System;
using Whorl;
using ParserEngine;
using System.Windows.Forms;
using System.Linq;
namespace WhorlEval
{
    public class WhorlEvalClass
    {
        public class EvalParameters
        {
            @# fnColor Function = Ident;
            @# fnAngle Function = Ident;
            @# fnAngle2 Function = Ident;
            @# fnOutline Function Params = 2 From OutlineMethods = Sine;
            @# fnOutlineOp Function Params = 2 = Product;
            @# InvertOutline: bool;
            @# fnAmplitude Function = Ident;
            @# fnInner1 Function = Sin;
            @# fnInner2 Function = Sin;
            @# fnOp Function Params = 2 = Quotient;
            @# Pointiness = 4;
            @# LocalModulus = 0.5;
            @# LocalStrength;
            @# LocalWaves = 1;
            @# LocalPower = 1;
            [ParameterInfo(MinValue = 1)]
            @# LocalPetals: int = 4;
            @# LocalPhase;
            @# fnLocal Function = Ident;
            @# scale = 1;
            @# outerScale = 1;
            @# colorScale = 1;
            @# petals = 4;
            @# flarePetals = 4;
            @# angleScale;
            @# angleWeight = 1;
            @# phase;
            @# ampPower = 2;
            @# anglePower = 1;
            @# damping = 2;
            @# waves = 1;
            @# strength = 5;
            @# distanceScale = 1;
        }

        [ParmsProperty]
        public EvalParameters Parms { get; } = new EvalParameters();
        public Whorl.PixelRenderInfo Info { get; set; }
        public Boolean IsFirstCall { get; set; }
        public Single Position { get; set; }
        public const Double invPi = 1 / Math.PI;
        public Double angleScale { get; set; }
        public Double phase { get; set; }
        public Double ampScale { get; set; }
        public Double damping { get; set; }
        public Double strength { get; set; }
        public Double addDenom { get; set; }
        private PolarPoint[] localCenters {get; set;}

        public void Initialize()
        {
            angleScale = 0.1 * @angleScale;
            phase = Math.PI * @phase / 180;
            ampScale = 2 * Math.PI * @waves;
            damping = 0.1 * @damping;
            strength = 0.1 * @strength;
            addDenom = 1 / @Pointiness;
            double phs = Math.PI * @LocalPhase / 180;
            localCenters = Enumerable.Range(0, @LocalPetals)
                    .Select(i =&gt; new PolarPoint(2.0 * Math.PI * i / @LocalPetals + phs, @LocalModulus)).ToArray();
            //MessageBox.Show(LocalDistance(new PolarPoint(0, 1)).ToString());
        }

        private double LocalDistance(PolarPoint pp)
        {
              return Enumerable.Range(0, @LocalPetals)
                        .Select(i =&gt; @fnLocal(@LocalWaves * Math.Pow(pp.Distance(localCenters[i]), @LocalPower))).Sum();
        }

        public void Eval()
        {
            const double inv2Pi = 0.5 / Math.PI;

            PolarPoint pp = Info.GetScaledPolar();
            Double angle = @petals * pp.Angle + phase;
            pp.Angle = angle;
            PolarPoint pp2 = new PolarPoint(angle, pp.Modulus);
            double factor = @fnOutline(angle, addDenom);
            if (@InvertOutline)
                 factor = 1.0 - factor;
            double amplitude = @fnOutlineOp(pp.Modulus, factor);
            angle = angle + angleScale * @fnOp(@angleWeight * @fnAngle2(@fnInner1(@flarePetals * angle)), damping + @outerScale * @fnAmplitude(@fnInner2(ampScale * CMath.Pow(amplitude, @ampPower))));
            pp2 = new PolarPoint(angle, amplitude);
            Info.Position = (float)(@colorScale * @fnColor(@scale * amplitude + strength * @fnAngle(@distanceScale * CMath.Pow(pp.Distance(pp2), @anglePower)) + 
@LocalStrength * LocalDistance(pp)));
        }
    }
}
</Formula>
          <LegacyFormula>parameters  {
     @fnColor varFunction default = ident;
     @fnAngle varFunction default = ident;
     @fnAngle2 varFunction default = ident;
     @fnAmplitude varFunction default = ident;
     @fnInner1 varFunction default = sin;
     @fnInner2 varFunction default = sin;
     @fnInnerAmp varFunction default = ident;
     @fnOp varFunction parameters = 2 default = Quotient;
     @fnOutline varFunction parameters = 2 domain = OutlineMethods;
     @fnOutlineOp varFunction parameters = 2 default = Product;
     @Pointiness default = 3;
     @OutlineWeight default = 1;
     @UseOutline boolean;
     @InvertOutline boolean;
     @C0 default = 0;
     @C1 default = 1;
     @C2 default = 0;
     @C3 default = 0;
     @Power0 default = 0;
     @Power1 default = 1;
     @Power2 default = 2;
     @Power3 default = 3;
     @fn0 varFunction default = ident;
     @fn1 varFunction default = ident;
     @fn2 varFunction default = ident;
     @fn3 varFunction default = ident;
     @scale default = 1;
     @outerScale default = 1;
     @colorScale default = 1;
     @colorPower default = 1;
     @petals integer default = 4 min = 1;
     @flarePetals integer default = 4 min = 1;
     @angleScale default = 0;
     @angleWeight default = 1;
     @phase default = 0;
     @ampPower default = 2;
     @anglePower default = 1;
     @damping default = 2;
     @waves default = 1;
     @strength default = 5;
     @distanceScale default = 1;
}
const invPi = 1 / pi;
paramVar angleScale = 0.1 * @angleScale;
paramVar phase = pi * @phase / 180;
paramVar ampScale = 2 * pi * @waves;
paramVar damping = 0.1 * @damping;
paramVar strength = 0.1 * @strength;
paramVar addDenom = 1 / @Pointiness;

PolarPoint var pp = Info.GetScaledPolar();
var angle = @petals * pp.Angle + phase;
var amplitude = pp.Modulus;
if (@UseOutline)  {
    var otlAmp = @fnOutline(angle, addDenom);
    if (@InvertOutline)
          otlAmp = 1 - otlAmp;
    amplitude = @fnOutlineOp(amplitude, @OutlineWeight * otlAmp);
}
amplitude = @fn0(@C0 * amplitude ^ @Power0) + 
                   @fn1(@C1 * amplitude ^ @Power1) + 
                   @fn2(@C2 * amplitude ^ @Power2) + 
                   @fn3(@C3 * amplitude ^ @Power3);
pp.Angle = angle;
angle = angle + angleScale * @fnOp(@angleWeight * @fnAngle2(@fnInner1(@flarePetals * angle)),
damping + @outerScale * @fnAmplitude(@fnInner2(ampScale * @fnInnerAmp(amplitude) ^ @ampPower)));
PolarPoint var pp2 = new PolarPoint(angle, amplitude);
position = (float)(@colorScale * @fnColor(@scale * amplitude
   + strength * @fnAngle(@distanceScale * pp.Distance(pp2) ^ @anglePower)) ^ @ColorPower);</LegacyFormula>
          <Parameters>
            <Parameter Name="fnColor" TypeName="Func1Parameter`1" Value="Atan" />
            <Parameter Name="fnAngle" TypeName="Func1Parameter`1" Value="Sqrt" />
            <Parameter Name="fnAngle2" TypeName="Func1Parameter`1" Value="Ident" />
            <Parameter Name="fnOutline" TypeName="Func2Parameter`1" Value="Pointed4" />
            <Parameter Name="fnOutlineOp" TypeName="Func2Parameter`1" Value="Sum" />
            <Parameter Name="InvertOutline" TypeName="Boolean" Value="True" />
            <Parameter Name="fnAmplitude" TypeName="Func1Parameter`1" Value="Sin" />
            <Parameter Name="fnInner1" TypeName="Func1Parameter`1" Value="Sin" />
            <Parameter Name="fnInner2" TypeName="Func1Parameter`1" Value="Sin" />
            <Parameter Name="fnOp" TypeName="Func2Parameter`1" Value="Atan2" />
            <Parameter Name="Pointiness" TypeName="Double" Value="2" />
            <Parameter Name="LocalModulus" TypeName="Double" Value="0.8" />
            <Parameter Name="LocalStrength" TypeName="Double" Value="2.6" />
            <Parameter Name="LocalWaves" TypeName="Double" Value="0.5" />
            <Parameter Name="LocalPower" TypeName="Double" Value="-0.15" />
            <Parameter Name="LocalPetals" TypeName="Int32" Value="2" />
            <Parameter Name="LocalPhase" TypeName="Double" Value="0" />
            <Parameter Name="fnLocal" TypeName="Func1Parameter`1" Value="Tanh" />
            <Parameter Name="scale" TypeName="Double" Value="1" />
            <Parameter Name="outerScale" TypeName="Double" Value="1" />
            <Parameter Name="colorScale" TypeName="Double" Value="1.47" />
            <Parameter Name="petals" TypeName="Double" Value="4" />
            <Parameter Name="flarePetals" TypeName="Double" Value="1" />
            <Parameter Name="angleScale" TypeName="Double" Value="4" />
            <Parameter Name="angleWeight" TypeName="Double" Value="1" />
            <Parameter Name="phase" TypeName="Double" Value="0" />
            <Parameter Name="ampPower" TypeName="Double" Value="3" />
            <Parameter Name="anglePower" TypeName="Double" Value="4" />
            <Parameter Name="damping" TypeName="Double" Value="0.1" />
            <Parameter Name="waves" TypeName="Double" Value="0.5" />
            <Parameter Name="strength" TypeName="Double" Value="-3" />
            <Parameter Name="distanceScale" TypeName="Double" Value="1" />
          </Parameters>
        </FormulaSettings>
      </PixelRendering>
    </Pattern>
  </DesignPatterns>
</Design>