<Design XmlVersion="1.1" PictureWidth="1383" PictureHeight="1087" BackgroundImageMode="Tile" ScaleToFit="True">
  <PictureBoxSize Width="1387" Height="1091" />
  <BackgroundGradientColors>
    <BoundaryColor Color="0" />
    <CenterColor Color="0" />
  </BackgroundGradientColors>
  <DefaultPatternGroup>
    <Pattern RotationSteps="5000" MergeOperation="Sum" DrawCurve="False" RenderMode="Paint" StainBlendType="Add" StainWidth="10" SharedPatternID="1718" ZoomFactor="1" LoopFactor="0" ShrinkPattern="False" ShrinkPatternLayers="False" ShrinkClipCenterFactor="0" ShrinkPadding="4" ShrinkClipFactor="4" IsBackgroundPattern="False" AllowRandom="True" InfluenceScaleFactor="1" UseLinearGradient="False" GradientPadding="15" GradientRotation="0" RandomSeed="738522687" XmlPatternID="1621">
      <PathFillInfo ColorMode="Normal">
        <BoundaryColor Color="-65536" />
        <CenterColor Color="-256" />
      </PathFillInfo>
      <PatternLayerList />
      <Center X="0" Y="0" />
      <ZVector Re="0" Im="0" />
      <PreviewZFactor Re="0.61800199966097" Im="0.786176524970723" />
      <BasicOutline IntPetals="2" Frequency="1" UsedFrequency="1" Phase="0" AngleOffset="0" Enabled="True" AmplitudeFactor="1" Pointiness="0.785972523499641" BasicOutlineType="Rectangle" AddDenom="1.27230910763569" />
    </Pattern>
  </DefaultPatternGroup>
  <DesignPatterns>
    <Pattern RotationSteps="5000" MergeOperation="Sum" DrawCurve="False" RenderMode="Paint" StainBlendType="Add" StainWidth="10" SharedPatternID="1718" ZoomFactor="1" LoopFactor="0" ShrinkPattern="False" ShrinkPatternLayers="False" ShrinkClipCenterFactor="0" ShrinkPadding="4" ShrinkClipFactor="4" IsBackgroundPattern="True" AllowRandom="True" InfluenceScaleFactor="1" UseLinearGradient="False" GradientPadding="15" GradientRotation="0" RandomSeed="738522687" XmlPatternID="1622">
      <PathFillInfo ColorMode="Radial">
        <BoundaryColor Color="-65536" />
        <CenterColor Color="-256" />
        <ColorInfo TranslucentWaves="False" TranslucentCycles="10" TranslucentStrength="1" RandomWaves="False" RandomWavesSeed="738561703" Colors="-32768,-2000474,-19345,-11542615,-2979349,-16777088" Positions="0,0.06179775,0.2485955,0.508427,0.7219101,1" />
      </PathFillInfo>
      <PatternLayerList />
      <Center X="691" Y="543" />
      <ZVector Re="0" Im="896.399538152491" />
      <PreviewZFactor Re="0.619975280167199" Im="0.784621343057658" />
      <BasicOutline IntPetals="2" Frequency="1" UsedFrequency="1" Phase="0" AngleOffset="0" Enabled="True" AmplitudeFactor="1" Pointiness="0.789999999999998" BasicOutlineType="Rectangle" AddDenom="1.26582278481013" />
      <PixelRendering Enabled="True" PatternLayerIndex="0" FormulaEnabled="True" ZoomFactor="1" UseDistanceOutline="False" SmoothedDraft="False">
        <PanXY X="0" Y="0" />
        <ColorNodes>
          <ColorNode Color="-6712066" Position="0.02808989" />
          <ColorNode Color="-9311024" Position="0.09129214" />
          <ColorNode Color="-13421161" Position="0.136236" />
          <ColorNode Color="-19345" Position="0.2106742" />
          <ColorNode Color="-8292610" Position="0.2794944" />
          <ColorNode Color="-12722490" Position="0.4845506" />
          <ColorNode Color="-2979349" Position="0.622191" />
          <ColorNode Color="-16777088" Position="1" />
        </ColorNodes>
        <FormulaSettings IsValid="True" IsCSharpFormula="True" FormulaName="FunctionGraphPoints.cs">
          <Formula>using System;
using Whorl;
using ParserEngine;
using System.Windows.Forms;
using System.Linq;
namespace WhorlEval
{
    public class WhorlEvalClass
    {
        public enum ColorOffsetModes
        {
            Outer,
            Mid,
            Inner
        }
        public class EvalParameters
        {
            @# DistanceOnly: bool;
            @# DistanceFactor label = "Distance %" = 10.0;
            @# PathMode enum ColorOffsetModes = Outer;
            @# fnDistanceOp Function Params = 2 = Sum;
            @# UseFirstElems: bool;
            @# PointsN ArrayLength;
            @# Points[PointsN]: DoublePoint;
            @# fnDistance[PointsN] Function = Ident;
            @# RoundFactor[PointsN];
            @# DistanceOffset[PointsN];
            @# PathPower[PointsN] = 1.0;
            @# DistanceCoeff[PointsN] = 1.0;

            @# PolarWeight = 1;
            @# fnPolarDistance Function = Ident;
            @# RadiusSlope = 20;
            @# RadiusCutoff;
            @# RadiusOffset Min = 0;
            @# CartesianWeight = 1;
            @# CartesianRotation;
            @# CartesianPan: DoublePoint;
            @# fnFunctionsOp Function Params = 2 = Sum;

            @# NC ArrayLength;
            @# XScale[NC] = 1;
            @# Fn[NC] Function = Ident;
            @# C1C[NC] = 1;
            @# C0C[NC];
            @# PowerC[NC] = 1;

            @# NP ArrayLength;
            @# Petals[NP] = 2;
            @# C1P[NP] = 1;
            @# C0P[NP];
            @# PowerP[NP] = 1;
            @# Phase[NP];
            @# fnOutline[NP] Function Params = 2 From OutlineMethods = Sine;
            @# Pointiness[NP] = 3;
            @# Slope[NP];
            @# Offset[NP];
            @# RadiusPower[NP] = 1;
            @# fnRadiusOp[NP] Function Params = 2 = Sum;

            @# Cutoff = 0.1;
            @# Rotation;
            @# UseGradient: bool;
            @# fnColor Function = Ident;
            @# colorScale = 1;
            @# colorSlope;
            @# colorOffset;
            @# colorMode enum ColorOffsetModes = Outer;
            @# fnPosition Function = Ident;
            @# AbsPosition: bool;
            @# PositionPower = 1;
            @# PositionOffset;
        }

        private double FnDistance(int i, double d)
        {
            double y = @fnDistance[i](d);
            if (@RoundFactor[i] != 0)
                y = CMath.SmoothRound(y, @RoundFactor[i]);
            return y;
        }

        private double PointDistance(int i, DoublePoint dp)
        {
            double dist = dp.Distance(points[i]);
            if (@UseFirstElems)
                i = 0;
            dist *= @DistanceCoeff[i];
            switch (@PathMode)
            {
                case ColorOffsetModes.Outer:
                default:
                    return distanceFactor * CMath.Pow(FnDistance(i, dist + @DistanceOffset[i]), @PathPower[i]);
                case ColorOffsetModes.Mid:
                    return FnDistance(i, distanceFactor * CMath.Pow(dist + @DistanceOffset[i], @PathPower[i]));
                case ColorOffsetModes.Inner:
                    return FnDistance(i, CMath.Pow(distanceFactor * dist + @DistanceOffset[i], @PathPower[i]));
            }
        }

        private double DistanceToPoints(DoublePoint dp)
        {
            if (@PointsN == 0)
                return 0.0;
            else
                return Enumerable.Range(0, @PointsN).Select(i =&gt; PointDistance(i, dp)).Sum();
        }

        [ParmsProperty]
        public EvalParameters Parms { get; } = new EvalParameters();
        public Whorl.PixelRenderInfo Info { get; set; }
        private double distanceFactor { get; set; }
        private DoublePoint[] points { get; set; }
        private double[] addDenom { get; set; }
        private double[] phase { get; set; }
        private double cartesianRotation { get; set; }

        public void Initialize()
        {
            Info.Normalize = true;
            Info.NormalizeAngle = true;
            distanceFactor = 0.01 * @DistanceFactor;
            Info.Rotation = Tools.DegreesToRadians(@Rotation);
            addDenom = @Pointiness.Select(x =&gt; 1 / x).ToArray();
            phase = @Phase.Select(x =&gt; Tools.DegreesToRadians(x)).ToArray();
            points = @Points.Select(dp =&gt; new DoublePoint(0.01 * dp.X, 0.01 * dp.Y)).ToArray();
            cartesianRotation = Tools.DegreesToRadians(@CartesianRotation);

            //MessageBox.Show(string.Join(", ", points));
        }

        private double ColorPosition(double v, double modulus)
        {
            double pos;
            double scale = @colorScale + @colorSlope * modulus;
            switch (@colorMode)
            {
                case ColorOffsetModes.Outer:
                default:
                   pos = scale * @fnColor(v) + @colorOffset;
                   break;
                case ColorOffsetModes.Mid:
                   pos = scale * (@fnColor(v) + @colorOffset);
                   break;
                case ColorOffsetModes.Inner:
                   pos = scale * @fnColor(v + @colorOffset);
                   break;
            }
            return pos;
        }
  
        private double PolarFn1(int i, PolarPoint pp)
        {
            double y = CMath.Pow(Math.Abs(@C1P[i] * (@fnOutline[i](@Petals[i] * pp.Angle + phase[i], addDenom[i]) + @C0P[i])), @PowerP[i]);
            if (@Slope[i] != 0 || @Offset[i] != 0)
                y = @fnRadiusOp[i](y, @Slope[i] * CMath.Pow(pp.Modulus, @RadiusPower[i]) + @Offset[i]);
            return y;
        }

        private double PolarFn(PolarPoint pp)
        {
            if (@NP == 0) return 0;
            return Enumerable.Range(0, @NP).Select(i =&gt; PolarFn1(i, pp)).Sum();
        }

        private double Fn1(int i, double x)
        {
            x *= @XScale[i];
            return @C1C[i] * CMath.Pow(@Fn[i](x), @PowerC[i]) + @C0C[i];
        }

        private double Fn(double x)
        {
            if (@NC == 0) return 0;
            return Enumerable.Range(0, @NC).Select(i =&gt; Fn1(i, x)).Sum();
        }

        public void Eval()
        {
            DoublePoint dp = new DoublePoint(Info.X, Info.Y);
            PolarPoint pp = Info.GetPolar();
            if (@DistanceOnly)
            {
                Info.Position = (float)ColorPosition(DistanceToPoints(dp), pp.Modulus);
                return;
            }
            double position = 0;
            if (@PolarWeight != 0)
            {
                //PolarPoint pp2 = new PolarPoint(pp.Angle, PolarFn(pp.Angle));
                double dist = Math.Abs(PolarFn(pp) - pp.Modulus);  //pp2.Distance(pp);
                if (@RadiusCutoff != 0)
                      dist *= 0.5 * (1.0 + @RadiusOffset + Math.Tanh(@RadiusSlope * (pp.Modulus - 0.01 * @RadiusCutoff))) / (1.0 + @RadiusOffset);
                if (@UseGradient)
                    position = @fnPolarDistance(@PolarWeight * dist);
                else
                    position = (dist &lt; @Cutoff) ? 0.5 : 0.0;
            }
            if (@CartesianWeight != 0)
            {
                PolarPoint ppRotated = new PolarPoint(pp.Angle + cartesianRotation, pp.Modulus);
                DoublePoint dp1 = ppRotated.ToRectangular();
                dp1 = new DoublePoint(dp1.X + @CartesianPan.X, dp1.Y + @CartesianPan.Y);
                DoublePoint dp2 = new DoublePoint(Info.X, Fn(dp1.X));
                if (@UseGradient)
                    position = @fnFunctionsOp(position, @CartesianWeight * Math.Abs(dp2.Y - dp1.Y));
                else if (position == 0)
                    position = (Math.Abs(dp2.Y - dp1.Y) &lt; @Cutoff) ? 0.5 : 0.0;
            }
            if (distanceFactor != 0)
                position = @fnDistanceOp(position, DistanceToPoints(dp));
            position = @fnPosition(position);
            position += @PositionOffset;
            if (@AbsPosition)
                position = Math.Abs(position);
            position = CMath.Pow(position, @PositionPower);
            Info.Position = (float)ColorPosition(position, pp.Modulus);
        }
    }
}
</Formula>
          <Parameters>
            <Parameter Name="DistanceOnly" TypeName="Boolean" Value="False" />
            <Parameter Name="DistanceFactor" TypeName="Double" Value="79" />
            <Parameter Name="PathMode" TypeName="EnumValuesParameter`1" Value="Outer" />
            <Parameter Name="fnDistanceOp" TypeName="Func2Parameter`1" Value="Sum" />
            <Parameter Name="UseFirstElems" TypeName="Boolean" Value="True" />
            <Parameter Name="PointsN" TypeName="Int32" Value="3" />
            <Parameter Name="Points" TypeName="DoublePoint[]" Value="(25, 25)" Index="0" />
            <Parameter Name="Points" TypeName="DoublePoint[]" Value="(-25, 25)" Index="1" />
            <Parameter Name="Points" TypeName="DoublePoint[]" Value="(0, -15)" Index="2" />
            <Parameter Name="fnDistance" TypeName="Func1Parameter`1[]" Value="Cos" Index="0" />
            <Parameter Name="fnDistance" TypeName="Func1Parameter`1[]" Value="Ident" Index="1" />
            <Parameter Name="fnDistance" TypeName="Func1Parameter`1[]" Value="Ident" Index="2" />
            <Parameter Name="RoundFactor" TypeName="Double[]" Value="5.1" Index="0" />
            <Parameter Name="RoundFactor" TypeName="Double[]" Value="0" Index="1" />
            <Parameter Name="RoundFactor" TypeName="Double[]" Value="0" Index="2" />
            <Parameter Name="DistanceOffset" TypeName="Double[]" Value="0.2" Index="0" />
            <Parameter Name="DistanceOffset" TypeName="Double[]" Value="0" Index="1" />
            <Parameter Name="DistanceOffset" TypeName="Double[]" Value="0" Index="2" />
            <Parameter Name="PathPower" TypeName="Double[]" Value="3" Index="0" />
            <Parameter Name="PathPower" TypeName="Double[]" Value="1" Index="1" />
            <Parameter Name="PathPower" TypeName="Double[]" Value="1" Index="2" />
            <Parameter Name="DistanceCoeff" TypeName="Double[]" Value="1" Index="0" />
            <Parameter Name="DistanceCoeff" TypeName="Double[]" Value="1" Index="1" />
            <Parameter Name="DistanceCoeff" TypeName="Double[]" Value="1" Index="2" />
            <Parameter Name="PolarWeight" TypeName="Double" Value="0" />
            <Parameter Name="fnPolarDistance" TypeName="Func1Parameter`1" Value="Ident" />
            <Parameter Name="RadiusSlope" TypeName="Double" Value="20" />
            <Parameter Name="RadiusCutoff" TypeName="Double" Value="0" />
            <Parameter Name="RadiusOffset" TypeName="Double" Value="0" />
            <Parameter Name="CartesianWeight" TypeName="Double" Value="1" />
            <Parameter Name="CartesianRotation" TypeName="Double" Value="-15" />
            <Parameter Name="CartesianPan" TypeName="DoublePoint" Value="(-0.23, -0.12)" />
            <Parameter Name="fnFunctionsOp" TypeName="Func2Parameter`1" Value="Sum" />
            <Parameter Name="NC" TypeName="Int32" Value="3" />
            <Parameter Name="XScale" TypeName="Double[]" Value="1.55" Index="0" />
            <Parameter Name="XScale" TypeName="Double[]" Value="2" Index="1" />
            <Parameter Name="XScale" TypeName="Double[]" Value="1.2" Index="2" />
            <Parameter Name="Fn" TypeName="Func1Parameter`1[]" Value="Ident" Index="0" />
            <Parameter Name="Fn" TypeName="Func1Parameter`1[]" Value="Ident" Index="1" />
            <Parameter Name="Fn" TypeName="Func1Parameter`1[]" Value="Atan" Index="2" />
            <Parameter Name="C1C" TypeName="Double[]" Value="3.85" Index="0" />
            <Parameter Name="C1C" TypeName="Double[]" Value="2.35" Index="1" />
            <Parameter Name="C1C" TypeName="Double[]" Value="1" Index="2" />
            <Parameter Name="C0C" TypeName="Double[]" Value="0" Index="0" />
            <Parameter Name="C0C" TypeName="Double[]" Value="-0.27" Index="1" />
            <Parameter Name="C0C" TypeName="Double[]" Value="0" Index="2" />
            <Parameter Name="PowerC" TypeName="Double[]" Value="3" Index="0" />
            <Parameter Name="PowerC" TypeName="Double[]" Value="2" Index="1" />
            <Parameter Name="PowerC" TypeName="Double[]" Value="1" Index="2" />
            <Parameter Name="NP" TypeName="Int32" Value="0" />
            <Parameter Name="Cutoff" TypeName="Double" Value="0.1" />
            <Parameter Name="Rotation" TypeName="Double" Value="0" />
            <Parameter Name="UseGradient" TypeName="Boolean" Value="True" />
            <Parameter Name="fnColor" TypeName="Func1Parameter`1" Value="Ident" />
            <Parameter Name="colorScale" TypeName="Double" Value="1" />
            <Parameter Name="colorSlope" TypeName="Double" Value="0" />
            <Parameter Name="colorOffset" TypeName="Double" Value="0" />
            <Parameter Name="colorMode" TypeName="EnumValuesParameter`1" Value="Outer" />
            <Parameter Name="fnPosition" TypeName="Func1Parameter`1" Value="Ident" />
            <Parameter Name="AbsPosition" TypeName="Boolean" Value="False" />
            <Parameter Name="PositionPower" TypeName="Double" Value="1" />
            <Parameter Name="PositionOffset" TypeName="Double" Value="0" />
          </Parameters>
        </FormulaSettings>
      </PixelRendering>
    </Pattern>
  </DesignPatterns>
</Design>