<Design XmlVersion="1.1" PictureWidth="1521" PictureHeight="1086" BackgroundImageMode="StretchTile" ScaleToFit="True">
  <PictureBoxSize Width="1525" Height="1090" />
  <BackgroundGradientColors>
    <BoundaryColor Color="-13683589" />
    <CenterColor Color="-13683589" />
  </BackgroundGradientColors>
  <BackgroundImageFileName>C:\WhorlFilesDev\Textures\FractalBlues.png</BackgroundImageFileName>
  <DefaultPatternGroup PatternListName="Default">
    <Pattern RotationSteps="500" MergeOperation="Sum" DrawCurve="False" RenderMode="Paint" StainBlendType="Add" StainWidth="10" SharedPatternID="1831" ZoomFactor="1" LoopFactor="0" ShrinkPattern="False" ShrinkPatternLayers="False" ShrinkClipCenterFactor="0" ShrinkPadding="2" ShrinkClipFactor="4" IsBackgroundPattern="False" AllowRandom="True" UseLinearGradient="False" GradientPadding="15" GradientRotation="0" RandomSeed="108617008" XmlPatternID="1694">
      <PathFillInfo ColorMode="Normal">
        <BoundaryColor Color="-65536" />
        <CenterColor Color="-256" />
      </PathFillInfo>
      <PatternLayerList />
      <Center X="50" Y="50" />
      <ZVector Re="31.6192561294905" Im="32.0190980793913" />
      <PreviewZFactor Re="0.702650136210899" Im="0.711535512875362" />
      <BasicOutline UsesCustomFormula="False" BasicOutlineType="Round" IntPetals="4" Frequency="2" UsedFrequency="2" Phase="0" AngleOffset="0" Enabled="True" AmplitudeFactor="0.5" AddDenom="0.5" Pointiness="2" />
      <BasicOutline UsesCustomFormula="False" BasicOutlineType="Pointed" IntPetals="4" Frequency="2" UsedFrequency="2" Phase="90.0000000000002" AngleOffset="1.5707963267949" Enabled="True" AmplitudeFactor="1" AddDenom="0.25" Pointiness="4" />
    </Pattern>
  </DefaultPatternGroup>
  <DesignPatterns>
    <Pattern RotationSteps="5000" MergeOperation="Sum" DrawCurve="False" RenderMode="Paint" StainBlendType="Add" StainWidth="10" SharedPatternID="1699" ZoomFactor="1" LoopFactor="0" ShrinkPattern="False" ShrinkPatternLayers="False" ShrinkClipCenterFactor="0" ShrinkPadding="2" ShrinkClipFactor="4" IsBackgroundPattern="True" AllowRandom="True" UseLinearGradient="False" GradientPadding="15" GradientRotation="0" RandomSeed="108617008" XmlPatternID="1787">
      <PathFillInfo ColorMode="Radial">
        <BoundaryColor Color="-16777088" />
        <CenterColor Color="-32768" />
        <ColorInfo TranslucentWaves="False" TranslucentCycles="10" TranslucentStrength="1" RandomWaves="False" RandomWavesSeed="1827112453" Colors="-16777088,-48480,-19345,-8355585,-32513,-1" Positions="0,0.06179775,0.2485955,0.508427,0.8581461,1" />
      </PathFillInfo>
      <PatternLayerList />
      <Center X="760" Y="543" />
      <ZVector Re="536" Im="-6.39173605505709E-06" />
      <PreviewZFactor Re="1.19248806997334E-08" Im="1" />
      <BasicOutline UsesCustomFormula="False" BasicOutlineType="BroadFull" IntPetals="6" Frequency="3" UsedFrequency="3" Phase="0" AngleOffset="0" Enabled="True" AmplitudeFactor="0.3333" AddDenom="0.142857142857143" Pointiness="7" />
      <BasicOutline UsesCustomFormula="False" BasicOutlineType="Pointed5" IntPetals="6" Frequency="3" UsedFrequency="3" Phase="90" AngleOffset="1.5707963267949" Enabled="True" AmplitudeFactor="0.0833" AddDenom="0.166666666666667" Pointiness="6" />
      <BasicOutline UsesCustomFormula="False" BasicOutlineType="NewEllipse" IntPetals="2" Frequency="1" UsedFrequency="1" Phase="0" AngleOffset="0" Enabled="True" AmplitudeFactor="1" AddDenom="10000" Pointiness="0.0001" />
      <PatternTransform TransformName="Flare" SequenceNumber="0" Enabled="False">
        <TransformSettings IsValid="True" IsCSharpFormula="True" FormulaName="Flare">
          <Formula>using System;
using System.Linq;
using Whorl;
using ParserEngine;
using System.Windows.Forms;
namespace WhorlEval
{
    public class WhorlEvalClass
    {
        public class EvalParameters
        {		
            @# LocalModulus label="Radius" = 0.5;
            @# LocalStrength;
            @# LocalWaves = 1;
            @# LocalPower = 1;
            @# LocalDamping = 1;
            //[ParameterInfo(MinValue = 1)]
            @# LocalPetals: int min=1 max = 32 = 4;
            @# LocalPhase;
            @# fnLocal Function = Ident;

            @# petals: int = 4;
            @# strength = 5;
            @# damping = 0.2;
            @# power = 1;
            @# phase;
        }		
        private double LocalDistance(PolarPoint pp)
        {
              return Enumerable.Range(0, @LocalPetals)
                        .Select(i =&gt; @fnLocal(@LocalWaves * Math.Pow(pp.Distance(localCenters[i]), @LocalPower))).Sum();
        }

        private PolarPoint[] localCenters {get; set;}


        [ParmsProperty]
        public EvalParameters Parms { get; } = new EvalParameters();
        public Whorl.PatternTransform.FormulaInfo Info { get; set; }
        public Boolean IsFirstCall { get; set; }
        public Double angle { get; set; }
        public Double amplitude { get; set; }
        public PolarPoint PreviousPoint { get; set; }
        private Double phase { get; set; }
        private Double strength { get; set; }
        private Double freq { get; set; }

        public void Initialize()
        {
            double phs = Math.PI * @LocalPhase / 180;
            localCenters = Enumerable.Range(0, @LocalPetals)
                    .Select(i =&gt; new PolarPoint(2.0 * Math.PI * i / @LocalPetals + phs, @LocalModulus)).ToArray();

            phase = Math.PI * @phase / 180;
            strength = 0.015 * @strength;
            freq = 2 * @petals;
        }

        public void Eval()
        {
		/*
            PolarPoint pp = Info.GetScaledPolar();
            Double angle = @petals * pp.Angle + phase;
            pp.Angle = angle;
            PolarPoint pp2 = new PolarPoint(angle, pp.Modulus);
            double factor = @fnOutline(angle, addDenom);
            if (@InvertOutline)
                 factor = 1.0 - factor;
            double amplitude = @fnOutlineOp(pp.Modulus, factor);
            angle = angle + angleScale * @fnOp(@angleWeight * @fnAngle2(@fnInner1(@flarePetals * angle)), damping + @outerScale * @fnAmplitude(@fnInner2(ampScale * CMath.Pow(amplitude, @ampPower))));
            pp2 = new PolarPoint(angle, amplitude);
            Info.Position = (float)(@colorScale * @fnColor(@scale * amplitude + strength * @fnAngle(@distanceScale * CMath.Pow(pp.Distance(pp2), @anglePower)) + 
@LocalStrength * LocalDistance(pp)));
		*/

            var pp = new PolarPoint(Info.angle, Info.amplitude);
            double amp = Info.amplitude;
            Info.angle = Info.angle + strength * Math.Sin(freq * Info.angle + phase)  
                               * (@LocalDamping + @LocalStrength * LocalDistance(pp)) / @LocalDamping
                               / (@damping + CMath.Pow(amp, @power));

        }
    }
}
</Formula>
          <LegacyFormula>parameters {
    @petals integer  min = 1 default = 4;
    @strength default = 5 min = -50 max = 50;
    @damping min = 0.01 default = 0.2;
    @power integer min = 1 default = 1;
    @phase default = 0;
    }
paramVar phase = pi * @phase / 180;
paramVar strength = 0.015 * @strength;
paramVar freq = 2 * @petals;
angle = angle + strength * sin(freq * angle + phase) / (@damping + amplitude  ^ @power);</LegacyFormula>
          <Parameters>
            <Parameter Name="LocalModulus" TypeName="Double" Value="0.7" />
            <Parameter Name="LocalStrength" TypeName="Double" Value="7" />
            <Parameter Name="LocalWaves" TypeName="Double" Value="7" />
            <Parameter Name="LocalPower" TypeName="Double" Value="-0.5" />
            <Parameter Name="LocalDamping" TypeName="Double" Value="1" />
            <Parameter Name="LocalPetals" TypeName="Int32" Value="4" />
            <Parameter Name="LocalPhase" TypeName="Double" Value="0" />
            <Parameter Name="fnLocal" TypeName="Func1Parameter`1" Value="Tanh" />
            <Parameter Name="petals" TypeName="Int32" Value="4" />
            <Parameter Name="strength" TypeName="Double" Value="1.2" />
            <Parameter Name="damping" TypeName="Double" Value="1" />
            <Parameter Name="power" TypeName="Double" Value="1" />
            <Parameter Name="phase" TypeName="Double" Value="0" />
          </Parameters>
        </TransformSettings>
      </PatternTransform>
      <PixelRendering Enabled="True" PatternLayerIndex="0" FormulaEnabled="True" ZoomFactor="0.72">
        <PanXY X="0" Y="0" />
        <ColorNodes>
          <ColorNode Color="-9079297" Position="0.01264045" />
          <ColorNode Color="-4228354" Position="0.04634831" />
          <ColorNode Color="-1647300" Position="0.07724719" />
          <ColorNode Color="-235561" Position="0.1741573" />
          <ColorNode Color="-14030005" Position="0.2275281" />
          <ColorNode Color="-8348417" Position="0.2401685" />
          <ColorNode Color="-13028910" Position="0.2893258" />
          <ColorNode Color="-10680" Position="0.3047753" />
          <ColorNode Color="-24700" Position="0.3609551" />
          <ColorNode Color="-16777088" Position="0.377809" />
          <ColorNode Color="-2779649" Position="0.3946629" />
          <ColorNode Color="-14041465" Position="0.5280899" />
          <ColorNode Color="-5728769" Position="0.5646067" />
          <ColorNode Color="-12303156" Position="0.619382" />
          <ColorNode Color="-3761922" Position="0.6516854" />
          <ColorNode Color="-753154" Position="0.6797753" />
          <ColorNode Color="-11491330" Position="0.7345505" />
          <ColorNode Color="-22654" Position="0.8047945" />
          <ColorNode Color="-10829062" Position="0.8426966" />
          <ColorNode Color="-7639041" Position="0.8792135" />
          <ColorNode Color="-14276197" Position="0.9073034" />
          <ColorNode Color="-16521394" Position="0.9255618" />
        </ColorNodes>
        <FormulaSettings IsValid="True" IsCSharpFormula="True" FormulaName="NestedFunctions.cs">
          <Formula>using System;
using Whorl;
using ParserEngine;
using System.Windows.Forms;
using System.Linq;
namespace WhorlEval
{
    public class WhorlEvalClass
    {
        public enum ColorOffsetModes
        {
            Outer,
            Mid,
            Inner
        }
        public class EvalParameters
        {
            @# fnColor Function = Ident;
            @# colorScale = 1;
            @# colorOffset;
            @# colorMode enum ColorOffsetModes = Outer;
            @# rotation;
            @# fnPosition Function = Ident;
            @# fnOutline Function Params = 2 From OutlineMethods = Sine;
            @# fnOutlineOp Function Params = 2 = Product;
            @# fnOp Function Params = 2 = Sum;
            @# InvertOutline: bool;
            @# AngleN: int ArrayLength;
            @# fnAngle[AngleN] Function = Ident;
            @# fnCAngle[AngleN] = 1.0;
            @# AmpN: int ArrayLength;
            @# fnAmp[AmpN] Function = Ident;
            @# fnC[AmpN] = 1.0;
            @# petals: int = 4;
            @# flarePetals: int = 1;
            @# angleScale;
            @# angleWeight = 1;
            @# phase;
            @# Pointiness = 3;
            @# ampPower = 1;
            @# distancePower = 1;
            @# damping = 2;
            @# waves = 1;
            @# strength = 5;
            @# distanceScale = 1;
        }

        [ParmsProperty]
        public EvalParameters Parms { get; } = new EvalParameters();
        public Whorl.PixelRenderInfo Info { get; set; }

        private const Double invPi = 1 / Math.PI;
        private Double angleScale { get; set; }
        private Double rotation { get; set; }
        private Double phase { get; set; }
        private Double ampScale { get; set; }
        private Double damping { get; set; }
        private Double strength { get; set; }
        private Double addDenom { get; set; }

        public void Initialize()
        {
            angleScale = 0.1 * @angleScale;
            phase = Math.PI * @phase / 180;
            rotation = Tools.DegreesToRadians(@rotation);
            ampScale = 2 * Math.PI * @waves;
            damping = 0.1 * @damping;
            strength = 0.1 * @strength;
            addDenom = 1 / @Pointiness;
        }

        private double ColorPosition(double v)
        {
            double pos;
            switch (@colorMode)
            {
                case ColorOffsetModes.Outer:
                default:
                   pos = @colorScale * @fnColor(v) + @colorOffset;
                   break;
                case ColorOffsetModes.Mid:
                   pos = @colorScale * (@fnColor(v) + @colorOffset);
                   break;
                case ColorOffsetModes.Inner:
                   pos = @colorScale * @fnColor(v + @colorOffset);
                   break;
            }
            return pos;
        }

        public double NestedAngleFunctions(double v)
        {
	for (int i = 0; i &lt; @AngleN; i++)
	    v = @fnAngle[i](@fnCAngle[i] * v);
	return v;
        }
        
        public double NestedFunctions(double v)
        {
	for (int i = 0; i &lt; @AmpN; i++)
	    v = @fnAmp[i](@fnC[i] * v);
	return v;
        }
		
        public void Eval()
        {
            PolarPoint pp0 = Info.GetScaledPolar();
            pp0.Angle += rotation;
            Double angle = @petals * pp0.Angle + phase;
            var pp = new PolarPoint(angle, pp0.Modulus);
            double factor = @fnOutline(angle, addDenom);
            if (@InvertOutline)
                 factor = 1.0 - factor;
            double amplitude = @fnOutlineOp(pp.Modulus, factor);
            angle = angle + angleScale * @fnOp(@angleWeight * NestedAngleFunctions(angle), damping + ampScale * CMath.Pow(amplitude, @ampPower));
            var pp2 = new PolarPoint(angle, amplitude);
            double position = NestedFunctions(amplitude) + strength * @fnPosition(@distanceScale * 
CMath.Pow(pp.Distance(pp2), @distancePower));
            Info.Position = (float)(ColorPosition(position));
        }
    }
}
</Formula>
          <LegacyFormula>parameters  {
     @fnColor varFunction default = ident;
     @fnAngle varFunction default = ident;
     @fnAngle2 varFunction default = ident;
     @fnAmplitude varFunction default = ident;
     @fnInner1 varFunction default = sin;
     @fnInner2 varFunction default = sin;
     @fnInnerAmp varFunction default = ident;
     @fnOp varFunction parameters = 2 default = Quotient;
     @fnOutline varFunction parameters = 2 domain = OutlineMethods;
     @fnOutlineOp varFunction parameters = 2 default = Product;
     @Pointiness default = 3;
     @OutlineWeight default = 1;
     @UseOutline boolean;
     @InvertOutline boolean;
     @C0 default = 0;
     @C1 default = 1;
     @C2 default = 0;
     @C3 default = 0;
     @Power0 default = 0;
     @Power1 default = 1;
     @Power2 default = 2;
     @Power3 default = 3;
     @fn0 varFunction default = ident;
     @fn1 varFunction default = ident;
     @fn2 varFunction default = ident;
     @fn3 varFunction default = ident;
     @scale default = 1;
     @outerScale default = 1;
     @colorScale default = 1;
     @colorPower default = 1;
     @petals integer default = 4 min = 1;
     @flarePetals integer default = 4 min = 1;
     @angleScale default = 0;
     @angleWeight default = 1;
     @phase default = 0;
     @ampPower default = 2;
     @anglePower default = 1;
     @damping default = 2;
     @waves default = 1;
     @strength default = 5;
     @distanceScale default = 1;
}
const invPi = 1 / pi;
paramVar angleScale = 0.1 * @angleScale;
paramVar phase = pi * @phase / 180;
paramVar ampScale = 2 * pi * @waves;
paramVar damping = 0.1 * @damping;
paramVar strength = 0.1 * @strength;
paramVar addDenom = 1 / @Pointiness;

PolarPoint var pp = Info.GetScaledPolar();
var angle = @petals * pp.Angle + phase;
var amplitude = pp.Modulus;
if (@UseOutline)  {
    var otlAmp = @fnOutline(angle, addDenom);
    if (@InvertOutline)
          otlAmp = 1 - otlAmp;
    amplitude = @fnOutlineOp(amplitude, @OutlineWeight * otlAmp);
}
amplitude = @fn0(@C0 * amplitude ^ @Power0) + 
                   @fn1(@C1 * amplitude ^ @Power1) + 
                   @fn2(@C2 * amplitude ^ @Power2) + 
                   @fn3(@C3 * amplitude ^ @Power3);
pp.Angle = angle;
angle = angle + angleScale * @fnOp(@angleWeight * @fnAngle2(@fnInner1(@flarePetals * angle)),
damping + @outerScale * @fnAmplitude(@fnInner2(ampScale * @fnInnerAmp(amplitude) ^ @ampPower)));
PolarPoint var pp2 = new PolarPoint(angle, amplitude);
position = (float)(@colorScale * @fnColor(@scale * amplitude
   + strength * @fnAngle(@distanceScale * pp.Distance(pp2) ^ @anglePower)) ^ @ColorPower);</LegacyFormula>
          <Parameters>
            <Parameter Name="fnColor" TypeName="Func1Parameter`1" Value="Tanh" />
            <Parameter Name="colorScale" TypeName="Double" Value="5" />
            <Parameter Name="colorOffset" TypeName="Double" Value="0.4" />
            <Parameter Name="colorMode" TypeName="EnumValuesParameter`1" Value="Outer" />
            <Parameter Name="rotation" TypeName="Double" Value="7.5" />
            <Parameter Name="fnPosition" TypeName="Func1Parameter`1" Value="Ident" />
            <Parameter Name="fnOutline" TypeName="Func2Parameter`1" Value="Pointed4" />
            <Parameter Name="fnOutlineOp" TypeName="Func2Parameter`1" Value="Pow" />
            <Parameter Name="fnOp" TypeName="Func2Parameter`1" Value="Product" />
            <Parameter Name="InvertOutline" TypeName="Boolean" Value="True" />
            <Parameter Name="AngleN" TypeName="Int32" Value="3" />
            <Parameter Name="fnAngle" TypeName="Func1Parameter`1[]" Value="Sin" Index="0" />
            <Parameter Name="fnAngle" TypeName="Func1Parameter`1[]" Value="Exp" Index="1" />
            <Parameter Name="fnAngle" TypeName="Func1Parameter`1[]" Value="XtoInvX" Index="2" />
            <Parameter Name="fnCAngle" TypeName="Double[]" Value="1" Index="0" />
            <Parameter Name="fnCAngle" TypeName="Double[]" Value="0.6" Index="1" />
            <Parameter Name="fnCAngle" TypeName="Double[]" Value="1" Index="2" />
            <Parameter Name="AmpN" TypeName="Int32" Value="3" />
            <Parameter Name="fnAmp" TypeName="Func1Parameter`1[]" Value="Square" Index="0" />
            <Parameter Name="fnAmp" TypeName="Func1Parameter`1[]" Value="XtoX" Index="1" />
            <Parameter Name="fnAmp" TypeName="Func1Parameter`1[]" Value="Exp" Index="2" />
            <Parameter Name="fnC" TypeName="Double[]" Value="1" Index="0" />
            <Parameter Name="fnC" TypeName="Double[]" Value="2" Index="1" />
            <Parameter Name="fnC" TypeName="Double[]" Value="0.5" Index="2" />
            <Parameter Name="petals" TypeName="Int32" Value="3" />
            <Parameter Name="flarePetals" TypeName="Int32" Value="1" />
            <Parameter Name="angleScale" TypeName="Double" Value="5" />
            <Parameter Name="angleWeight" TypeName="Double" Value="12" />
            <Parameter Name="phase" TypeName="Double" Value="-22.5" />
            <Parameter Name="Pointiness" TypeName="Double" Value="2" />
            <Parameter Name="ampPower" TypeName="Double" Value="1" />
            <Parameter Name="distancePower" TypeName="Double" Value="1" />
            <Parameter Name="damping" TypeName="Double" Value="0" />
            <Parameter Name="waves" TypeName="Double" Value="1" />
            <Parameter Name="strength" TypeName="Double" Value="7" />
            <Parameter Name="distanceScale" TypeName="Double" Value="3" />
          </Parameters>
        </FormulaSettings>
      </PixelRendering>
    </Pattern>
  </DesignPatterns>
</Design>