<Design XmlVersion="1.1" PictureWidth="1086" PictureHeight="1086" BackgroundImageMode="Tile" ScaleToFit="True">
  <PictureBoxSize Width="1090" Height="1090" />
  <BackgroundGradientColors>
    <BoundaryColor Color="-16777056" />
    <CenterColor Color="-16777056" />
  </BackgroundGradientColors>
  <BackgroundImageFileName>C:\WhorlFilesDev\Textures\GreenOil2.png</BackgroundImageFileName>
  <DefaultPatternGroup PatternListName="Star Path 2">
    <Pattern RotationSteps="5000" MergeOperation="Sum" DrawCurve="False" RenderMode="Paint" StainBlendType="Add" StainWidth="10" SharedPatternID="1706" ZoomFactor="1" LoopFactor="0" ShrinkPattern="False" ShrinkPatternLayers="False" ShrinkClipCenterFactor="0" ShrinkPadding="2" ShrinkClipFactor="4" IsBackgroundPattern="False" AllowRandom="True" InfluenceScaleFactor="1" UseLinearGradient="False" GradientPadding="15" GradientRotation="0" RandomSeed="108621186" XmlPatternID="1627">
      <PathFillInfo ColorMode="Normal">
        <BoundaryColor Color="-256" />
        <CenterColor Color="-65536" />
      </PathFillInfo>
      <PatternLayerList />
      <Center X="50" Y="50" />
      <ZVector Re="45" Im="-1.10214571844014E-14" />
      <PreviewZFactor Re="1" Im="-2.44921270764475E-16" />
      <PathOutline RotationSpan="1" UseVertices="True" UserDefinedVertices="False" ClosedCurveVertices="False" PolygonUserVertices="True" NormalizedPathLength="0" BasicOutlineType="Path" IntPetals="8" Frequency="4" Phase="0" AngleOffset="0" Enabled="True" AmplitudeFactor="1" AddDenom="0.333333333333333" Pointiness="3">
        <AmplitudeSettings IsValid="True" IsCSharpFormula="False" FormulaName="Formula1">
          <Formula>amplitude = 1.5 + 1.5 * (2 * pi * rotationSpan - angle);</Formula>
        </AmplitudeSettings>
        <MaxAmplitudeSettings IsValid="True" IsCSharpFormula="False" FormulaName="Formula1">
          <Formula>maxAmplitude = 2 * pi * rotationSpan;</Formula>
        </MaxAmplitudeSettings>
        <PathOutlineType Value="Polar" />
        <VerticesSettings IsValid="True" IsCSharpFormula="False" FormulaName="Star">
          <Formula>parameters {
    @midScalePercent label="Mid %" default = 70 min = 0;
    @Angle1 label="Angle 1 %" default = 20 min = 0;
    @Angle2 label="Angle 2 %" default = 40 min = 0;
    @InnerFac label="Inner %" default = 70 min = 0;
    @OuterFac label="Outer %" default = 85 min = 0;
}
var aMid = pi / petals;
var aFull = 2 * aMid;
var aDiff = 0.01 * @Angle1 * aMid, aDiff2 = 0.01 * @Angle2 *  aMid;
var len = 1 / addDenom;
var r1 = len, r2 = addDenom * len, aRotate = 0;
var innerFac = 0.01 * @InnerFac;
var outerFac = 0.01 * @OuterFac;
var x1, y1;
var i = 0;
var rMid = r1 * 0.01 * @midScalePercent;
while (aRotate &lt; 2 * pi - 0.001)
{
	PolarToRect(innerFac * r1, aRotate - aDiff, ref x1, ref y1);
	AddVertex(x1, y1);
	PolarToRect(outerFac * r1, aRotate - aDiff2, ref x1, ref y1);
	AddVertex(x1, y1);
	PolarToRect(r1, aRotate, ref x1, ref y1);
	AddVertex(x1, y1);
	PolarToRect(outerFac * r1, aRotate + aDiff2, ref x1, ref y1);
	AddVertex(x1, y1);
	PolarToRect(innerFac * r1, aRotate + aDiff, ref x1, ref y1);
	AddVertex(x1, y1);
	PolarToRect(r2, aMid + aRotate, ref x1, ref y1);
	AddVertex(x1, y1);
	aRotate = aRotate + aFull;
                i = i + 1;
                if (i % 2 == 0)
                    r1 = len;
                else
                    r1 = rMid;
}
#AddVertex(r1, 0);</Formula>
          <Parameters>
            <Parameter Name="midScalePercent" TypeName="Parameter" Value="70" Guid="9fc2e5d2-b5d6-4985-b796-ea050097e21f" />
            <Parameter Name="Angle1" TypeName="Parameter" Value="20" Guid="d344a494-8c37-4b45-8422-461d80f9d879" />
            <Parameter Name="Angle2" TypeName="Parameter" Value="50" Guid="65e74bf8-f98f-4aa1-9031-53ad4958979b" />
            <Parameter Name="InnerFac" TypeName="Parameter" Value="70" Guid="5dc5d21f-ae0c-492e-a247-dc28dd223b0a" />
            <Parameter Name="OuterFac" TypeName="Parameter" Value="85" Guid="e1d18488-b7bd-4bf3-943d-4bc24065eff3" />
          </Parameters>
        </VerticesSettings>
      </PathOutline>
    </Pattern>
  </DefaultPatternGroup>
  <DesignPatterns>
    <Pattern RotationSteps="5000" MergeOperation="Sum" DrawCurve="False" RenderMode="Paint" StainBlendType="Add" StainWidth="10" SharedPatternID="1702" ZoomFactor="1" LoopFactor="0" ShrinkPattern="False" ShrinkPatternLayers="False" ShrinkClipCenterFactor="0" ShrinkPadding="2" ShrinkClipFactor="4" IsBackgroundPattern="False" AllowRandom="True" InfluenceScaleFactor="1" UseLinearGradient="False" GradientPadding="15" GradientRotation="0" RandomSeed="108621186" XmlPatternID="1628">
      <PathFillInfo ColorMode="Normal">
        <BoundaryColor Color="-8281090" />
        <CenterColor Color="-32576" />
      </PathFillInfo>
      <PatternLayerList />
      <Center X="543" Y="543" />
      <ZVector Re="-1.15357918530068E-13" Im="-471" />
      <PreviewZFactor Re="1" Im="-2.44921270764475E-16" />
      <PathOutline RotationSpan="1" UseVertices="True" UserDefinedVertices="False" ClosedCurveVertices="False" NormalizedPathLength="0" IntPetals="12" Frequency="6" Phase="0" AngleOffset="0" Enabled="True" AmplitudeFactor="1" Pointiness="3" PolygonUserVertices="True" BasicOutlineType="Path" AddDenom="0.333333333333333">
        <AmplitudeSettings IsValid="True" IsCSharpFormula="False" FormulaName="Formula1">
          <Formula>amplitude = 1.5 + 1.5 * (2 * pi * rotationSpan - angle);</Formula>
        </AmplitudeSettings>
        <MaxAmplitudeSettings IsValid="True" IsCSharpFormula="False" FormulaName="Formula1">
          <Formula>maxAmplitude = 2 * pi * rotationSpan;</Formula>
        </MaxAmplitudeSettings>
        <PathOutlineType Value="Polar" />
        <VerticesSettings IsValid="True" IsCSharpFormula="False" FormulaName="Star">
          <Formula>parameters {
    @midScalePercent label="Mid %" default = 70 min = 0;
    @Angle1 label="Angle 1 %" default = 20 min = 0;
    @Angle2 label="Angle 2 %" default = 40 min = 0;
    @InnerFac label="Inner %" default = 70 min = 0;
    @OuterFac label="Outer %" default = 85 min = 0;
}
var aMid = pi / petals;
var aFull = 2 * aMid;
var aDiff = 0.01 * @Angle1 * aMid, aDiff2 = 0.01 * @Angle2 *  aMid;
var len = 1 / addDenom;
var r1 = len, r2 = addDenom * len, aRotate = 0;
var innerFac = 0.01 * @InnerFac;
var outerFac = 0.01 * @OuterFac;
var x1, y1;
var i = 0;
var rMid = r1 * 0.01 * @midScalePercent;
while (aRotate &lt; 2 * pi - 0.001)
{
	PolarToRect(innerFac * r1, aRotate - aDiff, ref x1, ref y1);
	AddVertex(x1, y1);
	PolarToRect(outerFac * r1, aRotate - aDiff2, ref x1, ref y1);
	AddVertex(x1, y1);
	PolarToRect(r1, aRotate, ref x1, ref y1);
	AddVertex(x1, y1);
	PolarToRect(outerFac * r1, aRotate + aDiff2, ref x1, ref y1);
	AddVertex(x1, y1);
	PolarToRect(innerFac * r1, aRotate + aDiff, ref x1, ref y1);
	AddVertex(x1, y1);
	PolarToRect(r2, aMid + aRotate, ref x1, ref y1);
	AddVertex(x1, y1);
	aRotate = aRotate + aFull;
                i = i + 1;
                if (i % 2 == 0)
                    r1 = len;
                else
                    r1 = rMid;
}
#AddVertex(r1, 0);</Formula>
          <Parameters>
            <Parameter Name="midScalePercent" TypeName="Parameter" Value="70" Guid="919895d7-3445-46c1-b660-d783015e85a4" />
            <Parameter Name="Angle1" TypeName="Parameter" Value="30" Guid="2c86d841-07d7-4c2e-a71c-a0318b4ff500" />
            <Parameter Name="Angle2" TypeName="Parameter" Value="80" Guid="3f01d2f3-b468-4cd7-a054-6c7038623d28" />
            <Parameter Name="InnerFac" TypeName="Parameter" Value="65" Guid="3825d74f-23ec-42ab-8fd2-031385f6785e" />
            <Parameter Name="OuterFac" TypeName="Parameter" Value="82" Guid="91fbe9ed-fa28-4e3e-849a-5e8a7406d2fc" />
          </Parameters>
        </VerticesSettings>
      </PathOutline>
      <PatternTransform TransformName="Stretch" SequenceNumber="0" Enabled="True">
        <TransformSettings IsValid="True" IsCSharpFormula="False" FormulaName="Stretch">
          <Formula>parameters { 
@power default = 2; 
@offset default = 0;
@offAngle default = 0;
@offAmp default = 0;
}
if (@offAngle != 0 Or @offAmp != 0)
{
    PolarPoint var offVec = new PolarPoint(@offAngle, @offAmp);
    PolarPoint var pp = new PolarPoint(angle, amplitude);
    pp = pp.SubtractVector(offVec);
    pp.Modulus = (pp.Modulus + @offset) ^ @power;   
    pp = pp.AddVector(offVec);
    amplitude = pp.Modulus;
    angle = pp.Angle;
}
else
    amplitude = (amplitude + @offset) ^ @power;</Formula>
          <Parameters>
            <Parameter Name="power" TypeName="Parameter" Value="2" Guid="9d49ea38-793a-4816-b4c6-e1aa9cb543f0" />
            <Parameter Name="offset" TypeName="Parameter" Value="0" Guid="f183cb7f-920c-4662-84e8-8b14adc60ff0" />
            <Parameter Name="offAngle" TypeName="Parameter" Value="0" Guid="7a0b2b30-4599-49a8-a4a4-872eba81e26e" />
            <Parameter Name="offAmp" TypeName="Parameter" Value="0" Guid="1864b4e0-e551-4d99-89f3-e3d111f00aaf" />
          </Parameters>
        </TransformSettings>
      </PatternTransform>
    </Pattern>
  </DesignPatterns>
</Design>