<Design XmlVersion="1.1" PictureWidth="1064" PictureHeight="1064" BackgroundImageMode="Stretch" ScaleToFit="True">
  <PictureBoxSize Width="1068" Height="1068" />
  <BackgroundGradientColors>
    <BoundaryColor Color="-11710546" />
    <CenterColor Color="-16739455" />
  </BackgroundGradientColors>
  <DefaultPatternGroup>
    <Pattern RotationSteps="500" MergeOperation="Sum" DrawCurve="False" RenderMode="Paint" StainBlendType="Add" StainWidth="10" SharedPatternID="2043" ZoomFactor="1" LoopFactor="0" ShrinkPattern="False" ShrinkPatternLayers="False" ShrinkClipCenterFactor="0" ShrinkPadding="2" ShrinkClipFactor="4" IsBackgroundPattern="False" AllowRandom="True" UseLinearGradient="False" GradientPadding="15" GradientRotation="0" RandomSeed="108620501" XmlPatternID="1705">
      <PathFillInfo ColorMode="Radial">
        <BoundaryColor Color="-44632" />
        <CenterColor Color="-10223975" />
        <ColorInfo TranslucentWaves="False" TranslucentCycles="10" TranslucentStrength="1" RandomWaves="False" RandomWavesSeed="135428218" Colors="-820017,-1124956,-820017" Positions="0,0.508427,1" />
      </PathFillInfo>
      <PatternLayerList />
      <Center X="50" Y="50" />
      <ZVector Re="32.0970200737488" Im="-31.5401538104266" />
      <PreviewZFactor Re="0.713267112749973" Im="-0.700892306898369" />
      <BasicOutline UsesCustomFormula="False" BasicOutlineType="BroadFull" IntPetals="4" Frequency="2" UsedFrequency="2" Phase="0" AngleOffset="0" Enabled="True" AmplitudeFactor="0.7" AddDenom="0.0666666666666667" Pointiness="15" />
      <BasicOutline UsesCustomFormula="False" BasicOutlineType="Pointed5" IntPetals="4" Frequency="2" UsedFrequency="2" Phase="90.0000000000002" AngleOffset="1.5707963267949" Enabled="True" AmplitudeFactor="1" AddDenom="0.5" Pointiness="2" />
      <PatternTransform TransformName="Curl.cs" SequenceNumber="0" Enabled="True">
        <TransformSettings IsValid="True" IsCSharpFormula="True" FormulaName="Curl.cs">
          <Formula>using System;
using Whorl;
using ParserEngine;
using System.Windows.Forms;
namespace WhorlEval
{
    public class WhorlEvalClass
    {
        public class EvalParameters
        {
            @# petals = 4;
            @# rCenter = 0.5;
            @# strength = 4;
            @# power = 2;
            @# Phase;
            @# Flip: bool;
        }

        [ParmsProperty]
        public EvalParameters Parms { get; } = new EvalParameters();
        public Whorl.PatternTransform.FormulaInfo Info { get; set; }
        private double phase { get; set; }


        public void Initialize()
        {
            phase = Tools.DegreesToRadians(@Phase);
            while (phase &lt; 0) phase += 2.0 * Math.PI;
        }

        public void Eval()
        {
            Info.Angle += phase;
            Double aDiv = 2.0 * Math.PI / @petals;
            Double aCenter = aDiv * (0.5 + Math.Floor(Info.Angle / aDiv));
            Double rDelta;
            Double aDelta;

            Info.Amplitude = CMath.Pow(Math.Abs(Info.Amplitude), @power);
            EvalMethods.AddVectors(Info.Amplitude, Info.Angle, -@rCenter, aCenter, out rDelta, out aDelta);
            EvalMethods.AddVectors(@rCenter, aCenter, rDelta, aDelta + @strength * (Info.Angle % aDiv) / rDelta * Info.Amplitude, out var Amplitude, out var Angle);
            Info.Angle = Angle;
            Info.Amplitude = Amplitude;
            if (@Flip)
                Info.Angle = 2.0 * Math.PI - Info.Angle;
        }
    }
}
</Formula>
          <LegacyFormula>parameters  {
   @petals locked min = 1 default = 4;
   @rCenter min = 0 max = 1 default = 0.5;
   @strength default = 4;
   @power default = 2;
   }
var aDiv = 2 * pi / @petals;
var aCenter = aDiv * (0.5 + floor(angle / aDiv));
var rDelta;
var aDelta;
amplitude = abs(amplitude) ^ @power;
AddVectors(amplitude, angle, -@rCenter, aCenter, ref rDelta, ref aDelta);
AddVectors(@rCenter, aCenter, rDelta, 
aDelta + @strength * (angle % aDiv) / rDelta * amplitude, 
ref amplitude, ref angle);
</LegacyFormula>
          <Parameters>
            <Parameter Name="petals" TypeName="Double" Value="4" />
            <Parameter Name="rCenter" TypeName="Double" Value="0.5" />
            <Parameter Name="strength" TypeName="Double" Value="0.5" />
            <Parameter Name="power" TypeName="Double" Value="1" />
            <Parameter Name="Phase" TypeName="Double" Value="-14" />
            <Parameter Name="Flip" TypeName="Boolean" Value="True" />
          </Parameters>
        </TransformSettings>
      </PatternTransform>
      <PatternTransform TransformName="Grade" SequenceNumber="1" Enabled="True">
        <TransformSettings IsValid="True" IsCSharpFormula="True" FormulaName="Grade">
          <Formula>using ParserEngine;
using Whorl;
using System;
using System.Collections;
using System.Collections.Generic;
using System.Linq;
using System.Windows.Forms;

namespace WhorlEval
{
    public class WhorlEvalClass
    {
        public class EvalParameters
        {
            @# fn Function = Cos;
            @# petals Min = 1 = 4;
            @# phase;
            @# damping Min = 1 = 3;
        }

        [ParmsProperty]
        public EvalParameters Parms { get; } = new EvalParameters();
        public Whorl.PatternTransform.FormulaInfo Info { get; set; }
        private double phase { get; set; }

        public void Initialize()
        {
            phase = Tools.DegreesToRadians(@phase);
        }

        public void Eval()
        {
            Info.Amplitude *= (@damping + @fn(@petals * Info.Angle + phase)) / (1.0 + @damping);
        }
    }
}
</Formula>
          <LegacyFormula>parameters  {
      @petals integer min = 1 default = 4;
      @damping min = 1 default = 3;
}
amplitude = amplitude * (@damping + cos(@petals * angle)) / (@damping + 1);
</LegacyFormula>
          <Parameters>
            <Parameter Name="fn" TypeName="Func1Parameter`1" Value="Cos" />
            <Parameter Name="petals" TypeName="Double" Value="4" />
            <Parameter Name="phase" TypeName="Double" Value="10" />
            <Parameter Name="damping" TypeName="Double" Value="4" />
          </Parameters>
        </TransformSettings>
      </PatternTransform>
    </Pattern>
  </DefaultPatternGroup>
  <DesignPatterns>
    <Pattern RotationSteps="5000" MergeOperation="Sum" DrawCurve="False" RenderMode="Paint" StainBlendType="Add" StainWidth="10" SharedPatternID="1699" ZoomFactor="1" LoopFactor="0" ShrinkPattern="False" ShrinkPatternLayers="False" ShrinkClipCenterFactor="0" ShrinkPadding="2" ShrinkClipFactor="4" IsBackgroundPattern="True" AllowRandom="True" UseLinearGradient="False" GradientPadding="15" GradientRotation="0" RandomSeed="108617008" XmlPatternID="1718">
      <PathFillInfo ColorMode="Radial">
        <BoundaryColor Color="-16777088" />
        <CenterColor Color="-32768" />
        <ColorInfo TranslucentWaves="False" TranslucentCycles="10" TranslucentStrength="1" RandomWaves="False" RandomWavesSeed="1827112453" Colors="-16777088,-48480,-19345,-8355585,-32513,-1" Positions="0,0.06179775,0.2485955,0.508427,0.8581461,1" />
      </PathFillInfo>
      <PatternLayerList />
      <Center X="532" Y="532" />
      <ZVector Re="-55.8482100253718" Im="-605.727642952641" />
      <PreviewZFactor Re="0.693748811793947" Im="0.720217040991455" />
      <BasicOutline UsesCustomFormula="False" BasicOutlineType="BroadFull" IntPetals="4" Frequency="2" UsedFrequency="2" Phase="0" AngleOffset="0" Enabled="True" AmplitudeFactor="0.7" AddDenom="0.0666666666666667" Pointiness="15" />
      <BasicOutline UsesCustomFormula="False" BasicOutlineType="Pointed5" IntPetals="4" Frequency="2" UsedFrequency="2" Phase="90" AngleOffset="1.5707963267949" Enabled="True" AmplitudeFactor="1" AddDenom="0.5" Pointiness="2" />
      <PatternTransform TransformName="Curl.cs" SequenceNumber="0" Enabled="False">
        <TransformSettings IsValid="True" IsCSharpFormula="True" FormulaName="Curl.cs">
          <Formula>using System;
using Whorl;
using ParserEngine;
using System.Windows.Forms;
namespace WhorlEval
{
    public class WhorlEvalClass
    {
        public class EvalParameters
        {
            @# petals = 4;
            @# rCenter = 0.5;
            @# strength = 4;
            @# power = 2;
            @# Phase;
            @# Flip: bool;
        }

        [ParmsProperty]
        public EvalParameters Parms { get; } = new EvalParameters();
        public Whorl.PatternTransform.FormulaInfo Info { get; set; }
        private double phase { get; set; }


        public void Initialize()
        {
            phase = Tools.DegreesToRadians(@Phase);
            while (phase &lt; 0) phase += 2.0 * Math.PI;
        }

        public void Eval()
        {
            Info.Angle += phase;
            Double aDiv = 2.0 * Math.PI / @petals;
            Double aCenter = aDiv * (0.5 + Math.Floor(Info.Angle / aDiv));
            Double rDelta;
            Double aDelta;

            Info.Amplitude = CMath.Pow(Math.Abs(Info.Amplitude), @power);
            EvalMethods.AddVectors(Info.Amplitude, Info.Angle, -@rCenter, aCenter, out rDelta, out aDelta);
            EvalMethods.AddVectors(@rCenter, aCenter, rDelta, aDelta + @strength * (Info.Angle % aDiv) / rDelta * Info.Amplitude, out var Amplitude, out var Angle);
            Info.Angle = Angle;
            Info.Amplitude = Amplitude;
            if (@Flip)
                Info.Angle = 2.0 * Math.PI - Info.Angle;
        }
    }
}
</Formula>
          <LegacyFormula>parameters  {
   @petals locked min = 1 default = 4;
   @rCenter min = 0 max = 1 default = 0.5;
   @strength default = 4;
   @power default = 2;
   }
var aDiv = 2 * pi / @petals;
var aCenter = aDiv * (0.5 + floor(angle / aDiv));
var rDelta;
var aDelta;
amplitude = abs(amplitude) ^ @power;
AddVectors(amplitude, angle, -@rCenter, aCenter, ref rDelta, ref aDelta);
AddVectors(@rCenter, aCenter, rDelta, 
aDelta + @strength * (angle % aDiv) / rDelta * amplitude, 
ref amplitude, ref angle);
</LegacyFormula>
          <Parameters>
            <Parameter Name="petals" TypeName="Double" Value="4" />
            <Parameter Name="rCenter" TypeName="Double" Value="0.5" />
            <Parameter Name="strength" TypeName="Double" Value="0.5" />
            <Parameter Name="power" TypeName="Double" Value="1" />
            <Parameter Name="Phase" TypeName="Double" Value="-14" />
            <Parameter Name="Flip" TypeName="Boolean" Value="True" />
          </Parameters>
        </TransformSettings>
      </PatternTransform>
      <PatternTransform TransformName="Curl.cs" SequenceNumber="0" Enabled="True">
        <TransformSettings IsValid="True" IsCSharpFormula="True" FormulaName="Curl.cs">
          <Formula>using System;
using Whorl;
using ParserEngine;
using System.Windows.Forms;
namespace WhorlEval
{
    public class WhorlEvalClass
    {
        public class EvalParameters
        {
            @# petals = 4;
            @# rCenter = 0.5;
            @# strength = 4;
            @# power = 2;
            @# Phase;
            @# Flip: bool;
        }

        [ParmsProperty]
        public EvalParameters Parms { get; } = new EvalParameters();
        public Whorl.PatternTransform.FormulaInfo Info { get; set; }
        private double phase { get; set; }


        public void Initialize()
        {
            phase = Tools.DegreesToRadians(@Phase);
            while (phase &lt; 0) phase += 2.0 * Math.PI;
        }

        public void Eval()
        {
            Info.Angle += phase;
            Double aDiv = 2.0 * Math.PI / @petals;
            Double aCenter = aDiv * (0.5 + Math.Floor(Info.Angle / aDiv));
            Double rDelta;
            Double aDelta;

            Info.Amplitude = CMath.Pow(Math.Abs(Info.Amplitude), @power);
            EvalMethods.AddVectors(Info.Amplitude, Info.Angle, -@rCenter, aCenter, out rDelta, out aDelta);
            EvalMethods.AddVectors(@rCenter, aCenter, rDelta, aDelta + @strength * (Info.Angle % aDiv) / rDelta * Info.Amplitude, out var Amplitude, out var Angle);
            Info.Angle = Angle;
            Info.Amplitude = Amplitude;
            if (@Flip)
                Info.Angle = 2.0 * Math.PI - Info.Angle;
        }
    }
}
</Formula>
          <LegacyFormula>parameters  {
   @petals locked min = 1 default = 4;
   @rCenter min = 0 max = 1 default = 0.5;
   @strength default = 4;
   @power default = 2;
   }
var aDiv = 2 * pi / @petals;
var aCenter = aDiv * (0.5 + floor(angle / aDiv));
var rDelta;
var aDelta;
amplitude = abs(amplitude) ^ @power;
AddVectors(amplitude, angle, -@rCenter, aCenter, ref rDelta, ref aDelta);
AddVectors(@rCenter, aCenter, rDelta, 
aDelta + @strength * (angle % aDiv) / rDelta * amplitude, 
ref amplitude, ref angle);
</LegacyFormula>
          <Parameters>
            <Parameter Name="petals" TypeName="Double" Value="4" />
            <Parameter Name="rCenter" TypeName="Double" Value="0.5" />
            <Parameter Name="strength" TypeName="Double" Value="0.5" />
            <Parameter Name="power" TypeName="Double" Value="1" />
            <Parameter Name="Phase" TypeName="Double" Value="-14" />
            <Parameter Name="Flip" TypeName="Boolean" Value="True" />
          </Parameters>
        </TransformSettings>
      </PatternTransform>
      <PatternTransform TransformName="Grade" SequenceNumber="1" Enabled="False">
        <TransformSettings IsValid="True" IsCSharpFormula="True" FormulaName="Grade">
          <Formula>using ParserEngine;
using Whorl;
using System;
using System.Collections;
using System.Collections.Generic;
using System.Linq;
using System.Windows.Forms;

namespace WhorlEval
{
    public class WhorlEvalClass
    {
        public class EvalParameters
        {
            @# fn Function = Cos;
            @# petals Min = 1 = 4;
            @# phase;
            @# damping Min = 1 = 3;
        }

        [ParmsProperty]
        public EvalParameters Parms { get; } = new EvalParameters();
        public Whorl.PatternTransform.FormulaInfo Info { get; set; }
        private double phase { get; set; }

        public void Initialize()
        {
            phase = Tools.DegreesToRadians(@phase);
        }

        public void Eval()
        {
            Info.Amplitude *= (@damping + @fn(@petals * Info.Angle + phase)) / (1.0 + @damping);
        }
    }
}
</Formula>
          <LegacyFormula>parameters  {
      @petals integer min = 1 default = 4;
      @damping min = 1 default = 3;
}
amplitude = amplitude * (@damping + cos(@petals * angle)) / (@damping + 1);
</LegacyFormula>
          <Parameters>
            <Parameter Name="fn" TypeName="Func1Parameter`1" Value="Cos" />
            <Parameter Name="petals" TypeName="Double" Value="4" />
            <Parameter Name="phase" TypeName="Double" Value="10" />
            <Parameter Name="damping" TypeName="Double" Value="4" />
          </Parameters>
        </TransformSettings>
      </PatternTransform>
      <PatternTransform TransformName="Grade" SequenceNumber="1" Enabled="True">
        <TransformSettings IsValid="True" IsCSharpFormula="True" FormulaName="Grade">
          <Formula>using ParserEngine;
using Whorl;
using System;
using System.Collections;
using System.Collections.Generic;
using System.Linq;
using System.Windows.Forms;

namespace WhorlEval
{
    public class WhorlEvalClass
    {
        public class EvalParameters
        {
            @# fn Function = Cos;
            @# petals Min = 1 = 4;
            @# phase;
            @# damping Min = 1 = 3;
        }

        [ParmsProperty]
        public EvalParameters Parms { get; } = new EvalParameters();
        public Whorl.PatternTransform.FormulaInfo Info { get; set; }
        private double phase { get; set; }

        public void Initialize()
        {
            phase = Tools.DegreesToRadians(@phase);
        }

        public void Eval()
        {
            Info.Amplitude *= (@damping + @fn(@petals * Info.Angle + phase)) / (1.0 + @damping);
        }
    }
}
</Formula>
          <LegacyFormula>parameters  {
      @petals integer min = 1 default = 4;
      @damping min = 1 default = 3;
}
amplitude = amplitude * (@damping + cos(@petals * angle)) / (@damping + 1);
</LegacyFormula>
          <Parameters>
            <Parameter Name="fn" TypeName="Func1Parameter`1" Value="Cos" />
            <Parameter Name="petals" TypeName="Double" Value="4" />
            <Parameter Name="phase" TypeName="Double" Value="10" />
            <Parameter Name="damping" TypeName="Double" Value="4" />
          </Parameters>
        </TransformSettings>
      </PatternTransform>
      <PixelRendering Enabled="True" PatternLayerIndex="0" FormulaEnabled="True" ZoomFactor="1" UseDistanceOutline="True" SmoothedDraft="True">
        <PanXY X="0" Y="0" />
        <ColorNodes>
          <ColorNode Color="-9936683" Position="0.0505618" />
          <ColorNode Color="-27166" Position="0.238764" />
          <ColorNode Color="-13914989" Position="0.3469101" />
          <ColorNode Color="-14736287" Position="0.3707865" />
          <ColorNode Color="-1328526" Position="0.3918539" />
          <ColorNode Color="-5928735" Position="0.479452" />
          <ColorNode Color="-224153" Position="0.5154495" />
          <ColorNode Color="-8947713" Position="0.5772472" />
          <ColorNode Color="-13709352" Position="0.7106742" />
          <ColorNode Color="-14146214" Position="0.738764" />
          <ColorNode Color="-7566081" Position="0.758427" />
          <ColorNode Color="-23315" Position="0.9662921" />
        </ColorNodes>
        <FormulaSettings IsValid="True" IsCSharpFormula="True" FormulaName="NestedFunctionsDistance.cs">
          <Formula>using System;
using Whorl;
using ParserEngine;
using System.Windows.Forms;
using System.Linq;
namespace WhorlEval
{
    public class WhorlEvalClass
    {
        public enum ColorOffsetModes
        {
            Outer,
            Mid,
            Inner
        }
        public class EvalParameters
        {
            @# ComputeDistance: bool = true;
            @# DistanceOnly: bool;
            @# DistanceFactor label = "Distance %" = 10.0;
            @# fnDistance Function = Ident;
            @# fnDistanceOp Function Params = 2 = Sum;
            @# DistanceOffset;
            @# PathPower = 1.0;
            @# DistanceCoeff = 1.0;
            @# ArcTanWeightPct label="ArcTan %";
            @# ArcTanPct label="ArcTan Y %";
            @# PathMode enum ColorOffsetModes = Outer;
            @# DistanceCount: int = 5;
            @# DistanceRows: int min = 1 = 10;
            @# SegmentLength min = 0;

            @# fnColor Function = Ident;
            @# colorScale = 1;
            @# colorSlope;
            @# colorOffset;
            @# colorMode enum ColorOffsetModes = Outer;
            @# rotation;
            @# fnPosition Function = Ident;
            @# fnOutline Function Params = 2 From OutlineMethods = Sine;
            @# fnOutlineOp Function Params = 2 = Product;
            @# fnOp Function Params = 2 = Sum;
            @# InvertOutline: bool;
            @# AngleN: int ArrayLength;
            @# fnAngle[AngleN] Function = Ident;
            @# fnCAngle[AngleN] = 1.0;
            @# powerAngle[AngleN] = 1.0;
            @# AmpN: int ArrayLength;
            @# fnAmp[AmpN] Function = Ident;
            @# fnC[AmpN] = 1.0;
            @# powerAmp[AmpN] = 1.0;
            @# petals = 4;
            @# flarePetals: int = 1;
            @# angleScale;
            @# angleWeight = 1;
            @# phase;
            @# FlarePhase;
            @# Pointiness = 3;
            @# ampPower = 1;
            @# distancePower = 1;
            @# damping = 2;
            @# waves = 1;
            @# strength = 5;
            @# distanceScale = 1;
        }
        private double atanFactor { get; set; }
        private double atanY { get; set; }
        private double distanceFactor {get; set;}

        private double PathDistance()
        {
            double dist = Info.DistanceToPath;
            if (atanFactor != 0)
                 dist += atanFactor * Math.Atan2(dist, atanY);
            dist *= @DistanceCoeff;
            switch (@PathMode)
            {
                case ColorOffsetModes.Outer:
                default:
                    return distanceFactor * CMath.Pow(@fnDistance(dist + @DistanceOffset), @PathPower);
                case ColorOffsetModes.Mid:
                    return @fnDistance(distanceFactor * CMath.Pow(dist + @DistanceOffset, @PathPower));
                case ColorOffsetModes.Inner:
                    return @fnDistance(CMath.Pow(distanceFactor * dist + @DistanceOffset, @PathPower));
            }
        }


        [ParmsProperty]
        public EvalParameters Parms { get; } = new EvalParameters();
        public Whorl.PixelRenderInfo Info { get; set; }

        private const Double invPi = 1 / Math.PI;
        private Double angleScale { get; set; }
        private Double rotation { get; set; }
        private Double phase { get; set; }
        private Double flarePhase { get; set; }
        private Double ampScale { get; set; }
        private Double damping { get; set; }
        private Double strength { get; set; }
        private Double addDenom { get; set; }

        public void Initialize()
        {
            Info.DistanceRows = @DistanceRows;
            Info.SegmentLength = @SegmentLength;

            Info.ComputeDistance = @ComputeDistance;
            Info.DistanceCount = @DistanceCount;
            atanFactor = 0.01 * @ArcTanWeightPct;
            atanY = 0.01 * @ArcTanPct;
            distanceFactor = 0.01 * @DistanceFactor;

            angleScale = 0.1 * @angleScale;
            phase = Math.PI * @phase / 180;
            flarePhase = Math.PI * @flarePhase / 180;
            rotation = Tools.DegreesToRadians(@rotation);
            ampScale = 2 * Math.PI * @waves;
            damping = 0.1 * @damping;
            strength = 0.1 * @strength;
            addDenom = 1 / @Pointiness;
        }

        private double ColorPosition(double v, double modulus)
        {
            double pos;
            double scale = @colorScale + @colorSlope * modulus;
            switch (@colorMode)
            {
                case ColorOffsetModes.Outer:
                default:
                   pos = scale * @fnColor(v) + @colorOffset;
                   break;
                case ColorOffsetModes.Mid:
                   pos = scale * (@fnColor(v) + @colorOffset);
                   break;
                case ColorOffsetModes.Inner:
                   pos = scale * @fnColor(v + @colorOffset);
                   break;
            }
            return pos;
        }

        public double NestedAngleFunctions(double v)
        {
	for (int i = 0; i &lt; @AngleN; i++)
	    v = CMath.Pow(@fnAngle[i](@fnCAngle[i] * v), @powerAngle[i]);
	return v;
        }
        
        public double NestedFunctions(double v)
        {
	for (int i = 0; i &lt; @AmpN; i++)
	    v = CMath.Pow(@fnAmp[i](@fnC[i] * v), @powerAmp[i]);
	return v;
        }
		
        public void Eval()
        {
            PolarPoint pp0 = Info.GetScaledPolar();
            if (@DistanceOnly)
            {
                Info.Position = (float)ColorPosition(PathDistance(), pp0.Modulus);
                return;
            }
            pp0.Angle += rotation;
            Double angle = 0.5 * @petals * pp0.Angle + phase;
            var pp = new PolarPoint(angle, pp0.Modulus);
            double factor = @fnOutline(angle, addDenom);
            if (@InvertOutline)
                 factor = 1.0 - factor;
            double amplitude = @fnOutlineOp(pp.Modulus, factor);
            angle = angle + angleScale * NestedAngleFunctions(@fnOp(Math.Sin(@AngleWeight * angle + flarePhase), (damping + pp.Modulus)));
            var pp2 = new PolarPoint(angle, amplitude);
            double position = NestedFunctions(amplitude) + strength * @fnPosition(@distanceScale * 
CMath.Pow(pp.Distance(pp2), @distancePower));
            if (@ComputeDistance)
                position = @fnDistanceOp(position, PathDistance());
            Info.Position = (float)ColorPosition(position, pp0.Modulus);
        }
    }
}
</Formula>
          <LegacyFormula>parameters  {
     @fnColor varFunction default = ident;
     @fnAngle varFunction default = ident;
     @fnAngle2 varFunction default = ident;
     @fnAmplitude varFunction default = ident;
     @fnInner1 varFunction default = sin;
     @fnInner2 varFunction default = sin;
     @fnInnerAmp varFunction default = ident;
     @fnOp varFunction parameters = 2 default = Quotient;
     @fnOutline varFunction parameters = 2 domain = OutlineMethods;
     @fnOutlineOp varFunction parameters = 2 default = Product;
     @Pointiness default = 3;
     @OutlineWeight default = 1;
     @UseOutline boolean;
     @InvertOutline boolean;
     @C0 default = 0;
     @C1 default = 1;
     @C2 default = 0;
     @C3 default = 0;
     @Power0 default = 0;
     @Power1 default = 1;
     @Power2 default = 2;
     @Power3 default = 3;
     @fn0 varFunction default = ident;
     @fn1 varFunction default = ident;
     @fn2 varFunction default = ident;
     @fn3 varFunction default = ident;
     @scale default = 1;
     @outerScale default = 1;
     @colorScale default = 1;
     @colorPower default = 1;
     @petals integer default = 4 min = 1;
     @flarePetals integer default = 4 min = 1;
     @angleScale default = 0;
     @angleWeight default = 1;
     @phase default = 0;
     @ampPower default = 2;
     @anglePower default = 1;
     @damping default = 2;
     @waves default = 1;
     @strength default = 5;
     @distanceScale default = 1;
}
const invPi = 1 / pi;
paramVar angleScale = 0.1 * @angleScale;
paramVar phase = pi * @phase / 180;
paramVar ampScale = 2 * pi * @waves;
paramVar damping = 0.1 * @damping;
paramVar strength = 0.1 * @strength;
paramVar addDenom = 1 / @Pointiness;

PolarPoint var pp = Info.GetScaledPolar();
var angle = @petals * pp.Angle + phase;
var amplitude = pp.Modulus;
if (@UseOutline)  {
    var otlAmp = @fnOutline(angle, addDenom);
    if (@InvertOutline)
          otlAmp = 1 - otlAmp;
    amplitude = @fnOutlineOp(amplitude, @OutlineWeight * otlAmp);
}
amplitude = @fn0(@C0 * amplitude ^ @Power0) + 
                   @fn1(@C1 * amplitude ^ @Power1) + 
                   @fn2(@C2 * amplitude ^ @Power2) + 
                   @fn3(@C3 * amplitude ^ @Power3);
pp.Angle = angle;
angle = angle + angleScale * @fnOp(@angleWeight * @fnAngle2(@fnInner1(@flarePetals * angle)),
damping + @outerScale * @fnAmplitude(@fnInner2(ampScale * @fnInnerAmp(amplitude) ^ @ampPower)));
PolarPoint var pp2 = new PolarPoint(angle, amplitude);
position = (float)(@colorScale * @fnColor(@scale * amplitude
   + strength * @fnAngle(@distanceScale * pp.Distance(pp2) ^ @anglePower)) ^ @ColorPower);</LegacyFormula>
          <Parameters>
            <Parameter Name="ComputeDistance" TypeName="Boolean" Value="True" />
            <Parameter Name="DistanceOnly" TypeName="Boolean" Value="False" />
            <Parameter Name="DistanceFactor" TypeName="Double" Value="300" />
            <Parameter Name="fnDistance" TypeName="Func1Parameter`1" Value="Sin" />
            <Parameter Name="fnDistanceOp" TypeName="Func2Parameter`1" Value="Average" />
            <Parameter Name="DistanceOffset" TypeName="Double" Value="0" />
            <Parameter Name="PathPower" TypeName="Double" Value="1" />
            <Parameter Name="DistanceCoeff" TypeName="Double" Value="1.3" />
            <Parameter Name="ArcTanWeightPct" TypeName="Double" Value="80" />
            <Parameter Name="ArcTanPct" TypeName="Double" Value="90" />
            <Parameter Name="PathMode" TypeName="EnumValuesParameter`1" Value="Mid" />
            <Parameter Name="DistanceCount" TypeName="Int32" Value="6" />
            <Parameter Name="DistanceRows" TypeName="Int32" Value="9" />
            <Parameter Name="SegmentLength" TypeName="Double" Value="12" />
            <Parameter Name="fnColor" TypeName="Func1Parameter`1" Value="Ident" />
            <Parameter Name="colorScale" TypeName="Double" Value="1" />
            <Parameter Name="colorSlope" TypeName="Double" Value="0.2" />
            <Parameter Name="colorOffset" TypeName="Double" Value="0.52" />
            <Parameter Name="colorMode" TypeName="EnumValuesParameter`1" Value="Outer" />
            <Parameter Name="rotation" TypeName="Double" Value="0" />
            <Parameter Name="fnPosition" TypeName="Func1Parameter`1" Value="Ident" />
            <Parameter Name="fnOutline" TypeName="Func2Parameter`1" Value="BroadFull" />
            <Parameter Name="fnOutlineOp" TypeName="Func2Parameter`1" Value="Product" />
            <Parameter Name="fnOp" TypeName="Func2Parameter`1" Value="Atan2" />
            <Parameter Name="InvertOutline" TypeName="Boolean" Value="False" />
            <Parameter Name="AngleN" TypeName="Int32" Value="1" />
            <Parameter Name="fnAngle" TypeName="Func1Parameter`1[]" Value="Sin" Index="0" />
            <Parameter Name="fnCAngle" TypeName="Double[]" Value="1" Index="0" />
            <Parameter Name="powerAngle" TypeName="Double[]" Value="1" Index="0" />
            <Parameter Name="AmpN" TypeName="Int32" Value="1" />
            <Parameter Name="fnAmp" TypeName="Func1Parameter`1[]" Value="Ident" Index="0" />
            <Parameter Name="fnC" TypeName="Double[]" Value="1" Index="0" />
            <Parameter Name="powerAmp" TypeName="Double[]" Value="1" Index="0" />
            <Parameter Name="petals" TypeName="Double" Value="4" />
            <Parameter Name="flarePetals" TypeName="Int32" Value="1" />
            <Parameter Name="angleScale" TypeName="Double" Value="12" />
            <Parameter Name="angleWeight" TypeName="Double" Value="1" />
            <Parameter Name="phase" TypeName="Double" Value="0" />
            <Parameter Name="FlarePhase" TypeName="Double" Value="0" />
            <Parameter Name="Pointiness" TypeName="Double" Value="15" />
            <Parameter Name="ampPower" TypeName="Double" Value="1" />
            <Parameter Name="distancePower" TypeName="Double" Value="1" />
            <Parameter Name="damping" TypeName="Double" Value="0.5" />
            <Parameter Name="waves" TypeName="Double" Value="1" />
            <Parameter Name="strength" TypeName="Double" Value="10" />
            <Parameter Name="distanceScale" TypeName="Double" Value="2" />
          </Parameters>
        </FormulaSettings>
      </PixelRendering>
    </Pattern>
  </DesignPatterns>
</Design>