<Design XmlVersion="1.1" PictureWidth="1086" PictureHeight="1086" BackgroundImageMode="StretchTile" ScaleToFit="True">
  <PictureBoxSize Width="1090" Height="1090" />
  <BackgroundGradientColors>
    <BoundaryColor Color="-16777088" />
    <CenterColor Color="-16777088" />
  </BackgroundGradientColors>
  <DefaultPatternGroup>
    <Pattern RotationSteps="5000" MergeOperation="Sum" DrawCurve="False" RenderMode="Paint" StainBlendType="Add" StainWidth="10" SharedPatternID="1719" ZoomFactor="1" LoopFactor="0" ShrinkPattern="False" ShrinkPatternLayers="False" ShrinkClipCenterFactor="0" ShrinkPadding="4" ShrinkClipFactor="4" IsBackgroundPattern="False" AllowRandom="True" InfluenceScaleFactor="1" UseLinearGradient="False" GradientPadding="15" GradientRotation="0" RandomSeed="845914625" XmlPatternID="1633">
      <PathFillInfo ColorMode="Normal">
        <BoundaryColor Color="-65536" />
        <CenterColor Color="-256" />
      </PathFillInfo>
      <PatternLayerList />
      <Center X="0" Y="0" />
      <ZVector Re="0" Im="0" />
      <PreviewZFactor Re="0.707106765732237" Im="-0.707106796640858" />
      <BasicOutline BasicOutlineType="Rectangle" IntPetals="2" Frequency="1" UsedFrequency="1" Phase="0" AngleOffset="0" Enabled="True" AmplitudeFactor="1" AddDenom="1" Pointiness="1" />
    </Pattern>
  </DefaultPatternGroup>
  <DesignPatterns>
    <Pattern RotationSteps="5000" MergeOperation="Sum" DrawCurve="False" RenderMode="Paint" StainBlendType="Add" StainWidth="10" SharedPatternID="3481" ZoomFactor="1" LoopFactor="0" ShrinkPattern="False" ShrinkPatternLayers="False" ShrinkClipCenterFactor="0" ShrinkPadding="2" ShrinkClipFactor="4" IsBackgroundPattern="True" AllowRandom="True" InfluenceScaleFactor="1" UseLinearGradient="False" GradientPadding="15" GradientRotation="0" RandomSeed="108617008" XmlPatternID="1634">
      <PathFillInfo ColorMode="Radial">
        <BoundaryColor Color="-16777088" />
        <CenterColor Color="-32768" />
        <ColorInfo TranslucentWaves="False" TranslucentCycles="10" TranslucentStrength="1" RandomWaves="False" RandomWavesSeed="1827112453" Colors="-16777088,-48480,-19345,-8355585,-32513,-1" Positions="0,0.06179775,0.2485955,0.508427,0.8581461,1" />
      </PathFillInfo>
      <PatternLayerList />
      <Center X="543" Y="543" />
      <ZVector Re="0" Im="774.024770397033" />
      <PreviewZFactor Re="0.707106765732237" Im="-0.707106796640858" />
      <BasicOutline IntPetals="2" Frequency="1" UsedFrequency="1" Phase="0" AngleOffset="0" Enabled="True" AmplitudeFactor="1" Pointiness="1" BasicOutlineType="Rectangle" AddDenom="1" />
      <PatternTransform TransformName="FlareExtra3" SequenceNumber="0" Enabled="False">
        <TransformSettings IsValid="True" IsCSharpFormula="False" FormulaName="Formula1">
          <Formula>parameters {
    @petals integer min = 1 default = 4;
    @strength default = 1;
    @damping default = 1.2;
    @power default = 1;
    @phase default = 0;
    @C1 default = 0.5;
    @C2 default = 1;
    @offset default = 0.5;
    @fn1 varfunction default=exp;
    @fn2 varfunction default=cos;
    @fn3 varfunction default=sinh;
    }
paramvar strength = 0.15 * @strength;
paramvar phase = pi * @phase / 180;
angle = angle + strength * @fn1( sin(@petals * angle + phase)) / (@damping + @fn2(@C1 * pi * @fn3(@offset + @C2 * amplitude ^ @power)));</Formula>
          <Parameters>
            <Parameter Name="petals" TypeName="Parameter" Value="4" Guid="06d87261-a256-4f11-aa56-5b9209e143ba" />
            <Parameter Name="strength" TypeName="Parameter" Value="-0.5" Guid="105dbaef-4658-4e80-a466-9a168c61bc48" />
            <Parameter Name="damping" TypeName="Parameter" Value="1.5" Guid="823ead13-5890-4055-a4ad-5b176e7e7f2b" />
            <Parameter Name="power" TypeName="Parameter" Value="1" Guid="c8d71ccf-4388-4d82-bac6-f28050e0be9d" />
            <Parameter Name="phase" TypeName="Parameter" Value="0" Guid="36954744-d021-474d-a84e-c0d5593ffa94" />
            <Parameter Name="C1" TypeName="Parameter" Value="1.2" Guid="d7758348-be71-4a8a-aeab-a58f7a93bbfe" />
            <Parameter Name="C2" TypeName="Parameter" Value="1" Guid="fa876b17-8cd1-414c-b0ed-b0b7a8956ec1" />
            <Parameter Name="offset" TypeName="Parameter" Value="0.1" Guid="89fe6499-0f22-4331-8b70-f52f4d79fe46" />
            <Parameter Name="fn1" TypeName="VarFunctionParameter" Value="Ident" />
            <Parameter Name="fn2" TypeName="VarFunctionParameter" Value="Cos" />
            <Parameter Name="fn3" TypeName="VarFunctionParameter" Value="Cos" />
          </Parameters>
        </TransformSettings>
      </PatternTransform>
      <PixelRendering Enabled="True" PatternLayerIndex="0" FormulaEnabled="True" ZoomFactor="1" UseDistanceOutline="False" SmoothedDraft="True">
        <PanXY X="0" Y="0" />
        <ColorNodes>
          <ColorNode Color="-14802541" Position="0.0505618" />
          <ColorNode Color="-7769898" Position="0.1348315" />
          <ColorNode Color="-27166" Position="0.2710674" />
          <ColorNode Color="-16701265" Position="0.3469101" />
          <ColorNode Color="-14736287" Position="0.3707865" />
          <ColorNode Color="-1128822" Position="0.3918539" />
          <ColorNode Color="-5928735" Position="0.479452" />
          <ColorNode Color="-224153" Position="0.5154495" />
          <ColorNode Color="-8947713" Position="0.7626405" />
          <ColorNode Color="-14701699" Position="0.7949438" />
          <ColorNode Color="-14146214" Position="0.8146067" />
          <ColorNode Color="-8816129" Position="0.8426966" />
          <ColorNode Color="-23315" Position="0.9775281" />
        </ColorNodes>
        <FormulaSettings IsValid="True" IsCSharpFormula="True" FormulaName="Local Centers.cs">
          <Formula>using System;
using Whorl;
using ParserEngine;
using System.Windows.Forms;
using System.Linq;
namespace WhorlEval
{
    public class WhorlEvalClass
    {
        public class EvalParameters
        {
            @# fnColor Function = Ident;
            @# colorScale = 1;
            @# colorOffset;
            @# fnAngle Function = Ident;
            @# fnAngle2 Function = Ident;
            @# fnOutline Function Params = 2 From OutlineMethods = Sine;
            @# fnOutlineOp Function Params = 2 = Product;
            @# InvertOutline: bool;
            @# fnAmplitude Function = Ident;
            @# fnInner1 Function = Sin;
            @# fnInner2 Function = Sin;
            @# fnOp Function Params = 2 = Quotient;
            @# Pointiness = 4;
            @# LocalModulus = 0.5;
            @# LocalStrength;
            @# LocalWaves = 1;
            @# LocalPower = 1;
            [ParameterInfo(MinValue = 1)]
            @# LocalPetals: int = 4;
            @# LocalPhase;
            @# fnLocal Function = Ident;
            @# scale = 1;
            @# outerScale = 1;
            @# petals = 4;
            @# flarePetals = 4;
            @# angleScale;
            @# angleWeight = 1;
            @# phase;
            @# ampPower = 2;
            @# anglePower = 1;
            @# damping = 2;
            @# waves = 1;
            @# strength = 5;
            @# distanceScale = 1;
        }

        [ParmsProperty]
        public EvalParameters Parms { get; } = new EvalParameters();
        public Whorl.PixelRenderInfo Info { get; set; }
        public Boolean IsFirstCall { get; set; }
        public Single Position { get; set; }
        public const Double invPi = 1 / Math.PI;
        public Double angleScale { get; set; }
        public Double phase { get; set; }
        public Double ampScale { get; set; }
        public Double damping { get; set; }
        public Double strength { get; set; }
        public Double addDenom { get; set; }
        private PolarPoint[] localCenters {get; set;}

        public void Initialize()
        {
            angleScale = 0.1 * @angleScale;
            phase = Math.PI * @phase / 180;
            ampScale = 2 * Math.PI * @waves;
            damping = 0.1 * @damping;
            strength = 0.1 * @strength;
            addDenom = 1 / @Pointiness;
            double phs = Math.PI * @LocalPhase / 180;
            localCenters = Enumerable.Range(0, @LocalPetals)
                    .Select(i =&gt; new PolarPoint(2.0 * Math.PI * i / @LocalPetals + phs, @LocalModulus)).ToArray();
            //MessageBox.Show(LocalDistance(new PolarPoint(0, 1)).ToString());
        }

        private double LocalDistance(PolarPoint pp)
        {
              return Enumerable.Range(0, @LocalPetals)
                        .Select(i =&gt; @fnLocal(@LocalWaves * Math.Pow(pp.Distance(localCenters[i]), @LocalPower))).Sum();
        }

        public void Eval()
        {
            const double inv2Pi = 0.5 / Math.PI;

            PolarPoint pp = Info.GetScaledPolar();
            Double angle = @petals * pp.Angle + phase;
            pp.Angle = angle;
            PolarPoint pp2 = new PolarPoint(angle, pp.Modulus);
            double factor = @fnOutline(angle, addDenom);
            if (@InvertOutline)
                 factor = 1.0 - factor;
            double amplitude = @fnOutlineOp(pp.Modulus, factor);
            angle = angle + angleScale * @fnOp(@angleWeight * @fnAngle2(@fnInner1(@flarePetals * angle)), damping + @outerScale * @fnAmplitude(@fnInner2(ampScale * CMath.Pow(amplitude, @ampPower))));
            pp2 = new PolarPoint(angle, amplitude);
            Info.Position = (float)(@colorOffset + @colorScale * @fnColor(@scale * amplitude + strength * @fnAngle(@distanceScale * CMath.Pow(pp.Distance(pp2), @anglePower)) + 
@LocalStrength * LocalDistance(pp)));
        }
    }
}
</Formula>
          <LegacyFormula>parameters  {
     @fnColor varFunction default = ident;
     @fnAngle varFunction default = ident;
     @fnAngle2 varFunction default = ident;
     @fnAmplitude varFunction default = ident;
     @fnInner1 varFunction default = sin;
     @fnInner2 varFunction default = sin;
     @fnInnerAmp varFunction default = ident;
     @fnOp varFunction parameters = 2 default = Quotient;
     @fnOutline varFunction parameters = 2 domain = OutlineMethods;
     @fnOutlineOp varFunction parameters = 2 default = Product;
     @Pointiness default = 3;
     @OutlineWeight default = 1;
     @UseOutline boolean;
     @InvertOutline boolean;
     @C0 default = 0;
     @C1 default = 1;
     @C2 default = 0;
     @C3 default = 0;
     @Power0 default = 0;
     @Power1 default = 1;
     @Power2 default = 2;
     @Power3 default = 3;
     @fn0 varFunction default = ident;
     @fn1 varFunction default = ident;
     @fn2 varFunction default = ident;
     @fn3 varFunction default = ident;
     @scale default = 1;
     @outerScale default = 1;
     @colorScale default = 1;
     @colorPower default = 1;
     @petals integer default = 4 min = 1;
     @flarePetals integer default = 4 min = 1;
     @angleScale default = 0;
     @angleWeight default = 1;
     @phase default = 0;
     @ampPower default = 2;
     @anglePower default = 1;
     @damping default = 2;
     @waves default = 1;
     @strength default = 5;
     @distanceScale default = 1;
}
const invPi = 1 / pi;
paramVar angleScale = 0.1 * @angleScale;
paramVar phase = pi * @phase / 180;
paramVar ampScale = 2 * pi * @waves;
paramVar damping = 0.1 * @damping;
paramVar strength = 0.1 * @strength;
paramVar addDenom = 1 / @Pointiness;

PolarPoint var pp = Info.GetScaledPolar();
var angle = @petals * pp.Angle + phase;
var amplitude = pp.Modulus;
if (@UseOutline)  {
    var otlAmp = @fnOutline(angle, addDenom);
    if (@InvertOutline)
          otlAmp = 1 - otlAmp;
    amplitude = @fnOutlineOp(amplitude, @OutlineWeight * otlAmp);
}
amplitude = @fn0(@C0 * amplitude ^ @Power0) + 
                   @fn1(@C1 * amplitude ^ @Power1) + 
                   @fn2(@C2 * amplitude ^ @Power2) + 
                   @fn3(@C3 * amplitude ^ @Power3);
pp.Angle = angle;
angle = angle + angleScale * @fnOp(@angleWeight * @fnAngle2(@fnInner1(@flarePetals * angle)),
damping + @outerScale * @fnAmplitude(@fnInner2(ampScale * @fnInnerAmp(amplitude) ^ @ampPower)));
PolarPoint var pp2 = new PolarPoint(angle, amplitude);
position = (float)(@colorScale * @fnColor(@scale * amplitude
   + strength * @fnAngle(@distanceScale * pp.Distance(pp2) ^ @anglePower)) ^ @ColorPower);</LegacyFormula>
          <Parameters>
            <Parameter Name="fnColor" TypeName="Func1Parameter`1" Value="Atan" />
            <Parameter Name="colorScale" TypeName="Double" Value="1" />
            <Parameter Name="colorOffset" TypeName="Double" Value="0.26" />
            <Parameter Name="fnAngle" TypeName="Func1Parameter`1" Value="Sqrt" />
            <Parameter Name="fnAngle2" TypeName="Func1Parameter`1" Value="Ident" />
            <Parameter Name="fnOutline" TypeName="Func2Parameter`1" Value="PointedRound" />
            <Parameter Name="fnOutlineOp" TypeName="Func2Parameter`1" Value="Pow" />
            <Parameter Name="InvertOutline" TypeName="Boolean" Value="False" />
            <Parameter Name="fnAmplitude" TypeName="Func1Parameter`1" Value="Sin" />
            <Parameter Name="fnInner1" TypeName="Func1Parameter`1" Value="Sin" />
            <Parameter Name="fnInner2" TypeName="Func1Parameter`1" Value="Sin" />
            <Parameter Name="fnOp" TypeName="Func2Parameter`1" Value="Difference" />
            <Parameter Name="Pointiness" TypeName="Double" Value="7" />
            <Parameter Name="LocalModulus" TypeName="Double" Value="0.5" />
            <Parameter Name="LocalStrength" TypeName="Double" Value="2.25" />
            <Parameter Name="LocalWaves" TypeName="Double" Value="0.4" />
            <Parameter Name="LocalPower" TypeName="Double" Value="-0.333" />
            <Parameter Name="LocalPetals" TypeName="Int32" Value="2" />
            <Parameter Name="LocalPhase" TypeName="Double" Value="0" />
            <Parameter Name="fnLocal" TypeName="Func1Parameter`1" Value="Sin" />
            <Parameter Name="scale" TypeName="Double" Value="1" />
            <Parameter Name="outerScale" TypeName="Double" Value="1" />
            <Parameter Name="petals" TypeName="Double" Value="4" />
            <Parameter Name="flarePetals" TypeName="Double" Value="1" />
            <Parameter Name="angleScale" TypeName="Double" Value="4" />
            <Parameter Name="angleWeight" TypeName="Double" Value="1" />
            <Parameter Name="phase" TypeName="Double" Value="90" />
            <Parameter Name="ampPower" TypeName="Double" Value="4" />
            <Parameter Name="anglePower" TypeName="Double" Value="1" />
            <Parameter Name="damping" TypeName="Double" Value="1" />
            <Parameter Name="waves" TypeName="Double" Value="1" />
            <Parameter Name="strength" TypeName="Double" Value="-10" />
            <Parameter Name="distanceScale" TypeName="Double" Value="0.8" />
          </Parameters>
        </FormulaSettings>
      </PixelRendering>
    </Pattern>
  </DesignPatterns>
</Design>