<Design XmlVersion="1.1" PictureWidth="1064" PictureHeight="1064" BackgroundImageMode="Stretch" ScaleToFit="True">
  <PictureBoxSize Width="1068" Height="1068" />
  <BackgroundGradientColors>
    <BoundaryColor Color="-16777216" />
    <CenterColor Color="-16777216" />
  </BackgroundGradientColors>
  <BackgroundImageFileName>C:\WhorlFilesDev\Textures\GreenOil2.png</BackgroundImageFileName>
  <DefaultPatternGroup>
    <Pattern RotationSteps="5000" MergeOperation="Sum" DrawCurve="False" RenderMode="Paint" StainBlendType="Add" StainWidth="10" SharedPatternID="1772" ZoomFactor="1" LoopFactor="0" ShrinkPattern="False" ShrinkPatternLayers="False" ShrinkClipCenterFactor="0" ShrinkPadding="4" ShrinkClipFactor="4" IsBackgroundPattern="False" AllowRandom="True" UseLinearGradient="False" GradientPadding="15" GradientRotation="0" RandomSeed="116461390" XmlPatternID="1698">
      <PathFillInfo ColorMode="Normal">
        <BoundaryColor Color="-65536" />
        <CenterColor Color="-256" />
      </PathFillInfo>
      <PatternLayerList />
      <Center X="0" Y="0" />
      <ZVector Re="0" Im="0" />
      <PreviewZFactor Re="0.707106765732237" Im="-0.707106796640858" />
      <BasicOutline UsesCustomFormula="False" BasicOutlineType="Rectangle" IntPetals="2" Frequency="1" UsedFrequency="1" Phase="0" AngleOffset="0" Enabled="True" AmplitudeFactor="1" AddDenom="1" Pointiness="1" />
    </Pattern>
  </DefaultPatternGroup>
  <DesignPatterns>
    <Pattern RotationSteps="5000" MergeOperation="Sum" DrawCurve="False" RenderMode="Paint" StainBlendType="Add" StainWidth="10" SharedPatternID="1699" ZoomFactor="1" LoopFactor="0" ShrinkPattern="False" ShrinkPatternLayers="False" ShrinkClipCenterFactor="0" ShrinkPadding="2" ShrinkClipFactor="4" IsBackgroundPattern="True" AllowRandom="True" UseLinearGradient="False" GradientPadding="15" GradientRotation="0" RandomSeed="108617008" XmlPatternID="1700">
      <PathFillInfo ColorMode="Radial">
        <BoundaryColor Color="-16777088" />
        <CenterColor Color="-32768" />
        <ColorInfo TranslucentWaves="False" TranslucentCycles="10" TranslucentStrength="1" RandomWaves="False" RandomWavesSeed="1827112453" Colors="-16777088,-48480,-19345,-8355585,-32513,-1" Positions="0,0.06179775,0.2485955,0.508427,0.8581461,1" />
      </PathFillInfo>
      <PatternLayerList />
      <Center X="531.08" Y="530.56" />
      <ZVector Re="757.631270983817" Im="-9.03466252086941E-06" />
      <PreviewZFactor Re="0.707106765732237" Im="-0.707106796640858" />
      <BasicOutline UsesCustomFormula="False" BasicOutlineType="Rectangle" IntPetals="2" Frequency="1" UsedFrequency="1" Phase="0" AngleOffset="0" Enabled="True" AmplitudeFactor="1" AddDenom="1" Pointiness="1" />
      <PixelRendering Enabled="True" PatternLayerIndex="0" FormulaEnabled="True" ZoomFactor="2.4" UseDistanceOutline="True" SmoothedDraft="True">
        <PanXY X="0" Y="0" />
        <ColorNodes>
          <ColorNode Color="-11316318" Position="0.01544944" />
          <ColorNode Color="-7564319" Position="0.116573" />
          <ColorNode Color="-12566349" Position="0.3061798" />
          <ColorNode Color="-9276678" Position="0.5660113" />
          <ColorNode Color="-3816723" Position="0.6643258" />
          <ColorNode Color="-11844160" Position="0.6825843" />
          <ColorNode Color="-3881729" Position="0.7092696" />
          <ColorNode Color="-3757144" Position="0.7373595" />
          <ColorNode Color="-6580482" Position="0.7766854" />
          <ColorNode Color="-9466881" Position="0.8651685" />
          <ColorNode Color="-3293457" Position="0.8876405" />
        </ColorNodes>
        <DistanceOutlinePattern>
          <Pattern RotationSteps="5000" MergeOperation="Sum" DrawCurve="False" RenderMode="Paint" StainBlendType="Add" StainWidth="10" SharedPatternID="1744" ZoomFactor="1" LoopFactor="0" ShrinkPattern="False" ShrinkPatternLayers="False" ShrinkClipCenterFactor="0" ShrinkPadding="2" ShrinkClipFactor="4" IsBackgroundPattern="True" AllowRandom="True" UseLinearGradient="False" GradientPadding="15" GradientRotation="0" RandomSeed="108617008" XmlPatternID="1701">
            <PathFillInfo ColorMode="Normal">
              <BoundaryColor Color="-16777088" />
              <CenterColor Color="-8355585" />
            </PathFillInfo>
            <PatternLayerList />
            <Center X="531.22" Y="531.02" />
            <ZVector Re="-132.582532272696" Im="-132.582526477329" />
            <PreviewZFactor Re="0.707106765732237" Im="-0.707106796640858" />
            <BasicOutline UsesCustomFormula="False" BasicOutlineType="BroadFull" IntPetals="4" Frequency="2" UsedFrequency="2" Phase="0" AngleOffset="0" Enabled="True" AmplitudeFactor="1" AddDenom="0.0714285714285714" Pointiness="14" />
            <BasicOutline UsesCustomFormula="False" BasicOutlineType="Pointed" IntPetals="4" Frequency="2" UsedFrequency="2" Phase="90.0000000000002" AngleOffset="1.5707963267949" Enabled="True" AmplitudeFactor="1" AddDenom="0.25" Pointiness="4" />
            <PatternTransform TransformName="Flare" SequenceNumber="0" Enabled="False">
              <TransformSettings IsValid="True" IsCSharpFormula="True" FormulaName="Flare">
                <Formula>using System;
using System.Linq;
using Whorl;
using ParserEngine;
using System.Windows.Forms;
namespace WhorlEval
{
    public class WhorlEvalClass
    {
        public class EvalParameters
        {		
            @# LocalModulus label="Radius" = 0.5;
            @# LocalStrength;
            @# LocalWaves = 1;
            @# LocalPower = 1;
            @# LocalDamping = 1;
            //[ParameterInfo(MinValue = 1)]
            @# LocalPetals: int min=1 max = 32 = 4;
            @# LocalPhase;
            @# fnLocal Function = Ident;

            @# petals: int = 4;
            @# strength = 5;
            @# damping = 0.2;
            @# power = 1;
            @# phase;
        }		
        private double LocalDistance(PolarPoint pp)
        {
              return Enumerable.Range(0, @LocalPetals)
                        .Select(i =&gt; @fnLocal(@LocalWaves * Math.Pow(pp.Distance(localCenters[i]), @LocalPower))).Sum();
        }

        private PolarPoint[] localCenters {get; set;}


        [ParmsProperty]
        public EvalParameters Parms { get; } = new EvalParameters();
        public Whorl.PatternTransform.FormulaInfo Info { get; set; }
        public Boolean IsFirstCall { get; set; }
        public Double angle { get; set; }
        public Double amplitude { get; set; }
        public PolarPoint PreviousPoint { get; set; }
        private Double phase { get; set; }
        private Double strength { get; set; }
        private Double freq { get; set; }

        public void Initialize()
        {
            double phs = Math.PI * @LocalPhase / 180;
            localCenters = Enumerable.Range(0, @LocalPetals)
                    .Select(i =&gt; new PolarPoint(2.0 * Math.PI * i / @LocalPetals + phs, @LocalModulus)).ToArray();

            phase = Math.PI * @phase / 180;
            strength = 0.015 * @strength;
            freq = 2 * @petals;
        }

        public void Eval()
        {
		/*
            PolarPoint pp = Info.GetScaledPolar();
            Double angle = @petals * pp.Angle + phase;
            pp.Angle = angle;
            PolarPoint pp2 = new PolarPoint(angle, pp.Modulus);
            double factor = @fnOutline(angle, addDenom);
            if (@InvertOutline)
                 factor = 1.0 - factor;
            double amplitude = @fnOutlineOp(pp.Modulus, factor);
            angle = angle + angleScale * @fnOp(@angleWeight * @fnAngle2(@fnInner1(@flarePetals * angle)), damping + @outerScale * @fnAmplitude(@fnInner2(ampScale * CMath.Pow(amplitude, @ampPower))));
            pp2 = new PolarPoint(angle, amplitude);
            Info.Position = (float)(@colorScale * @fnColor(@scale * amplitude + strength * @fnAngle(@distanceScale * CMath.Pow(pp.Distance(pp2), @anglePower)) + 
@LocalStrength * LocalDistance(pp)));
		*/

            var pp = new PolarPoint(Info.angle, Info.amplitude);
            double amp = Info.amplitude;
            Info.angle = Info.angle + strength * Math.Sin(freq * Info.angle + phase)  
                               * (@LocalDamping + @LocalStrength * LocalDistance(pp)) / @LocalDamping
                               / (@damping + CMath.Pow(amp, @power));

        }
    }
}
</Formula>
                <LegacyFormula>parameters {
    @petals integer  min = 1 default = 4;
    @strength default = 5 min = -50 max = 50;
    @damping min = 0.01 default = 0.2;
    @power integer min = 1 default = 1;
    @phase default = 0;
    }
paramVar phase = pi * @phase / 180;
paramVar strength = 0.015 * @strength;
paramVar freq = 2 * @petals;
angle = angle + strength * sin(freq * angle + phase) / (@damping + amplitude  ^ @power);</LegacyFormula>
                <Parameters>
                  <Parameter Name="LocalModulus" TypeName="Double" Value="0.7" />
                  <Parameter Name="LocalStrength" TypeName="Double" Value="2" />
                  <Parameter Name="LocalWaves" TypeName="Double" Value="7" />
                  <Parameter Name="LocalPower" TypeName="Double" Value="-0.5" />
                  <Parameter Name="LocalDamping" TypeName="Double" Value="1" />
                  <Parameter Name="LocalPetals" TypeName="Int32" Value="4" />
                  <Parameter Name="LocalPhase" TypeName="Double" Value="0" />
                  <Parameter Name="fnLocal" TypeName="Func1Parameter`1" Value="Tanh" />
                  <Parameter Name="petals" TypeName="Int32" Value="4" />
                  <Parameter Name="strength" TypeName="Double" Value="1.2" />
                  <Parameter Name="damping" TypeName="Double" Value="1" />
                  <Parameter Name="power" TypeName="Double" Value="1" />
                  <Parameter Name="phase" TypeName="Double" Value="0" />
                </Parameters>
              </TransformSettings>
            </PatternTransform>
            <PatternTransform TransformName="FlareExtra" SequenceNumber="0" Enabled="True">
              <TransformSettings IsValid="True" IsCSharpFormula="False">
                <Formula>parameters {
    @petals min = 1 default = 4;
    @strength default = 1 min = -5 max = 5;
    @damping min = 0.01 default = 0.2;
    @phase min = -360 max = 360 default = 0;
    @scale default = 1 min = 0;
    @power integer default = 1 min = 1;
    @waves default = 1;
    @offset default = 0;
    }
angle = angle + @strength * 0.15 * sin(2 * round(@petals) * angle + pi * @phase / 180) * (@damping + sin(pi * @waves * tanh(@scale * amplitude ^ @power) + @offset)) / (1 + @damping);</Formula>
                <Parameters>
                  <Parameter Name="petals" TypeName="Parameter" Value="4" Guid="f476ffd6-4f76-4c80-a6d4-f89bb3a5f856" />
                  <Parameter Name="strength" TypeName="Parameter" Value="3" Guid="8d0dc10a-cba7-4b28-accb-62cf937ca4a1" />
                  <Parameter Name="damping" TypeName="Parameter" Value="1" Guid="b7ea1ce4-0787-4752-b110-699b333c2f22" />
                  <Parameter Name="phase" TypeName="Parameter" Value="0" Guid="3eeca52b-25b8-4d10-83b8-e0d380025fd5" />
                  <Parameter Name="scale" TypeName="Parameter" Value="3" Guid="c2626fa3-d2e1-474c-a4d7-48bd2a65687d" />
                  <Parameter Name="power" TypeName="Parameter" Value="2" Guid="aa1b4b4e-53e9-4d9c-8796-9cad363e5f64" />
                  <Parameter Name="waves" TypeName="Parameter" Value="2" Guid="088a9e2a-87fa-4eef-95b3-c3b84f311d0e" />
                  <Parameter Name="offset" TypeName="Parameter" Value="1" Guid="e55f4d13-78e0-4706-83f0-72e5be934958" />
                </Parameters>
              </TransformSettings>
            </PatternTransform>
          </Pattern>
        </DistanceOutlinePattern>
        <DistanceOrigZVector Re="511.11958280477" Im="-6.09504004824439E-06" />
        <DistanceOrigCenter X="531.38" Y="531.03" />
        <FormulaSettings IsValid="True" IsCSharpFormula="True" FormulaName="NestedFunctionsDistance.cs">
          <Formula>using System;
using Whorl;
using ParserEngine;
using System.Windows.Forms;
using System.Linq;
namespace WhorlEval
{
    public class WhorlEvalClass
    {
        public enum ColorOffsetModes
        {
            Outer,
            Mid,
            Inner
        }
        public class EvalParameters
        {
            @# ComputeDistance: bool = true;
            @# DistanceOnly: bool;
            @# DistanceFactor label = "Distance %" = 10.0;
            @# fnDistance Function = Ident;
            @# fnDistanceOp Function Params = 2 = Sum;
            @# DistanceOffset;
            @# PathPower = 1.0;
            @# DistanceCoeff = 1.0;
            @# ArcTanWeightPct label="ArcTan %";
            @# ArcTanPct label="ArcTan Y %";
            @# PathMode enum ColorOffsetModes = Outer;
            @# DistanceCount: int = 5;
            @# DistanceRows: int min = 1 = 10;
            @# SegmentLength min = 0;

            @# fnColor Function = Ident;
            @# colorScale = 1;
            @# colorSlope;
            @# colorOffset;
            @# colorMode enum ColorOffsetModes = Outer;
            @# rotation;
            @# fnPosition Function = Ident;
            @# fnOutline Function Params = 2 From OutlineMethods = Sine;
            @# fnOutlineOp Function Params = 2 = Product;
            @# fnOp Function Params = 2 = Sum;
            @# InvertOutline: bool;
            @# AngleN: int ArrayLength;
            @# fnAngle[AngleN] Function = Ident;
            @# fnCAngle[AngleN] = 1.0;
            @# powerAngle[AngleN] = 1.0;
            @# AmpN: int ArrayLength;
            @# fnAmp[AmpN] Function = Ident;
            @# fnC[AmpN] = 1.0;
            @# powerAmp[AmpN] = 1.0;
            @# petals = 4;
            @# flarePetals: int = 1;
            @# angleScale;
            @# angleWeight = 1;
            @# phase;
            @# FlarePhase;
            @# Pointiness = 3;
            @# ampPower = 1;
            @# distancePower = 1;
            @# damping = 2;
            @# waves = 1;
            @# strength = 5;
            @# distanceScale = 1;
        }
        private double atanFactor { get; set; }
        private double atanY { get; set; }
        private double distanceFactor {get; set;}

        private double PathDistance()
        {
            double dist = Info.DistanceToPath;
            if (atanFactor != 0)
                 dist += atanFactor * Math.Atan2(dist, atanY);
            dist *= @DistanceCoeff;
            switch (@PathMode)
            {
                case ColorOffsetModes.Outer:
                default:
                    return distanceFactor * CMath.Pow(@fnDistance(dist + @DistanceOffset), @PathPower);
                case ColorOffsetModes.Mid:
                    return @fnDistance(distanceFactor * CMath.Pow(dist + @DistanceOffset, @PathPower));
                case ColorOffsetModes.Inner:
                    return @fnDistance(CMath.Pow(distanceFactor * dist + @DistanceOffset, @PathPower));
            }
        }


        [ParmsProperty]
        public EvalParameters Parms { get; } = new EvalParameters();
        public Whorl.PixelRenderInfo Info { get; set; }

        private const Double invPi = 1 / Math.PI;
        private Double angleScale { get; set; }
        private Double rotation { get; set; }
        private Double phase { get; set; }
        private Double flarePhase { get; set; }
        private Double ampScale { get; set; }
        private Double damping { get; set; }
        private Double strength { get; set; }
        private Double addDenom { get; set; }

        public void Initialize()
        {
            Info.DistanceRows = @DistanceRows;
            Info.SegmentLength = @SegmentLength;

            Info.ComputeDistance = @ComputeDistance;
            Info.DistanceCount = @DistanceCount;
            atanFactor = 0.01 * @ArcTanWeightPct;
            atanY = 0.01 * @ArcTanPct;
            distanceFactor = 0.01 * @DistanceFactor;

            angleScale = 0.1 * @angleScale;
            phase = Math.PI * @phase / 180;
            flarePhase = Math.PI * @flarePhase / 180;
            rotation = Tools.DegreesToRadians(@rotation);
            ampScale = 2 * Math.PI * @waves;
            damping = 0.1 * @damping;
            strength = 0.1 * @strength;
            addDenom = 1 / @Pointiness;
        }

        private double ColorPosition(double v, double modulus)
        {
            double pos;
            double scale = @colorScale + @colorSlope * modulus;
            switch (@colorMode)
            {
                case ColorOffsetModes.Outer:
                default:
                   pos = scale * @fnColor(v) + @colorOffset;
                   break;
                case ColorOffsetModes.Mid:
                   pos = scale * (@fnColor(v) + @colorOffset);
                   break;
                case ColorOffsetModes.Inner:
                   pos = scale * @fnColor(v + @colorOffset);
                   break;
            }
            return pos;
        }

        public double NestedAngleFunctions(double v)
        {
	for (int i = 0; i &lt; @AngleN; i++)
	    v = CMath.Pow(@fnAngle[i](@fnCAngle[i] * v), @powerAngle[i]);
	return v;
        }
        
        public double NestedFunctions(double v)
        {
	for (int i = 0; i &lt; @AmpN; i++)
	    v = CMath.Pow(@fnAmp[i](@fnC[i] * v), @powerAmp[i]);
	return v;
        }
		
        public void Eval()
        {
            PolarPoint pp0 = Info.GetScaledPolar();
            if (@DistanceOnly)
            {
                Info.Position = (float)ColorPosition(PathDistance(), pp0.Modulus);
                return;
            }
            pp0.Angle += rotation;
            Double angle = 0.5 * @petals * pp0.Angle + phase;
            var pp = new PolarPoint(angle, pp0.Modulus);
            double factor = @fnOutline(angle, addDenom);
            if (@InvertOutline)
                 factor = 1.0 - factor;
            double amplitude = @fnOutlineOp(pp.Modulus, factor);
            angle = angle + angleScale * NestedAngleFunctions(@fnOp(Math.Sin(@AngleWeight * angle + flarePhase), (damping + pp.Modulus)));
            var pp2 = new PolarPoint(angle, amplitude);
            double position = NestedFunctions(amplitude) + strength * @fnPosition(@distanceScale * 
CMath.Pow(pp.Distance(pp2), @distancePower));
            if (@ComputeDistance)
                position = @fnDistanceOp(position, PathDistance());
            Info.Position = (float)ColorPosition(position, pp0.Modulus);
        }
    }
}
</Formula>
          <LegacyFormula>parameters  {
     @fnColor varFunction default = ident;
     @fnAngle varFunction default = ident;
     @fnAngle2 varFunction default = ident;
     @fnAmplitude varFunction default = ident;
     @fnInner1 varFunction default = sin;
     @fnInner2 varFunction default = sin;
     @fnInnerAmp varFunction default = ident;
     @fnOp varFunction parameters = 2 default = Quotient;
     @fnOutline varFunction parameters = 2 domain = OutlineMethods;
     @fnOutlineOp varFunction parameters = 2 default = Product;
     @Pointiness default = 3;
     @OutlineWeight default = 1;
     @UseOutline boolean;
     @InvertOutline boolean;
     @C0 default = 0;
     @C1 default = 1;
     @C2 default = 0;
     @C3 default = 0;
     @Power0 default = 0;
     @Power1 default = 1;
     @Power2 default = 2;
     @Power3 default = 3;
     @fn0 varFunction default = ident;
     @fn1 varFunction default = ident;
     @fn2 varFunction default = ident;
     @fn3 varFunction default = ident;
     @scale default = 1;
     @outerScale default = 1;
     @colorScale default = 1;
     @colorPower default = 1;
     @petals integer default = 4 min = 1;
     @flarePetals integer default = 4 min = 1;
     @angleScale default = 0;
     @angleWeight default = 1;
     @phase default = 0;
     @ampPower default = 2;
     @anglePower default = 1;
     @damping default = 2;
     @waves default = 1;
     @strength default = 5;
     @distanceScale default = 1;
}
const invPi = 1 / pi;
paramVar angleScale = 0.1 * @angleScale;
paramVar phase = pi * @phase / 180;
paramVar ampScale = 2 * pi * @waves;
paramVar damping = 0.1 * @damping;
paramVar strength = 0.1 * @strength;
paramVar addDenom = 1 / @Pointiness;

PolarPoint var pp = Info.GetScaledPolar();
var angle = @petals * pp.Angle + phase;
var amplitude = pp.Modulus;
if (@UseOutline)  {
    var otlAmp = @fnOutline(angle, addDenom);
    if (@InvertOutline)
          otlAmp = 1 - otlAmp;
    amplitude = @fnOutlineOp(amplitude, @OutlineWeight * otlAmp);
}
amplitude = @fn0(@C0 * amplitude ^ @Power0) + 
                   @fn1(@C1 * amplitude ^ @Power1) + 
                   @fn2(@C2 * amplitude ^ @Power2) + 
                   @fn3(@C3 * amplitude ^ @Power3);
pp.Angle = angle;
angle = angle + angleScale * @fnOp(@angleWeight * @fnAngle2(@fnInner1(@flarePetals * angle)),
damping + @outerScale * @fnAmplitude(@fnInner2(ampScale * @fnInnerAmp(amplitude) ^ @ampPower)));
PolarPoint var pp2 = new PolarPoint(angle, amplitude);
position = (float)(@colorScale * @fnColor(@scale * amplitude
   + strength * @fnAngle(@distanceScale * pp.Distance(pp2) ^ @anglePower)) ^ @ColorPower);</LegacyFormula>
          <Parameters>
            <Parameter Name="ComputeDistance" TypeName="Boolean" Value="True" />
            <Parameter Name="DistanceOnly" TypeName="Boolean" Value="False" />
            <Parameter Name="DistanceFactor" TypeName="Double" Value="70" />
            <Parameter Name="fnDistance" TypeName="Func1Parameter`1" Value="Cos" />
            <Parameter Name="fnDistanceOp" TypeName="Func2Parameter`1" Value="Product" />
            <Parameter Name="DistanceOffset" TypeName="Double" Value="1.2" />
            <Parameter Name="PathPower" TypeName="Double" Value="1" />
            <Parameter Name="DistanceCoeff" TypeName="Double" Value="-0.9" />
            <Parameter Name="ArcTanWeightPct" TypeName="Double" Value="60" />
            <Parameter Name="ArcTanPct" TypeName="Double" Value="120" />
            <Parameter Name="PathMode" TypeName="EnumValuesParameter`1" Value="Mid" />
            <Parameter Name="DistanceCount" TypeName="Int32" Value="6" />
            <Parameter Name="DistanceRows" TypeName="Int32" Value="9" />
            <Parameter Name="SegmentLength" TypeName="Double" Value="12" />
            <Parameter Name="fnColor" TypeName="Func1Parameter`1" Value="Cos" />
            <Parameter Name="colorScale" TypeName="Double" Value="1.77" />
            <Parameter Name="colorSlope" TypeName="Double" Value="1" />
            <Parameter Name="colorOffset" TypeName="Double" Value="0.615" />
            <Parameter Name="colorMode" TypeName="EnumValuesParameter`1" Value="Outer" />
            <Parameter Name="rotation" TypeName="Double" Value="0" />
            <Parameter Name="fnPosition" TypeName="Func1Parameter`1" Value="Ident" />
            <Parameter Name="fnOutline" TypeName="Func2Parameter`1" Value="Ellipse" />
            <Parameter Name="fnOutlineOp" TypeName="Func2Parameter`1" Value="Product" />
            <Parameter Name="fnOp" TypeName="Func2Parameter`1" Value="Product" />
            <Parameter Name="InvertOutline" TypeName="Boolean" Value="False" />
            <Parameter Name="AngleN" TypeName="Int32" Value="1" />
            <Parameter Name="fnAngle" TypeName="Func1Parameter`1[]" Value="Sin" Index="0" />
            <Parameter Name="fnCAngle" TypeName="Double[]" Value="1" Index="0" />
            <Parameter Name="powerAngle" TypeName="Double[]" Value="1" Index="0" />
            <Parameter Name="AmpN" TypeName="Int32" Value="1" />
            <Parameter Name="fnAmp" TypeName="Func1Parameter`1[]" Value="Exp" Index="0" />
            <Parameter Name="fnC" TypeName="Double[]" Value="1" Index="0" />
            <Parameter Name="powerAmp" TypeName="Double[]" Value="0.3" Index="0" />
            <Parameter Name="petals" TypeName="Double" Value="4" />
            <Parameter Name="flarePetals" TypeName="Int32" Value="1" />
            <Parameter Name="angleScale" TypeName="Double" Value="12" />
            <Parameter Name="angleWeight" TypeName="Double" Value="1" />
            <Parameter Name="phase" TypeName="Double" Value="0" />
            <Parameter Name="FlarePhase" TypeName="Double" Value="0" />
            <Parameter Name="Pointiness" TypeName="Double" Value="4" />
            <Parameter Name="ampPower" TypeName="Double" Value="1" />
            <Parameter Name="distancePower" TypeName="Double" Value="1" />
            <Parameter Name="damping" TypeName="Double" Value="0.5" />
            <Parameter Name="waves" TypeName="Double" Value="1" />
            <Parameter Name="strength" TypeName="Double" Value="7.8" />
            <Parameter Name="distanceScale" TypeName="Double" Value="2" />
          </Parameters>
        </FormulaSettings>
      </PixelRendering>
    </Pattern>
  </DesignPatterns>
</Design>