<Design XmlVersion="1.1" PictureWidth="967" PictureHeight="967" BackgroundImageMode="Stretch" ScaleToFit="True">
  <PictureBoxSize Width="971" Height="971" />
  <BackgroundGradientColors>
    <BoundaryColor Color="-4802076" />
    <CenterColor Color="-2894353" />
  </BackgroundGradientColors>
  <DefaultPatternGroup>
    <Pattern RotationSteps="5000" MergeOperation="Sum" DrawCurve="False" RenderMode="Paint" StainBlendType="Add" StainWidth="10" SharedPatternID="1535" ZoomFactor="1" LoopFactor="0" ShrinkPattern="False" ShrinkPatternLayers="False" ShrinkClipCenterFactor="0" ShrinkPadding="2" ShrinkClipFactor="4" IsBackgroundPattern="False" AllowRandom="True" InfluenceScaleFactor="1" UseLinearGradient="False" GradientPadding="15" GradientRotation="0" RandomSeed="108621186" XmlPatternID="1666">
      <TextureFillInfo TextureScale="1">
        <TextureImageFileName>C:\WhorlFilesDev\Textures\Emerald4.png</TextureImageFileName>
        <TextureOffset X="0" Y="0" />
      </TextureFillInfo>
      <PatternLayerList />
      <Center X="50" Y="50" />
      <ZVector Re="-8.77906468809148" Im="44.1353375788869" />
      <PreviewZFactor Re="-0.195090326402033" Im="0.98078527953082" />
      <PathOutline RotationSpan="1" UseVertices="True" UserDefinedVertices="False" ClosedCurveVertices="False" PolygonUserVertices="True" NormalizedPathLength="0" BasicOutlineType="Path" IntPetals="8" Frequency="4" Phase="0" AngleOffset="0" Enabled="True" AmplitudeFactor="1" AddDenom="0.2" Pointiness="5">
        <AmplitudeSettings IsValid="True" IsCSharpFormula="False" FormulaName="Formula1">
          <Formula>amplitude = 1.5 + 1.5 * (2 * pi * rotationSpan - angle);</Formula>
        </AmplitudeSettings>
        <MaxAmplitudeSettings IsValid="True" IsCSharpFormula="False" FormulaName="Formula1">
          <Formula>maxAmplitude = 2 * pi * rotationSpan;</Formula>
        </MaxAmplitudeSettings>
        <PathOutlineType Value="Polar" />
        <VerticesSettings IsValid="True" IsCSharpFormula="False" FormulaName="StarPartial2">
          <Formula>parameters {
    @midScalePercent label="Short %" default = 70 min = 0;
    @Angle1 label="Angle 1 %" default = 20 min = 0;
    @Angle2 label="Angle 2 %" default = 30 min = 0;
    @Angle3 label="Angle 3 %" default = 40 min = 0;
    @Fac1 label="Fac1 %" default = 70 min = 0;
    @Fac2 label="Fac2 %" default = 60 min = 0;
    @Fac3 label="Fac3 %" default = 85 min = 0;
    @Points Integer default = 2 min = 1;
    @CenterOffset default = 0;
}
var aMid = pi / petals;
var aFull = 2 * aMid;
var len = 1 / addDenom;
var aDiff1 = 0.01 * @Angle1 * aMid, 
    aDiff2 = 0.01 * @Angle2 *  aMid, 
    aDiff3 = 0.01 * @Angle3 *  aMid;
var r1 = len, r2 = addDenom * len, aRotate;
var fac1 = 0.01 * @Fac1,
    fac2 = 0.01 * @Fac2,
    fac3 = 0.01 * @Fac3;
var x1, y1;
var i = 0;
var count = min(@Points, petals);
aRotate = -0.5 * pi - @Points * aFull - 0.5 * aMid;
var rMid = r1 * 0.01 * @midScalePercent;
if (count != petals)
    AddVertex(0, -0.01 * @CenterOffset * r1);
PolarToRect(r2, aRotate - aMid, ref x1, ref y1);
AddVertex(x1, y1);
while (i &lt; count)
{
    PolarToRect(fac1 * r1, aRotate - aDiff1, ref x1, ref y1);
    AddVertex(x1, y1);
    PolarToRect(fac2 * r1, aRotate - aDiff2, ref x1, ref y1);
    AddVertex(x1, y1);
    PolarToRect(fac3 * r1, aRotate - aDiff3, ref x1, ref y1);
    AddVertex(x1, y1);
    PolarToRect(r1, aRotate, ref x1, ref y1);
    AddVertex(x1, y1);
    PolarToRect(fac3 * r1, aRotate + aDiff3, ref x1, ref y1);
    AddVertex(x1, y1);
    PolarToRect(fac2 * r1, aRotate + aDiff2, ref x1, ref y1);
    AddVertex(x1, y1);
    PolarToRect(fac1 * r1, aRotate + aDiff1, ref x1, ref y1);
    AddVertex(x1, y1);
    PolarToRect(r2, aMid + aRotate, ref x1, ref y1);
    AddVertex(x1, y1);
    aRotate = aRotate + aFull;
    i = i + 1;
    if (i % 2 == 0)
        r1 = len;
    else
        r1 = rMid;
}
#AddVertex(r1, 0);</Formula>
          <Parameters>
            <Parameter Name="midScalePercent" TypeName="Parameter" Value="70" Guid="9b9a3f7d-47f9-406b-b036-8b5333b6c6a8" />
            <Parameter Name="Angle1" TypeName="Parameter" Value="10" Guid="b7261e7c-95f5-4f14-83ba-44936187e1c7" />
            <Parameter Name="Angle2" TypeName="Parameter" Value="90" Guid="40c81c6b-2599-4a08-8d2d-0dbabcdd5394" />
            <Parameter Name="Angle3" TypeName="Parameter" Value="60" Guid="3e565a5d-edd0-43ac-b5a7-05e4772a63d2" />
            <Parameter Name="Fac1" TypeName="Parameter" Value="55" Guid="a88c0d2e-ed93-4a5f-b213-df06246feccf" />
            <Parameter Name="Fac2" TypeName="Parameter" Value="77" Guid="d8973edc-9af5-41e3-bc75-ff19db3ba16b" />
            <Parameter Name="Fac3" TypeName="Parameter" Value="90" Guid="f882c85c-e058-4f57-a902-5df6d8468c32" />
            <Parameter Name="Points" TypeName="Parameter" Value="8" Guid="a79b860f-5d53-485a-8431-6ed54d2bc0ad" />
            <Parameter Name="CenterOffset" TypeName="Parameter" Value="-5" Guid="d0dbfae8-6171-4c42-bb47-81f45f91d456" />
          </Parameters>
        </VerticesSettings>
      </PathOutline>
      <PatternTransform TransformName="Flare" SequenceNumber="0" Enabled="True">
        <TransformSettings IsValid="True" IsCSharpFormula="False" FormulaName="Flare">
          <Formula>parameters {
    @petals integer  min = 1 default = 4;
    @strength default = 5 min = -50 max = 50;
    @damping min = 0.01 default = 0.2;
    @power integer min = 1 default = 1;
    @phase default = 0;
    }
paramVar phase = pi * @phase / 180;
paramVar strength = 0.015 * @strength;
paramVar freq = 2 * @petals;
angle = angle + strength * sin(freq * angle + phase) / (@damping + amplitude  ^ @power);</Formula>
          <Parameters>
            <Parameter Name="petals" TypeName="Parameter" Value="16" Guid="6e1aa136-f752-423b-9748-c1948e314f70" />
            <Parameter Name="strength" TypeName="Parameter" Value="6" Guid="41520248-5e59-4325-a013-46bf98e8eb30" />
            <Parameter Name="damping" TypeName="Parameter" Value="1" Guid="e6898209-5b65-4c3f-b0ea-606b43a99e29" />
            <Parameter Name="power" TypeName="Parameter" Value="2" Guid="0b5169c1-4549-490d-81e0-e7d6c9295150" />
            <Parameter Name="phase" TypeName="Parameter" Value="0" Guid="ce9c40eb-985e-4810-be6b-f53e09095b4b" />
          </Parameters>
        </TransformSettings>
      </PatternTransform>
    </Pattern>
  </DefaultPatternGroup>
  <DesignPatterns>
    <Pattern RotationSteps="5000" MergeOperation="Sum" DrawCurve="False" RenderMode="Paint" StainBlendType="Add" StainWidth="10" SharedPatternID="1699" ZoomFactor="1" LoopFactor="0" ShrinkPattern="False" ShrinkPatternLayers="False" ShrinkClipCenterFactor="0" ShrinkPadding="2" ShrinkClipFactor="4" IsBackgroundPattern="True" AllowRandom="True" InfluenceScaleFactor="1.12255406700646" UseLinearGradient="False" GradientPadding="15" GradientRotation="0" RandomSeed="108617008" XmlPatternID="1667">
      <PathFillInfo ColorMode="Radial">
        <BoundaryColor Color="-16777088" />
        <CenterColor Color="-32768" />
        <ColorInfo TranslucentWaves="False" TranslucentCycles="10" TranslucentStrength="1" RandomWaves="False" RandomWavesSeed="1827112453" Colors="-16777088,-48480,-19345,-8355585,-32513,-1" Positions="0,0.06179775,0.2485955,0.508427,0.8581461,1" />
      </PathFillInfo>
      <PatternLayerList />
      <Center X="485" Y="601.7" />
      <ZVector Re="-1.32886190629856E-13" Im="-542.56696535616" />
      <PreviewZFactor Re="1" Im="-2.44921270764475E-16" />
      <BasicOutline IntPetals="6" Frequency="3" UsedFrequency="3" Phase="0" AngleOffset="0" Enabled="False" AmplitudeFactor="0" Pointiness="15" BasicOutlineType="Pointed2" AddDenom="0.0666666666666667" />
      <BasicOutline IntPetals="3" Frequency="1.5" UsedFrequency="1.5" Phase="0" AngleOffset="0" Enabled="True" AmplitudeFactor="1" Pointiness="3" BasicOutlineType="Pointed5" AddDenom="0.333333333333333" />
      <BasicOutline IntPetals="6" Frequency="3" UsedFrequency="3" Phase="0" AngleOffset="0" Enabled="True" AmplitudeFactor="0.4" Pointiness="2" BasicOutlineType="NewEllipse" AddDenom="0.5" />
      <PatternTransform TransformName="Flare" SequenceNumber="0" Enabled="True">
        <TransformSettings IsValid="True" IsCSharpFormula="True" FormulaName="Flare">
          <Formula>using System;
using System.Linq;
using Whorl;
using ParserEngine;
using System.Windows.Forms;
namespace WhorlEval
{
    public class WhorlEvalClass
    {
        public class EvalParameters
        {		
            @# LocalModulus label="Radius" = 0.5;
            @# LocalStrength;
            @# LocalWaves = 1;
            @# LocalPower = 1;
            @# LocalDamping = 1;
            //[ParameterInfo(MinValue = 1)]
            @# LocalPetals: int min=1 max = 32 = 4;
            @# LocalPhase;
            @# fnLocal Function = Ident;

            @# petals: int = 4;
            @# strength = 5;
            @# damping = 0.2;
            @# power = 1;
            @# phase;
        }		
        private double LocalDistance(PolarPoint pp)
        {
              return Enumerable.Range(0, @LocalPetals)
                        .Select(i =&gt; @fnLocal(@LocalWaves * Math.Pow(pp.Distance(localCenters[i]), @LocalPower))).Sum();
        }

        private PolarPoint[] localCenters {get; set;}


        [ParmsProperty]
        public EvalParameters Parms { get; } = new EvalParameters();
        public Whorl.PatternTransform.FormulaInfo Info { get; set; }
        public Boolean IsFirstCall { get; set; }
        public Double angle { get; set; }
        public Double amplitude { get; set; }
        public PolarPoint PreviousPoint { get; set; }
        private Double phase { get; set; }
        private Double strength { get; set; }
        private Double freq { get; set; }

        public void Initialize()
        {
            double phs = Math.PI * @LocalPhase / 180;
            localCenters = Enumerable.Range(0, @LocalPetals)
                    .Select(i =&gt; new PolarPoint(2.0 * Math.PI * i / @LocalPetals + phs, @LocalModulus)).ToArray();

            phase = Math.PI * @phase / 180;
            strength = 0.015 * @strength;
            freq = 2 * @petals;
        }

        public void Eval()
        {
		/*
            PolarPoint pp = Info.GetScaledPolar();
            Double angle = @petals * pp.Angle + phase;
            pp.Angle = angle;
            PolarPoint pp2 = new PolarPoint(angle, pp.Modulus);
            double factor = @fnOutline(angle, addDenom);
            if (@InvertOutline)
                 factor = 1.0 - factor;
            double amplitude = @fnOutlineOp(pp.Modulus, factor);
            angle = angle + angleScale * @fnOp(@angleWeight * @fnAngle2(@fnInner1(@flarePetals * angle)), damping + @outerScale * @fnAmplitude(@fnInner2(ampScale * CMath.Pow(amplitude, @ampPower))));
            pp2 = new PolarPoint(angle, amplitude);
            Info.Position = (float)(@colorScale * @fnColor(@scale * amplitude + strength * @fnAngle(@distanceScale * CMath.Pow(pp.Distance(pp2), @anglePower)) + 
@LocalStrength * LocalDistance(pp)));
		*/

            var pp = new PolarPoint(Info.angle, Info.amplitude);
            double amp = Info.amplitude;
            Info.angle = Info.angle + strength * Math.Sin(freq * Info.angle + phase)  
                               * (@LocalDamping + @LocalStrength * LocalDistance(pp)) / @LocalDamping
                               / (@damping + CMath.Pow(amp, @power));

        }
    }
}
</Formula>
          <LegacyFormula>parameters {
    @petals integer  min = 1 default = 4;
    @strength default = 5 min = -50 max = 50;
    @damping min = 0.01 default = 0.2;
    @power integer min = 1 default = 1;
    @phase default = 0;
    }
paramVar phase = pi * @phase / 180;
paramVar strength = 0.015 * @strength;
paramVar freq = 2 * @petals;
angle = angle + strength * sin(freq * angle + phase) / (@damping + amplitude  ^ @power);</LegacyFormula>
          <Parameters>
            <Parameter Name="LocalModulus" TypeName="Double" Value="0.4" />
            <Parameter Name="LocalStrength" TypeName="Double" Value="3" />
            <Parameter Name="LocalWaves" TypeName="Double" Value="3" />
            <Parameter Name="LocalPower" TypeName="Double" Value="3" />
            <Parameter Name="LocalDamping" TypeName="Double" Value="2" />
            <Parameter Name="LocalPetals" TypeName="Int32" Value="6" />
            <Parameter Name="LocalPhase" TypeName="Double" Value="0" />
            <Parameter Name="fnLocal" TypeName="Func1Parameter`1" Value="Cos" />
            <Parameter Name="petals" TypeName="Int32" Value="6" />
            <Parameter Name="strength" TypeName="Double" Value="2" />
            <Parameter Name="damping" TypeName="Double" Value="1.25" />
            <Parameter Name="power" TypeName="Double" Value="2" />
            <Parameter Name="phase" TypeName="Double" Value="0" />
          </Parameters>
        </TransformSettings>
      </PatternTransform>
      <PixelRendering Enabled="True" PatternLayerIndex="0" FormulaEnabled="True" ZoomFactor="1" UseDistanceOutline="False" SmoothedDraft="True">
        <PanXY X="0" Y="0" />
        <ColorNodes>
          <ColorNode Color="-8947713" Position="0.1235955" />
          <ColorNode Color="-6061570" Position="0.3595506" />
          <ColorNode Color="-3800994" Position="0.380618" />
          <ColorNode Color="-38190" Position="0.4101124" />
          <ColorNode Color="-662510" Position="0.5222602" />
          <ColorNode Color="-6126849" Position="0.5870786" />
          <ColorNode Color="-8092417" Position="0.6867977" />
          <ColorNode Color="-16726409" Position="0.7514045" />
          <ColorNode Color="-13025582" Position="0.863764" />
        </ColorNodes>
        <FormulaSettings IsValid="True" IsCSharpFormula="True" FormulaName="FractalSplash.cs">
          <Formula>using System;
using Whorl;
using ParserEngine;
using System.Windows.Forms;
using System.Linq;
namespace WhorlEval
{
    public class WhorlEvalClass
    {
        public enum FractalTypes
        {
            Mandelbrot,
            Julia,
            Newton
        }
        
        public enum CVersions  
        {
             Normal,
             Outer,
             Inner
        }

        public enum ColorOffsetModes
        {
            Outer,
            Mid,
            Inner
        }

        public enum SplashTypes
        {
            None,
            TermPower,
            TermCoeff,
            FirstFnPower,
            FirstFnCoeff,
            FirstCInner,
            Seed
        }
        
        public class EvalParameters
        {
            @# ComputeDistance: bool = true;
            @# DistanceFactor label = "Distance %" = 10.0;
            @# fnDistance Function = Ident;
            @# DistanceOffset;
            @# PathPower = 1.0;
            @# ArcTanWeightPct label="ArcTan %";
            @# ArcTanPct label="ArcTan Y %";
            @# FlipArcTan: bool;
            @# PathMode enum ColorOffsetModes = Outer;
            @# DistanceCount: int = 5;
            @# zDistanceFac;

            @# zType enum FractalTypes Label="Fractal Type" = Mandelbrot;
            @# OnlyFractal: bool label="Only Fractal";
            @# zStrength Label="Fractal Strength";
            @# zColorPower = 1;
            @# zPaletteN: int min = 2 = 16;
            @# zPan: Complex = Complex.Zero;
            @# zZoom min = 0 = 1;
            @# zXStretch = 1;
            @# zCutoff = 4.0;
            @# zNewtonCutoff = 0.01;
            @# zMaxSteps: int Min = 1 = 32;
            @# zSeed: Complex;
            @# zFeedback;
            @# zFeedbackCount: int Min = 0;
            @# zFeedbackPower = 1;
            @# zFeedbackSplashPct label="Splash %";
            @# zSplashType enum SplashTypes label="Splash Type" = SplashTypes.TermPower;
            @# zSplashXYPct: Complex label="Splash X/Y %";
            @# zSplashModulusPercent label="Splash Mod %";
            @# zMagFeedback: bool;
            @# zFeedbackOffset = 1.0;
            @# zFeedbackDamping = 0.01;
            @# MultiplyFeedback: bool;
            @# zNestFunctions: bool label="Nest Functions";
            @# zOp Function Params = 2 = Sum;
            @# zOffset;
            @# zA: Complex = Complex.One;
            @# zCoeff;
            @# zPower: Complex = new Complex(3, 0);
            @# zRoot = 1;
            @# zPolyN: int ArrayLength = 2;
            @# fnZ[zPolyN] Function derivative = Ident;
            @# zFnCoeff[zPolyN];
            @# zFnPower[zPolyN] = 1;
            @# zCInner[zPolyN] = 1;
            @# zInnerOff[zPolyN];

            @# Rotation;
            @# fnColor Function = Ident;
            @# colorScale = 1;
            @# colorSlope;
            @# colorOffset;
            @# colorMode enum ColorOffsetModes = Outer;
    
            @# TangentRotation = 90;
            @# VectorWeight = 100;
            @# VectorFactor;
            @# OuterVecFac;
            @# fnVector Function = Ident;
            @# VectorMode enum ColorOffsetModes = Mid;
            @# VectorOp Function Params = 2 = Sum;
            @# fnPosition Function = Ident;
            @# fnOutline Function Params = 2 From OutlineMethods = Sine;
            @# fnOutlineOp Function Params = 2 = Product;
            @# fnOp Function Params = 2 = Sum;
            @# InvertOutline: bool;
            @# AngleN: int ArrayLength;
            @# fnAngle[AngleN] Function = Ident;
            @# fnCAngle[AngleN] = 1.0;
            @# powerAngle[AngleN] = 1.0;
            @# AmpN: int ArrayLength;
            @# fnAmp[AmpN] Function = Ident;
            @# fnC[AmpN] = 1.0;
            @# powerAmp[AmpN] = 1.0;
            @# petals: int = 4;
            @# flarePetals: int = 1;
            @# angleScale;
            @# angleWeight = 1;
            @# phase;
            @# Pointiness = 3;
            @# ampPower = 1;
            @# distancePower = 1;
            @# damping = 2;
            @# waves = 1;
            @# strength = 5;
            @# distanceScale = 1;
        }
        private double atanFactor { get; set; }
        private double atanY { get; set; }
        private double distanceFactor {get; set;}
        private double zFeedback, zFeedbackPower, zFeedbackAvg, zInvCount, zStrength, zColorPower, zFeedbackSplash, zSplashModulus;
        private double[] zFeedbackArray;
        private int zFeedbackInd, zFeedbackCount;
        private SplashTypes zSplashType;
        private bool haveFeedbackArrayValue;
        private Complex zScale, zSplashXY;
        [ParmsProperty]
        public EvalParameters Parms { get; } = new EvalParameters();
        public Whorl.PixelRenderInfo Info { get; set; }
        private Double angleScale { get; set; }
        private Double phase { get; set; }
        private Double ampScale { get; set; }
        private Double damping { get; set; }
        private Double strength { get; set; }
        private Double addDenom { get; set; }
        private Complex rotationVec {get; set;}

        public void Initialize()
        {            
            Info.Normalize = true;
            Info.NormalizeAngle = true;
            Info.Rotation = Tools.DegreesToRadians(@Rotation);

            Info.ComputeDistance = @ComputeDistance;
            Info.DistanceCount = @DistanceCount;
            atanFactor = 0.01 * @ArcTanWeightPct;
            atanY = 0.01 * @ArcTanPct;
            distanceFactor = 0.01 * @DistanceFactor;

            zFeedback = 0.01 * @zFeedback;
            haveFeedbackArrayValue = false;
            zStrength = 0.01 * @zStrength;
            zColorPower = @zColorPower == 0 ? 1 : 1.0 / @zColorPower;
            if (@zFeedbackCount &gt; 0 &amp;&amp; @zFeedback != 0.0)
            {
                zFeedbackCount = Math.Max(1, @zFeedbackCount * (int)Info.BoundsSize.Width / (1000 * (int)Info.DraftSize));
                zFeedbackArray = new double[zFeedbackCount];
                zInvCount = 1.0 / zFeedbackCount;
            }
            else
            {
                zFeedbackArray = null;
                zInvCount = zFeedbackCount = 0;
            }
            zFeedbackInd = 0;
            zFeedbackAvg = 0;
            zFeedbackPower = @zFeedbackPower == 0 ? 1 : 1.0 / @zFeedbackPower;
            zFeedbackSplash = 0.01 * @zFeedbackSplashPct;
            zSplashXY = 0.01 * @zSplashXYPct;
            zSplashModulus = 0.01 * @zSplashModulusPercent;
            zSplashType = @zSplashType;
            if (@zPolyN &lt;= 0)
            {
                if (zSplashType == SplashTypes.FirstFnCoeff || zSplashType == SplashTypes.FirstFnPower)
                    zSplashType = SplashTypes.None;
            }
            double zoomFac = 1 / Math.Max(0.00001, @zZoom);
            double xFac = Math.Sign(@zXStretch) * 1.0 / Math.Max(0.00001, Math.Abs(@zXStretch));
            zScale = new Complex(xFac * zoomFac, zoomFac);

            rotationVec = Complex.CreateFromModulusAndArgument(1.0, Tools.DegreesToRadians(@TangentRotation));
            angleScale = 0.1 * @angleScale;
            phase = Math.PI * @phase / 180;
            ampScale = 2 * Math.PI * @waves;
            damping = 0.1 * @damping;
            strength = 0.1 * @strength;
            addDenom = 1 / @Pointiness;
        }

        private double ColorPosition(double v, double modulus)
        {
            double pos;
            double scale = @colorScale + @colorSlope * modulus;
            switch (@colorMode)
            {
                case ColorOffsetModes.Outer:
                default:
                   pos = scale * @fnColor(v) + @colorOffset;
                   break;
                case ColorOffsetModes.Mid:
                   pos = scale * (@fnColor(v) + @colorOffset);
                   break;
                case ColorOffsetModes.Inner:
                   pos = scale * @fnColor(v + @colorOffset);
                   break;
            }
            return pos;
        }

        private double EvalFractal(double position, double modulus)
        {
            if (@zType == FractalTypes.Newton)
                return EvalNewtonFractal(position, modulus);
            else
                return EvalGeneralFractal(position, modulus);
        }

        private void GetSplashInfo(double fac, double modulus, out Complex termPow, out double termCoeff, out double firstFnPow, out double firstFnCoeff, out double firstCInner, out Complex seed)
        {
            termPow = @zPower;
            termCoeff = @zCoeff;
            firstFnPow = @zPolyN &gt; 0 ? @zFnPower[0] : 0;
            firstFnCoeff = @zPolyN &gt; 0 ? @zFnCoeff[0] : 0;
            firstCInner = @zPolyN &gt; 0 ? @zCInner[0] : 0;
            seed = @zSeed;
            if (zSplashType != SplashTypes.None &amp;&amp; @zFeedback != 0)
            {
                double splashFac = zFeedbackSplash + zSplashXY.Re * Info.X + zSplashXY.Im * Info.Y + zSplashModulus * modulus;
                if (@zDistanceFac != 0.0)
                    splashFac += @zDistanceFac * PathDistance();
                splashFac = @zType == FractalTypes.Newton ? splashFac / fac + 1.0 : splashFac * fac + 1.0;
                switch (zSplashType)
                {
                    case SplashTypes.TermCoeff:
                        termCoeff *= splashFac;
                        break;
                    case SplashTypes.TermPower:
                        termPow *= splashFac;
                        break;
                    case SplashTypes.FirstFnCoeff:
                        firstFnCoeff *= splashFac;
                        break;
                    case SplashTypes.FirstFnPower:
                        firstFnPow *= splashFac;
                        break;
                    case SplashTypes.FirstCInner:
                        firstCInner *= splashFac;
                        break;
                    case SplashTypes.Seed:
                        seed *= splashFac;
                        break;
                }
            }
        }
        
        private double EvalGeneralFractal(double position, double modulus)
        {
            bool isMandelbrot = @zType == FractalTypes.Mandelbrot;
            double fac, modSq = 0.0;
            if (@zFeedback == 0 || (@zMagFeedback &amp;&amp; zFeedbackSplash == 0))
                fac = 0;
            else
                fac = zFeedback * (@zFeedbackOffset + Math.Abs(position));
            GetSplashInfo(fac, modulus, out Complex termPow, out double termCoeff, out double firstFnPow, out double firstFnCoeff, out double firstCInner, out Complex seed);
            Complex zPixel = new Complex(zScale.Re * Info.X, zScale.Im * Info.Y) + @zPan;
            Complex z = isMandelbrot ? seed : zPixel;
            Complex zAdd = isMandelbrot ? zPixel : seed;
            int i = 0;
            while (i &lt; @zMaxSteps)
            {
                modSq = z.GetModulusSquared();
                if (modSq &gt;= @zCutoff)
                    break;
                Complex zNext = Complex.Zero;
                if (termCoeff != 0)
                {
                   zNext += termCoeff * Complex.Pow(z, termPow);
                }
                double coeff = firstFnCoeff;
                double pow = firstFnPow;
                double cInner = firstCInner;
                for (int n = 0; n &lt; @zPolyN; n++)
                {
                    if (n &gt; 0)
                    {
                        coeff = @zFnCoeff[n];
                        pow = @zFnPower[n];
                        cInner = @zCInner[n];
                    }
                    if (coeff != 0)
                    {
                        if (@zNestFunctions)
                            z = coeff * Complex.Pow(Parms.fnZ[n].Fn(cInner * z + @zInnerOff[n]), pow);
                        else
                            zNext += coeff * Complex.Pow(Parms.fnZ[n].Fn(cInner * z + @zInnerOff[n]), pow);
                    }
                }
                if (@zNestFunctions)
                    z += zNext + zAdd;
                else
                    z = zNext + zAdd;
                if (@zFeedback != 0 &amp;&amp; i != 0)
                {
                    if (@zMagFeedback)
                    {
                        double mag = haveFeedbackArrayValue ? zFeedbackArray[zFeedbackInd] : modSq;
                        fac = zFeedback * @zCutoff / (@zFeedbackDamping + mag);
                        if (@MultiplyFeedback)
                            z *= 1.0 + fac;
                        else
                            z += fac;
                    }
                    else if (@MultiplyFeedback)
                        z *= 1.0 + fac * Math.Pow(i, zFeedbackPower) / @zMaxSteps;
                    else
                        z += fac * Math.Pow(i, zFeedbackPower) / @zMaxSteps;
                }
                i++;
            }
            int pos = @zMaxSteps - i;
            AdjustFeedbackAvg(@zMagFeedback ? modSq : (double)pos / @zMaxSteps);
            return GetFractalValue(pos);
        }
        
        private double EvalNewtonFractal(double position, double modulus)
        {
            Complex z = new Complex(zScale.Re * Info.X, zScale.Im * Info.Y) + @zPan;
            int i = 0;
            double fac;
            if (@zFeedback == 0 || (@zMagFeedback &amp;&amp; zFeedbackSplash == 0))
                fac = 0;
            else
                fac = 1.0 / (zFeedback + position);
            double modSq = 0.0;
            //Complex termPow = fac == 0 ? @zPower : (zFeedbackSplash / fac + 1.0) * @zPower;
            GetSplashInfo(fac, modulus, out Complex termPow, out double termCoeff, out double firstFnPow, out double firstFnCoeff,  out double firstCInner, out Complex seed);
            while (i &lt; @zMaxSteps)
            {
                Complex zNext = Complex.Zero;
                Complex zDeriv = Complex.Zero;
                if (termCoeff != 0)  {
                   zNext += termCoeff * Complex.Pow(z, termPow);
                   zDeriv += termCoeff * termPow * Complex.Pow(z, termPow - 1);
                }
                Complex nestedDeriv = Complex.One;
                Complex zOrig = z;
                double coeff = firstFnCoeff;
                double pow = firstFnPow;
                double cInner = firstCInner;
                for (int n = 0; n &lt; @zPolyN; n++)
                {
                    if (n &gt; 0)
                    {
                        coeff = @zFnCoeff[n];
                        pow = @zFnPower[n];
                        cInner = @zCInner[n];
                    }
                    if (coeff != 0)
                    {
                       Complex z1 = cInner * z + @zInnerOff[n];
                       Complex zArg = Parms.fnZ[n].Fn(z1);
                       if (@zNestFunctions)
                       {
                           z = coeff * Complex.Pow(zArg, pow);
                           nestedDeriv *= coeff * pow * Complex.Pow(zArg, pow - 1.0) * cInner * Parms.fnZ[n].DerivFn(z1);
                       }
                       else
                       {
                           zNext += coeff * Complex.Pow(zArg, pow);
                           zDeriv += coeff * pow * Complex.Pow(zArg, pow - 1.0) * cInner * Parms.fnZ[n].DerivFn(z1);
                           //zNext += coeff * zArg;
                           //zDeriv += coeff * cInner * Parms.fnZ[n].DerivFn(z1);
                       }
                    }
                }
                if (@zNestFunctions)
                {
                    zNext += z;
                    zDeriv += nestedDeriv;
                }
                if (zDeriv == Complex.Zero)
                    zDeriv = new Complex(0.00001, 0);
                zNext = @zA * (zNext + @zRoot) / zDeriv;
                modSq = (zOrig - zNext).GetModulusSquared();
                if (@zFeedback != 0 &amp;&amp; i != 0)
                {
                    if (@zMagFeedback)
                    {
                        double mag = haveFeedbackArrayValue ? zFeedbackArray[zFeedbackInd] : modSq;
                        fac = @zNewtonCutoff / (zFeedback * (mag == 0 ? 1 : mag));
                    }
                    modSq *= fac / Math.Pow(i, zFeedbackPower);
                }
                if (modSq &lt;= @zNewtonCutoff)
                    break;
                z = zNext;
                ++i;
            }
            int pos = @zMaxSteps - i;
            AdjustFeedbackAvg(@zMagFeedback ? modSq : (double)pos / @zMaxSteps);
            return GetFractalValue(pos);
        }

        private double GetFractalValue(int pos)
        {
            return Math.Pow((double)(pos % @zPaletteN) / @zPaletteN, zColorPower) - @zOffset;
        }
        
        private void AdjustFeedbackAvg(double feedbackVal)
        {
            if (zFeedbackArray != null)
            {
                double prevVal = zFeedbackArray[zFeedbackInd];
                zFeedbackArray[zFeedbackInd] = feedbackVal;
                if (++zFeedbackInd &gt;= zFeedbackArray.Length)
                {
                    haveFeedbackArrayValue = true;
                    zFeedbackInd = 0;
                }
                zFeedbackAvg += zInvCount * (feedbackVal - prevVal);
            }
        }

        private double ColorPosition(double v)
        {
            double pos;
            switch (@colorMode)
            {
                case ColorOffsetModes.Outer:
                default:
                   pos = @colorScale * @fnColor(v) + @colorOffset;
                   break;
                case ColorOffsetModes.Mid:
                   pos = @colorScale * (@fnColor(v) + @colorOffset);
                   break;
                case ColorOffsetModes.Inner:
                   pos = @colorScale * @fnColor(v + @colorOffset);
                   break;
            }
            return pos;
        }

        public double NestedAngleFunctions(double v)
        {
            for (int i = 0; i &lt; @AngleN; i++)
                v = CMath.Pow(@fnAngle[i](@fnCAngle[i] * v), @powerAngle[i]);
            return v;
        }
        
        public double NestedFunctions(double v)
        {
            for (int i = 0; i &lt; @AmpN; i++)
                v = CMath.Pow(@fnAmp[i](@fnC[i] * v), @powerAmp[i]);
            return v;
        }
        
        private double PathDistance()
        {
            double dist = Info.DistanceToPath;
            if (atanFactor != 0)
            {
                 if (@FlipArcTan)
                     dist += atanFactor * Math.Atan2(atanY, dist);
                 else
                     dist += atanFactor * Math.Atan2(dist, atanY);
            }
            switch (@PathMode)
            {
                case ColorOffsetModes.Outer:
                default:
                    return distanceFactor * CMath.Pow(@fnDistance(dist + @DistanceOffset), @PathPower);
                case ColorOffsetModes.Mid:
                    return @fnDistance(distanceFactor * CMath.Pow(dist + @DistanceOffset, @PathPower));
                case ColorOffsetModes.Inner:
                    return @fnDistance(CMath.Pow(distanceFactor * dist + @DistanceOffset, @PathPower));
            }
        }

        public void Eval()
        {            
            const double deltaAngle = 0.001;
            PolarPoint pp0 = Info.GetPolar();
            if (@OnlyFractal)
            {
                if (zStrength != 0)
                    Info.Position = (float)ColorPosition(zStrength * EvalFractal(0, pp0.Modulus), pp0.Modulus);
                return;
            }
            double angle = @petals * pp0.Angle + phase;
            var pp = new PolarPoint(angle, pp0.Modulus);
            double factor = @fnOutline(angle, addDenom);
            if (@InvertOutline)
                 factor = 1.0 - factor;
            DoublePoint dpOtl = new PolarPoint(angle, factor).ToRectangular();
            double fac2 = @fnOutline(angle + deltaAngle, addDenom);
            if (@InvertOutline)
                 fac2 = 1.0 - fac2;
            DoublePoint dpOtl2 = new PolarPoint(angle + deltaAngle, fac2).ToRectangular();
            Complex tanVec = new Complex(dpOtl2.X - dpOtl.X, dpOtl2.Y - dpOtl.Y);
            tanVec *= rotationVec * @VectorWeight;
            DoublePoint dpOffset = new DoublePoint(dpOtl.X + tanVec.Re, dpOtl.Y + tanVec.Im);
            double adjustment = @OuterVecFac * @fnVector(@VectorFactor * dpOffset.Distance(pp.ToRectangular()));
            if (@VectorMode == ColorOffsetModes.Inner)
                factor = @VectorOp(factor, adjustment);
            double amplitude = @fnOutlineOp(pp.Modulus, factor);
            if (@VectorMode == ColorOffsetModes.Mid)
                amplitude = @VectorOp(amplitude, adjustment);
            angle = angle + angleScale * @fnOp(@angleWeight * NestedAngleFunctions(angle), damping + ampScale * CMath.Pow(amplitude, @ampPower));
            var pp2 = new PolarPoint(angle, amplitude);
            double position = NestedFunctions(amplitude) + strength * @fnPosition(@distanceScale * CMath.Pow(pp.Distance(pp2), @distancePower));
            if (@VectorMode == ColorOffsetModes.Outer)
                position = @VectorOp(position, adjustment);
            if (zStrength != 0)
                position = @zOp(position, zStrength * EvalFractal(position, pp0.Modulus));
            Info.Position = (float)(ColorPosition(position, pp0.Modulus));
        }
    }
}
</Formula>
          <LegacyFormula>parameters  {
     @fnColor varFunction default = ident;
     @fnAngle varFunction default = ident;
     @fnAngle2 varFunction default = ident;
     @fnAmplitude varFunction default = ident;
     @fnInner1 varFunction default = sin;
     @fnInner2 varFunction default = sin;
     @fnInnerAmp varFunction default = ident;
     @fnOp varFunction parameters = 2 default = Quotient;
     @fnOutline varFunction parameters = 2 domain = OutlineMethods;
     @fnOutlineOp varFunction parameters = 2 default = Product;
     @Pointiness default = 3;
     @OutlineWeight default = 1;
     @UseOutline boolean;
     @InvertOutline boolean;
     @C0 default = 0;
     @C1 default = 1;
     @C2 default = 0;
     @C3 default = 0;
     @Power0 default = 0;
     @Power1 default = 1;
     @Power2 default = 2;
     @Power3 default = 3;
     @fn0 varFunction default = ident;
     @fn1 varFunction default = ident;
     @fn2 varFunction default = ident;
     @fn3 varFunction default = ident;
     @scale default = 1;
     @outerScale default = 1;
     @colorScale default = 1;
     @colorPower default = 1;
     @petals integer default = 4 min = 1;
     @flarePetals integer default = 4 min = 1;
     @angleScale default = 0;
     @angleWeight default = 1;
     @phase default = 0;
     @ampPower default = 2;
     @anglePower default = 1;
     @damping default = 2;
     @waves default = 1;
     @strength default = 5;
     @distanceScale default = 1;
}
const invPi = 1 / pi;
paramVar angleScale = 0.1 * @angleScale;
paramVar phase = pi * @phase / 180;
paramVar ampScale = 2 * pi * @waves;
paramVar damping = 0.1 * @damping;
paramVar strength = 0.1 * @strength;
paramVar addDenom = 1 / @Pointiness;

PolarPoint var pp = Info.GetScaledPolar();
var angle = @petals * pp.Angle + phase;
var amplitude = pp.Modulus;
if (@UseOutline)  {
    var otlAmp = @fnOutline(angle, addDenom);
    if (@InvertOutline)
          otlAmp = 1 - otlAmp;
    amplitude = @fnOutlineOp(amplitude, @OutlineWeight * otlAmp);
}
amplitude = @fn0(@C0 * amplitude ^ @Power0) + 
                   @fn1(@C1 * amplitude ^ @Power1) + 
                   @fn2(@C2 * amplitude ^ @Power2) + 
                   @fn3(@C3 * amplitude ^ @Power3);
pp.Angle = angle;
angle = angle + angleScale * @fnOp(@angleWeight * @fnAngle2(@fnInner1(@flarePetals * angle)),
damping + @outerScale * @fnAmplitude(@fnInner2(ampScale * @fnInnerAmp(amplitude) ^ @ampPower)));
PolarPoint var pp2 = new PolarPoint(angle, amplitude);
position = (float)(@colorScale * @fnColor(@scale * amplitude
   + strength * @fnAngle(@distanceScale * pp.Distance(pp2) ^ @anglePower)) ^ @ColorPower);</LegacyFormula>
          <Parameters>
            <Parameter Name="ComputeDistance" TypeName="Boolean" Value="True" />
            <Parameter Name="DistanceFactor" TypeName="Double" Value="100" />
            <Parameter Name="fnDistance" TypeName="Func1Parameter`1" Value="Ident" />
            <Parameter Name="DistanceOffset" TypeName="Double" Value="0.06" />
            <Parameter Name="PathPower" TypeName="Double" Value="1.5" />
            <Parameter Name="ArcTanWeightPct" TypeName="Double" Value="90" />
            <Parameter Name="ArcTanPct" TypeName="Double" Value="120" />
            <Parameter Name="FlipArcTan" TypeName="Boolean" Value="False" />
            <Parameter Name="PathMode" TypeName="EnumValuesParameter`1" Value="Outer" />
            <Parameter Name="DistanceCount" TypeName="Int32" Value="5" />
            <Parameter Name="zDistanceFac" TypeName="Double" Value="50" />
            <Parameter Name="zType" TypeName="EnumValuesParameter`1" Value="Mandelbrot" />
            <Parameter Name="OnlyFractal" TypeName="Boolean" Value="True" />
            <Parameter Name="zStrength" TypeName="Double" Value="500" />
            <Parameter Name="zColorPower" TypeName="Double" Value="1" />
            <Parameter Name="zPaletteN" TypeName="Int32" Value="5" />
            <Parameter Name="zPan" TypeName="Complex" Value="(0.3,0)" />
            <Parameter Name="zZoom" TypeName="Double" Value="0.25" />
            <Parameter Name="zXStretch" TypeName="Double" Value="1" />
            <Parameter Name="zCutoff" TypeName="Double" Value="4" />
            <Parameter Name="zNewtonCutoff" TypeName="Double" Value="0.01" />
            <Parameter Name="zMaxSteps" TypeName="Int32" Value="16" />
            <Parameter Name="zSeed" TypeName="Complex" Value="(0,0)" />
            <Parameter Name="zFeedback" TypeName="Double" Value="70" />
            <Parameter Name="zFeedbackCount" TypeName="Int32" Value="1" />
            <Parameter Name="zFeedbackPower" TypeName="Double" Value="0.3" />
            <Parameter Name="zFeedbackSplashPct" TypeName="Double" Value="-100" />
            <Parameter Name="zSplashType" TypeName="EnumValuesParameter`1" Value="FirstFnCoeff" />
            <Parameter Name="zSplashXYPct" TypeName="Complex" Value="(0,0)" />
            <Parameter Name="zSplashModulusPercent" TypeName="Double" Value="0" />
            <Parameter Name="zMagFeedback" TypeName="Boolean" Value="False" />
            <Parameter Name="zFeedbackOffset" TypeName="Double" Value="1" />
            <Parameter Name="zFeedbackDamping" TypeName="Double" Value="0.01" />
            <Parameter Name="MultiplyFeedback" TypeName="Boolean" Value="False" />
            <Parameter Name="zNestFunctions" TypeName="Boolean" Value="False" />
            <Parameter Name="zOp" TypeName="Func2Parameter`1" Value="Atan2" />
            <Parameter Name="zOffset" TypeName="Double" Value="-0.5" />
            <Parameter Name="zA" TypeName="Complex" Value="(1,0)" />
            <Parameter Name="zCoeff" TypeName="Double" Value="-1.5" />
            <Parameter Name="zPower" TypeName="Complex" Value="(2,0)" />
            <Parameter Name="zRoot" TypeName="Double" Value="1" />
            <Parameter Name="zPolyN" TypeName="Int32" Value="1" />
            <Parameter Name="fnZ" TypeName="DerivFuncParameter`1[]" Value="Tanh" Index="0" />
            <Parameter Name="zFnCoeff" TypeName="Double[]" Value="-1" Index="0" />
            <Parameter Name="zFnPower" TypeName="Double[]" Value="0.5" Index="0" />
            <Parameter Name="zCInner" TypeName="Double[]" Value="1" Index="0" />
            <Parameter Name="zInnerOff" TypeName="Double[]" Value="0.25" Index="0" />
            <Parameter Name="Rotation" TypeName="Double" Value="90" />
            <Parameter Name="fnColor" TypeName="Func1Parameter`1" Value="Sqrt" />
            <Parameter Name="colorScale" TypeName="Double" Value="1.4" />
            <Parameter Name="colorSlope" TypeName="Double" Value="-0.12" />
            <Parameter Name="colorOffset" TypeName="Double" Value="0.28" />
            <Parameter Name="colorMode" TypeName="EnumValuesParameter`1" Value="Outer" />
            <Parameter Name="TangentRotation" TypeName="Double" Value="90" />
            <Parameter Name="VectorWeight" TypeName="Double" Value="100" />
            <Parameter Name="VectorFactor" TypeName="Double" Value="0" />
            <Parameter Name="OuterVecFac" TypeName="Double" Value="0" />
            <Parameter Name="fnVector" TypeName="Func1Parameter`1" Value="Ident" />
            <Parameter Name="VectorMode" TypeName="EnumValuesParameter`1" Value="Mid" />
            <Parameter Name="VectorOp" TypeName="Func2Parameter`1" Value="Sum" />
            <Parameter Name="fnPosition" TypeName="Func1Parameter`1" Value="Ident" />
            <Parameter Name="fnOutline" TypeName="Func2Parameter`1" Value="PointedRound" />
            <Parameter Name="fnOutlineOp" TypeName="Func2Parameter`1" Value="Sum" />
            <Parameter Name="fnOp" TypeName="Func2Parameter`1" Value="Sum" />
            <Parameter Name="InvertOutline" TypeName="Boolean" Value="True" />
            <Parameter Name="AngleN" TypeName="Int32" Value="0" />
            <Parameter Name="AmpN" TypeName="Int32" Value="0" />
            <Parameter Name="petals" TypeName="Int32" Value="3" />
            <Parameter Name="flarePetals" TypeName="Int32" Value="1" />
            <Parameter Name="angleScale" TypeName="Double" Value="1" />
            <Parameter Name="angleWeight" TypeName="Double" Value="1" />
            <Parameter Name="phase" TypeName="Double" Value="90" />
            <Parameter Name="Pointiness" TypeName="Double" Value="5" />
            <Parameter Name="ampPower" TypeName="Double" Value="1" />
            <Parameter Name="distancePower" TypeName="Double" Value="1" />
            <Parameter Name="damping" TypeName="Double" Value="0" />
            <Parameter Name="waves" TypeName="Double" Value="3" />
            <Parameter Name="strength" TypeName="Double" Value="5" />
            <Parameter Name="distanceScale" TypeName="Double" Value="0.5" />
          </Parameters>
        </FormulaSettings>
      </PixelRendering>
    </Pattern>
  </DesignPatterns>
</Design>