<Design XmlVersion="1.1" PictureWidth="967" PictureHeight="967" BackgroundImageMode="Tile" ScaleToFit="False">
  <PictureBoxSize Width="971" Height="971" />
  <BackgroundGradientColors>
    <BoundaryColor Color="-13290115" />
    <CenterColor Color="-13290115" />
  </BackgroundGradientColors>
  <DefaultPatternGroup PatternListName="Default">
    <Pattern RotationSteps="5000" MergeOperation="Sum" DrawCurve="False" RenderMode="Paint" StainBlendType="Add" StainWidth="10" SharedPatternID="1537" ZoomFactor="1" LoopFactor="0" ShrinkPattern="False" ShrinkPatternLayers="False" ShrinkClipCenterFactor="0" ShrinkPadding="2" ShrinkClipFactor="4" IsBackgroundPattern="False" AllowRandom="True" InfluenceScaleFactor="0.999999999999995" UseLinearGradient="False" GradientPadding="15" GradientRotation="0" RandomSeed="108617008" XmlPatternID="1534">
      <PathFillInfo ColorMode="Normal">
        <BoundaryColor Color="-1291008" />
        <CenterColor Color="-77539" />
      </PathFillInfo>
      <PatternLayerList />
      <Center X="50" Y="50" />
      <ZVector Re="31.8248071908248" Im="31.8148023295262" />
      <PreviewZFactor Re="0.707217937573884" Im="0.706995607322805" />
      <BasicOutline BasicOutlineType="Round" IntPetals="4" Frequency="2" UsedFrequency="2" Phase="0" AngleOffset="0" Enabled="True" AmplitudeFactor="0.5" AddDenom="0.5" Pointiness="2" />
      <BasicOutline BasicOutlineType="Pointed5" IntPetals="4" Frequency="2" UsedFrequency="2" Phase="90.0000000000002" AngleOffset="1.5707963267949" Enabled="True" AmplitudeFactor="1" AddDenom="0.25" Pointiness="4" />
    </Pattern>
  </DefaultPatternGroup>
  <DesignPatterns>
    <Pattern RotationSteps="5000" MergeOperation="Sum" DrawCurve="False" RenderMode="Paint" StainBlendType="Add" StainWidth="10" SharedPatternID="1536" ZoomFactor="1" LoopFactor="0" ShrinkPattern="False" ShrinkPatternLayers="False" ShrinkClipCenterFactor="0" ShrinkPadding="2" ShrinkClipFactor="4" IsBackgroundPattern="False" AllowRandom="True" InfluenceScaleFactor="0.385466486485068" UseLinearGradient="False" GradientPadding="15" GradientRotation="0" RandomSeed="108617198" XmlPatternID="1536">
      <PathFillInfo ColorMode="Normal">
        <BoundaryColor Color="-4194687" />
        <CenterColor Color="-14257837" />
      </PathFillInfo>
      <PatternLayerList />
      <Center X="172.97" Y="433.7" />
      <ZVector Re="-8.60841902473438" Im="-116.423845546015" />
      <PreviewZFactor Re="0.258667300115249" Im="-0.965966473461211" />
      <BasicOutline BasicOutlineType="Pointed" IntPetals="4" Frequency="2" UsedFrequency="2" Phase="150" AngleOffset="2.61799387799149" Enabled="True" AmplitudeFactor="0.0198" AddDenom="0.117370892018779" Pointiness="8.52000000000002" />
      <BasicOutline BasicOutlineType="Pointed3" IntPetals="4" Frequency="2" UsedFrequency="2" Phase="0" AngleOffset="0" Enabled="True" AmplitudeFactor="1" AddDenom="9.09090909090909" Pointiness="0.11" />
      <BasicOutline BasicOutlineType="Pointed5" IntPetals="4" Frequency="2" UsedFrequency="2" Phase="30" AngleOffset="0.523598775598299" Enabled="True" AmplitudeFactor="0.6" AddDenom="0.142857142857143" Pointiness="6.99999999999999" />
    </Pattern>
    <Pattern RotationSteps="5000" MergeOperation="Sum" DrawCurve="False" RenderMode="Paint" StainBlendType="Add" StainWidth="10" SharedPatternID="1538" ZoomFactor="1" LoopFactor="0" ShrinkPattern="False" ShrinkPatternLayers="False" ShrinkClipCenterFactor="0" ShrinkPadding="2" ShrinkClipFactor="4" IsBackgroundPattern="False" AllowRandom="True" InfluenceScaleFactor="0.32629064836893" UseLinearGradient="False" GradientPadding="15" GradientRotation="0" RandomSeed="108617008" XmlPatternID="1537">
      <PathFillInfo ColorMode="Normal">
        <BoundaryColor Color="-1291008" />
        <CenterColor Color="-77539" />
      </PathFillInfo>
      <PatternLayerList />
      <Center X="323.17" Y="396.79" />
      <ZVector Re="134.437215642015" Im="-30.7711791269012" />
      <PreviewZFactor Re="0.707217937573884" Im="0.706995607322805" />
      <BasicOutline BasicOutlineType="Round" IntPetals="2" Frequency="1" UsedFrequency="1" Phase="0" AngleOffset="0" Enabled="True" AmplitudeFactor="0.33" AddDenom="0.5" Pointiness="2" />
      <BasicOutline BasicOutlineType="Pointed5" IntPetals="4" Frequency="2" UsedFrequency="2" Phase="90.0000000000002" AngleOffset="1.5707963267949" Enabled="True" AmplitudeFactor="1" AddDenom="0.25" Pointiness="4" />
    </Pattern>
    <Pattern RotationSteps="5000" MergeOperation="Sum" DrawCurve="False" RenderMode="Paint" StainBlendType="Add" StainWidth="10" SharedPatternID="1540" ZoomFactor="1" LoopFactor="0" ShrinkPattern="False" ShrinkPatternLayers="False" ShrinkClipCenterFactor="0" ShrinkPadding="2" ShrinkClipFactor="4" IsBackgroundPattern="False" AllowRandom="True" InfluenceScaleFactor="0.500285904303467" UseLinearGradient="False" GradientPadding="15" GradientRotation="0" RandomSeed="108617078" XmlPatternID="1538">
      <PathFillInfo ColorMode="Radial">
        <BoundaryColor Color="-128" />
        <CenterColor Color="-8355585" />
        <ColorInfo TranslucentWaves="False" TranslucentCycles="10" TranslucentStrength="1" RandomWaves="False" RandomWavesSeed="1275710171" Colors="-23198,-256,-16777088,-4784037,-1683055,-14311712,-13702736,-10335765,-16777216" Positions="0,0.03370786,0.04494382,0.07303371,0.3820225,0.4255618,0.8455056,0.8707865,1" />
      </PathFillInfo>
      <PatternLayerList />
      <Center X="513.32" Y="387.18" />
      <ZVector Re="-73.4758489519088" Im="51.8849136123625" />
      <PreviewZFactor Re="0.329495502006602" Im="0.944157144842646" />
      <BasicOutline BasicOutlineType="Round" IntPetals="3" Frequency="1.5" UsedFrequency="1.5" Phase="0" AngleOffset="0" Enabled="True" AmplitudeFactor="1" AddDenom="0.5" Pointiness="2" />
      <BasicOutline BasicOutlineType="Pointed" IntPetals="3" Frequency="1.5" UsedFrequency="1.5" Phase="106.2" AngleOffset="1.85353966561798" Enabled="True" AmplitudeFactor="0.7764" AddDenom="0.304878048780488" Pointiness="3.28" />
      <BasicOutline BasicOutlineType="Round" IntPetals="60" Frequency="30" UsedFrequency="30" Phase="0" AngleOffset="0" Enabled="True" AmplitudeFactor="0.05" AddDenom="10000" Pointiness="0.0001" />
    </Pattern>
    <Pattern RotationSteps="5000" MergeOperation="Sum" DrawCurve="False" RenderMode="Paint" StainBlendType="Add" StainWidth="10" SharedPatternID="1542" ZoomFactor="1" LoopFactor="0" ShrinkPattern="False" ShrinkPatternLayers="False" ShrinkClipCenterFactor="0" ShrinkPadding="2" ShrinkClipFactor="4" IsBackgroundPattern="False" AllowRandom="True" InfluenceScaleFactor="0.342804139212584" UseLinearGradient="False" GradientPadding="15" GradientRotation="0" RandomSeed="108617158" XmlPatternID="1539">
      <PathFillInfo ColorMode="Radial">
        <BoundaryColor Color="-173" />
        <CenterColor Color="-7374134" />
        <ColorInfo TranslucentWaves="False" TranslucentCycles="10" TranslucentStrength="1" RandomWaves="False" RandomWavesSeed="1274096093" Colors="-15105,-12305021,-6445588,-9856,-52" Positions="0,0.1797753,0.2738764,0.6573034,1" />
      </PathFillInfo>
      <PatternLayerList />
      <Center X="191.01" Y="630.13" />
      <ZVector Re="58.1824988410968" Im="117.671945718212" />
      <PreviewZFactor Re="-0.499999899052865" Im="0.866025462066286" />
      <BasicOutline BasicOutlineType="Round" IntPetals="5" Frequency="2.5" UsedFrequency="2.5" Phase="0" AngleOffset="0" Enabled="True" AmplitudeFactor="0.75" AddDenom="0.206611570247934" Pointiness="4.84" />
      <BasicOutline BasicOutlineType="Pointed5" IntPetals="5" Frequency="2.5" UsedFrequency="2.5" Phase="-60.0000000000001" AngleOffset="-1.0471975511966" Enabled="True" AmplitudeFactor="1" AddDenom="0.333333333333333" Pointiness="3" />
      <BasicOutline BasicOutlineType="Round" IntPetals="90" Frequency="45" UsedFrequency="45" Phase="90.0000000000002" AngleOffset="1.5707963267949" Enabled="True" AmplitudeFactor="0.03" AddDenom="10000" Pointiness="0.0001" />
      <BasicOutline BasicOutlineType="Pointed5" IntPetals="90" Frequency="45" UsedFrequency="45" Phase="0" AngleOffset="0" Enabled="True" AmplitudeFactor="0.015" AddDenom="0.5" Pointiness="2" />
    </Pattern>
    <Pattern RotationSteps="5000" MergeOperation="Sum" DrawCurve="False" RenderMode="Paint" StainBlendType="Add" StainWidth="10" SharedPatternID="1552" ZoomFactor="1" LoopFactor="0" ShrinkPattern="False" ShrinkPatternLayers="False" ShrinkClipCenterFactor="0" ShrinkPadding="2" ShrinkClipFactor="4" IsBackgroundPattern="False" AllowRandom="True" InfluenceScaleFactor="0.410969993399885" UseLinearGradient="False" GradientPadding="15" GradientRotation="0" RandomSeed="108617018" XmlPatternID="1540">
      <PathFillInfo ColorMode="Radial">
        <BoundaryColor Color="-3616259" />
        <CenterColor Color="-8323073" />
        <ColorInfo TranslucentWaves="False" TranslucentCycles="10" TranslucentStrength="1" RandomWaves="False" RandomWavesSeed="1373791656" Colors="-3616259,-16777088,-128" Positions="0,0.7682585,1" />
      </PathFillInfo>
      <PatternLayerList />
      <Center X="707.52" Y="405.89" />
      <ZVector Re="-107.957857310501" Im="-18.2949168554966" />
      <PreviewZFactor Re="-0.341921935101513" Im="0.939728359844714" />
      <BasicOutline BasicOutlineType="Round" IntPetals="18" Frequency="9" UsedFrequency="9" Phase="0" AngleOffset="0" Enabled="True" AmplitudeFactor="1" AddDenom="0.5" Pointiness="2" />
      <BasicOutline BasicOutlineType="Pointed5" IntPetals="18" Frequency="9" UsedFrequency="9" Phase="90.0000000000002" AngleOffset="1.5707963267949" Enabled="True" AmplitudeFactor="0.3333" AddDenom="0.142857142857143" Pointiness="6.99999999999999" />
    </Pattern>
    <Pattern RotationSteps="5000" MergeOperation="Sum" DrawCurve="False" RenderMode="Paint" StainBlendType="Add" StainWidth="10" SharedPatternID="1554" ZoomFactor="1" LoopFactor="0" ShrinkPattern="False" ShrinkPatternLayers="False" ShrinkClipCenterFactor="0" ShrinkPadding="2" ShrinkClipFactor="4" IsBackgroundPattern="False" AllowRandom="True" InfluenceScaleFactor="0.732474212757479" UseLinearGradient="False" GradientPadding="15" GradientRotation="0" RandomSeed="108617168" XmlPatternID="1541">
      <PathFillInfo ColorMode="Radial">
        <BoundaryColor Color="-10174977" />
        <CenterColor Color="-8320" />
        <ColorInfo TranslucentWaves="False" TranslucentCycles="10" TranslucentStrength="1" RandomWaves="False" RandomWavesSeed="1372204843" Colors="-24704,-2111456,-14145449,-23343,-10868923,-20856,-925951,-12836977" Positions="0,0.0491573,0.08707865,0.1769663,0.758427,0.8581461,0.9227528,1" />
      </PathFillInfo>
      <PatternLayerList />
      <Center X="551.25" Y="554.05" />
      <ZVector Re="9.60762149095535" Im="60.679714679718" />
      <PreviewZFactor Re="1" Im="-2.44921270764475E-16" />
      <BasicOutline BasicOutlineType="NewEllipse" IntPetals="1" Frequency="0.5" UsedFrequency="0.5" Phase="0" AngleOffset="0" Enabled="True" AmplitudeFactor="1" AddDenom="10000" Pointiness="0.0001" />
      <BasicOutline BasicOutlineType="Pointed3" IntPetals="5" Frequency="2.5" UsedFrequency="2.5" Phase="0" AngleOffset="0" Enabled="True" AmplitudeFactor="0.3" AddDenom="0.666666666666667" Pointiness="1.5" />
    </Pattern>
    <Pattern RotationSteps="5000" MergeOperation="Sum" DrawCurve="False" RenderMode="Paint" StainBlendType="Add" StainWidth="10" SharedPatternID="1558" ZoomFactor="1" LoopFactor="0" ShrinkPattern="False" ShrinkPatternLayers="False" ShrinkClipCenterFactor="0" ShrinkPadding="2" ShrinkClipFactor="4" IsBackgroundPattern="False" AllowRandom="True" InfluenceScaleFactor="0.461898174679544" UseLinearGradient="False" GradientPadding="15" GradientRotation="0" RandomSeed="108617108" XmlPatternID="1542">
      <PathFillInfo ColorMode="Normal">
        <BoundaryColor Color="-8323073" />
        <CenterColor Color="-16777088" />
      </PathFillInfo>
      <PatternLayerList />
      <Center X="742.03" Y="633.68" />
      <ZVector Re="20.5738756701409" Im="-95.2269132750148" />
      <PreviewZFactor Re="0.870852773703315" Im="-0.491543941609744" />
      <BasicOutline BasicOutlineType="Round" IntPetals="3" Frequency="1.5" UsedFrequency="1.5" Phase="73.8000000000003" AngleOffset="1.28805298797182" Enabled="True" AmplitudeFactor="0.4681" AddDenom="0.5" Pointiness="2" />
      <BasicOutline BasicOutlineType="Pointed3" IntPetals="3" Frequency="1.5" UsedFrequency="1.5" Phase="135.8" AngleOffset="2.3701571242083" Enabled="True" AmplitudeFactor="1" AddDenom="0.327868852459016" Pointiness="3.05" />
      <BasicOutline BasicOutlineType="Round" IntPetals="30" Frequency="15" UsedFrequency="15" Phase="135" AngleOffset="2.35619449019234" Enabled="True" AmplitudeFactor="0.06" AddDenom="0.5" Pointiness="2" />
    </Pattern>
    <Pattern RotationSteps="5000" MergeOperation="Sum" DrawCurve="False" RenderMode="Paint" StainBlendType="Add" StainWidth="10" SharedPatternID="1546" ZoomFactor="1" LoopFactor="0" ShrinkPattern="False" ShrinkPatternLayers="False" ShrinkClipCenterFactor="0" ShrinkPadding="2" ShrinkClipFactor="4" IsBackgroundPattern="False" AllowRandom="True" InfluenceScaleFactor="0.241931987365026" UseLinearGradient="False" GradientPadding="15" GradientRotation="0" RandomSeed="108617218" XmlPatternID="1543">
      <PathFillInfo ColorMode="Normal">
        <BoundaryColor Color="-234" />
        <CenterColor Color="-9406001" />
      </PathFillInfo>
      <PatternLayerList />
      <Center X="450" Y="766" />
      <ZVector Re="-1.00000000000005" Im="-186" />
      <PreviewZFactor Re="1" Im="-2.44921270764475E-16" />
      <BasicOutline BasicOutlineType="Pointed" IntPetals="5" Frequency="2.5" UsedFrequency="2.5" Phase="15" AngleOffset="0.261799387799149" Enabled="True" AmplitudeFactor="1" AddDenom="4.54545454545455" Pointiness="0.22" />
      <BasicOutline BasicOutlineType="Pointed3" IntPetals="5" Frequency="2.5" UsedFrequency="2.5" Phase="75.0000000000002" AngleOffset="1.30899693899575" Enabled="True" AmplitudeFactor="0.9732" AddDenom="0.0738007380073801" Pointiness="13.55" />
      <BasicOutline BasicOutlineType="Pointed2" IntPetals="5" Frequency="2.5" UsedFrequency="2.5" Phase="0" AngleOffset="0" Enabled="True" AmplitudeFactor="0.7538" AddDenom="3.44827586206897" Pointiness="0.29" />
    </Pattern>
    <Pattern RotationSteps="5000" MergeOperation="Sum" DrawCurve="False" RenderMode="Paint" StainBlendType="Add" StainWidth="10" SharedPatternID="1549" ZoomFactor="1" LoopFactor="0" ShrinkPattern="False" ShrinkPatternLayers="False" ShrinkClipCenterFactor="0" ShrinkPadding="2" ShrinkClipFactor="4" IsBackgroundPattern="False" AllowRandom="True" InfluenceScaleFactor="0.281972378085548" UseLinearGradient="False" GradientPadding="15" GradientRotation="0" RandomSeed="108617228" XmlPatternID="1544">
      <PathFillInfo ColorMode="Normal">
        <BoundaryColor Color="-1" />
        <CenterColor Color="-14721119" />
      </PathFillInfo>
      <PatternLayerList />
      <Center X="165" Y="173" />
      <ZVector Re="155" Im="-38" />
      <PreviewZFactor Re="1" Im="-2.44921270764475E-16" />
      <BasicOutline BasicOutlineType="Pointed5" IntPetals="7" Frequency="3.5" UsedFrequency="3.5" Phase="0" AngleOffset="0" Enabled="True" AmplitudeFactor="1" AddDenom="9.09090909090909" Pointiness="0.11" />
      <BasicOutline BasicOutlineType="Pointed3" IntPetals="7" Frequency="3.5" UsedFrequency="3.5" Phase="0" AngleOffset="0" Enabled="True" AmplitudeFactor="0.1608" AddDenom="0.333333333333333" Pointiness="3" />
    </Pattern>
    <Pattern RotationSteps="5000" MergeOperation="Sum" DrawCurve="False" RenderMode="Paint" StainBlendType="Add" StainWidth="10" SharedPatternID="1552" ZoomFactor="1" LoopFactor="0" ShrinkPattern="False" ShrinkPatternLayers="False" ShrinkClipCenterFactor="0" ShrinkPadding="2" ShrinkClipFactor="4" IsBackgroundPattern="False" AllowRandom="True" InfluenceScaleFactor="0.279416882442026" UseLinearGradient="False" GradientPadding="15" GradientRotation="0" RandomSeed="108617238" XmlPatternID="1545">
      <PathFillInfo ColorMode="Normal">
        <BoundaryColor Color="-128" />
        <CenterColor Color="-2080379" />
      </PathFillInfo>
      <PatternLayerList />
      <Center X="500" Y="176" />
      <ZVector Re="67.4621055546625" Im="146.239065622465" />
      <PreviewZFactor Re="0.396207839449852" Im="0.918160850809094" />
      <BasicOutline BasicOutlineType="Pointed2" IntPetals="3" Frequency="1.5" UsedFrequency="1.5" Phase="25" AngleOffset="0.436332312998582" Enabled="True" AmplitudeFactor="0.7" AddDenom="5" Pointiness="0.2" />
      <BasicOutline BasicOutlineType="Pointed" IntPetals="3" Frequency="1.5" UsedFrequency="1.5" Phase="100" AngleOffset="1.74532925199433" Enabled="True" AmplitudeFactor="0.5" AddDenom="0.0833333333333333" Pointiness="12" />
      <BasicOutline BasicOutlineType="Round" IntPetals="3" Frequency="1.5" UsedFrequency="1.5" Phase="0" AngleOffset="0" Enabled="True" AmplitudeFactor="1" AddDenom="10000" Pointiness="0.0001" />
    </Pattern>
    <Pattern RotationSteps="5000" MergeOperation="Sum" DrawCurve="False" RenderMode="Paint" StainBlendType="Add" StainWidth="10" SharedPatternID="1554" ZoomFactor="1" LoopFactor="0" ShrinkPattern="False" ShrinkPatternLayers="False" ShrinkClipCenterFactor="0" ShrinkPadding="2" ShrinkClipFactor="4" IsBackgroundPattern="False" AllowRandom="True" InfluenceScaleFactor="0.306662197591976" UseLinearGradient="False" GradientPadding="15" GradientRotation="0" RandomSeed="108617038" XmlPatternID="1546">
      <PathFillInfo ColorMode="Normal">
        <BoundaryColor Color="-527181" />
        <CenterColor Color="-10791750" />
      </PathFillInfo>
      <PatternLayerList />
      <Center X="785" Y="165" />
      <ZVector Re="37" Im="142" />
      <PreviewZFactor Re="1" Im="-2.44921270764475E-16" />
      <BasicOutline BasicOutlineType="Round" IntPetals="3" Frequency="1.5" UsedFrequency="1.5" Phase="50" AngleOffset="0.872664625997165" Enabled="True" AmplitudeFactor="1" AddDenom="0.5" Pointiness="2" />
      <BasicOutline BasicOutlineType="Pointed5" IntPetals="3" Frequency="1.5" UsedFrequency="1.5" Phase="0" AngleOffset="0" Enabled="True" AmplitudeFactor="0.5" AddDenom="0.25" Pointiness="4" />
      <BasicOutline BasicOutlineType="Pointed2" IntPetals="72" Frequency="36" UsedFrequency="36" Phase="0" AngleOffset="0" Enabled="True" AmplitudeFactor="0.025" AddDenom="0.5" Pointiness="2" />
    </Pattern>
    <Pattern RotationSteps="5000" MergeOperation="Sum" DrawCurve="False" RenderMode="Paint" StainBlendType="Add" StainWidth="10" SharedPatternID="1564" ZoomFactor="1" LoopFactor="0" ShrinkPattern="False" ShrinkPatternLayers="False" ShrinkClipCenterFactor="0" ShrinkPadding="2" ShrinkClipFactor="4" IsBackgroundPattern="False" AllowRandom="True" InfluenceScaleFactor="0.633614306665672" UseLinearGradient="False" GradientPadding="15" GradientRotation="0" RandomSeed="108617088" XmlPatternID="1547">
      <PathFillInfo ColorMode="Normal">
        <BoundaryColor Color="-76159" />
        <CenterColor Color="-16726927" />
      </PathFillInfo>
      <PatternLayerList />
      <Center X="365" Y="528" />
      <ZVector Re="-35.211264501609" Im="-61.6779284039091" />
      <PreviewZFactor Re="-0.341921763335789" Im="-0.939728422341979" />
      <BasicOutline BasicOutlineType="Round" IntPetals="18" Frequency="9" UsedFrequency="9" Phase="0" AngleOffset="0" Enabled="True" AmplitudeFactor="0.33" AddDenom="10000" Pointiness="0.0001" />
      <BasicOutline BasicOutlineType="Pointed5" IntPetals="9" Frequency="4.5" UsedFrequency="4.5" Phase="45" AngleOffset="0.785398163397448" Enabled="True" AmplitudeFactor="1" AddDenom="0.5" Pointiness="2" />
    </Pattern>
  </DesignPatterns>
</Design>