<Design XmlVersion="1.1" PictureWidth="967" PictureHeight="967" BackgroundImageMode="Tile" ScaleToFit="True">
  <PictureBoxSize Width="971" Height="971" />
  <BackgroundGradientColors>
    <BoundaryColor Color="-5574465" />
    <CenterColor Color="-15880680" />
  </BackgroundGradientColors>
  <DefaultPatternGroup>
    <Pattern RotationSteps="5000" MergeOperation="Sum" DrawCurve="False" RenderMode="Paint" StainBlendType="Add" StainWidth="10" SharedPatternID="1731" ZoomFactor="1" LoopFactor="0" ShrinkPattern="False" ShrinkPatternLayers="False" ShrinkClipCenterFactor="0" ShrinkPadding="2" ShrinkClipFactor="4" IsBackgroundPattern="False" AllowRandom="True" InfluenceScaleFactor="1" UseLinearGradient="False" GradientPadding="15" GradientRotation="0" RandomSeed="108617258" XmlPatternID="1672">
      <PathFillInfo ColorMode="Normal">
        <BoundaryColor Color="-65408" />
        <CenterColor Color="-79487" />
      </PathFillInfo>
      <PatternLayerList />
      <Center X="50" Y="50" />
      <ZVector Re="7.31868015184492" Im="44.4008662171696" />
      <PreviewZFactor Re="0.773794450983834" Im="-0.633436774766533" />
      <BasicOutline IntPetals="3" Frequency="1.5" UsedFrequency="1.5" Phase="17" AngleOffset="0.296705972839036" Enabled="True" AmplitudeFactor="1" Pointiness="0.27" BasicOutlineType="Round" AddDenom="3.7037037037037" />
      <BasicOutline IntPetals="3" Frequency="1.5" UsedFrequency="1.5" Phase="121" AngleOffset="2.11184839491314" Enabled="True" AmplitudeFactor="0.407" Pointiness="13.28" BasicOutlineType="Pointed" AddDenom="0.0753012048192771" />
      <BasicOutline IntPetals="3" Frequency="1.5" UsedFrequency="1.5" Phase="0" AngleOffset="0" Enabled="True" AmplitudeFactor="0.8494" Pointiness="0.520000000000001" BasicOutlineType="Pointed3" AddDenom="1.92307692307692" />
    </Pattern>
  </DefaultPatternGroup>
  <DesignPatterns>
    <Pattern RotationSteps="5000" MergeOperation="Sum" DrawCurve="False" RenderMode="Paint" StainBlendType="Add" StainWidth="10" SharedPatternID="1719" ZoomFactor="1" LoopFactor="0" ShrinkPattern="False" ShrinkPatternLayers="False" ShrinkClipCenterFactor="0" ShrinkPadding="2" ShrinkClipFactor="4" IsBackgroundPattern="False" AllowRandom="True" InfluenceScaleFactor="0.0789563605777337" UseLinearGradient="False" GradientPadding="15" GradientRotation="0" RandomSeed="108617008" XmlPatternID="1673">
      <PathFillInfo ColorMode="Normal">
        <BoundaryColor Color="-4941825" />
        <CenterColor Color="-128" />
      </PathFillInfo>
      <PatternLayerList />
      <Center X="496" Y="492" />
      <ZVector Re="-2.7388279986086" Im="569.928503253868" />
      <PreviewZFactor Re="0.707217937573884" Im="0.706995607322805" />
      <BasicOutline IntPetals="4" Frequency="2" UsedFrequency="2" Phase="0" AngleOffset="0" Enabled="True" AmplitudeFactor="0.5" Pointiness="2" BasicOutlineType="Round" AddDenom="0.5" />
      <BasicOutline IntPetals="4" Frequency="2" UsedFrequency="2" Phase="90.0000000000002" AngleOffset="1.5707963267949" Enabled="True" AmplitudeFactor="1" Pointiness="4" BasicOutlineType="Pointed5" AddDenom="0.25" />
    </Pattern>
    <Pattern RotationSteps="5000" MergeOperation="Sum" DrawCurve="False" RenderMode="Paint" StainBlendType="Add" StainWidth="10" SharedPatternID="1738" ZoomFactor="1" LoopFactor="0" ShrinkPattern="False" ShrinkPatternLayers="False" ShrinkClipCenterFactor="0" ShrinkPadding="2" ShrinkClipFactor="4" IsBackgroundPattern="False" AllowRandom="True" InfluenceScaleFactor="0.405339614199941" UseLinearGradient="False" GradientPadding="15" GradientRotation="0" RandomSeed="108617258" XmlPatternID="1674">
      <PathFillInfo ColorMode="Normal">
        <BoundaryColor Color="-65408" />
        <CenterColor Color="-79487" />
      </PathFillInfo>
      <PatternLayerList />
      <Center X="199" Y="488" />
      <ZVector Re="94.6189412297197" Im="-58.0711284595611" />
      <PreviewZFactor Re="0.773794450983834" Im="-0.633436774766533" />
      <BasicOutline IntPetals="3" Frequency="1.5" UsedFrequency="1.5" Phase="17" AngleOffset="0.296705972839036" Enabled="True" AmplitudeFactor="1" Pointiness="0.27" BasicOutlineType="Round" AddDenom="3.7037037037037" />
      <BasicOutline IntPetals="3" Frequency="1.5" UsedFrequency="1.5" Phase="121" AngleOffset="2.11184839491314" Enabled="True" AmplitudeFactor="0.407" Pointiness="13.28" BasicOutlineType="Pointed" AddDenom="0.0753012048192771" />
      <BasicOutline IntPetals="3" Frequency="1.5" UsedFrequency="1.5" Phase="0" AngleOffset="0" Enabled="True" AmplitudeFactor="0.8494" Pointiness="0.520000000000001" BasicOutlineType="Pointed3" AddDenom="1.92307692307692" />
    </Pattern>
    <Pattern RotationSteps="5000" MergeOperation="Sum" DrawCurve="False" RenderMode="Paint" StainBlendType="Add" StainWidth="10" SharedPatternID="1747" ZoomFactor="1" LoopFactor="0" ShrinkPattern="False" ShrinkPatternLayers="False" ShrinkClipCenterFactor="0" ShrinkPadding="2" ShrinkClipFactor="4" IsBackgroundPattern="False" AllowRandom="True" InfluenceScaleFactor="0.405339614199941" UseLinearGradient="False" GradientPadding="15" GradientRotation="0" RandomSeed="108617258" XmlPatternID="1675">
      <PathFillInfo ColorMode="Normal">
        <BoundaryColor Color="-65408" />
        <CenterColor Color="-79487" />
      </PathFillInfo>
      <PatternLayerList />
      <Center X="478" Y="199" />
      <ZVector Re="58.0711284595611" Im="94.6189412297197" />
      <PreviewZFactor Re="0.773794450983834" Im="-0.633436774766533" />
      <BasicOutline IntPetals="3" Frequency="1.5" UsedFrequency="1.5" Phase="17" AngleOffset="0.296705972839036" Enabled="True" AmplitudeFactor="1" Pointiness="0.27" BasicOutlineType="Round" AddDenom="3.7037037037037" />
      <BasicOutline IntPetals="3" Frequency="1.5" UsedFrequency="1.5" Phase="121" AngleOffset="2.11184839491314" Enabled="True" AmplitudeFactor="0.407" Pointiness="13.28" BasicOutlineType="Pointed" AddDenom="0.0753012048192771" />
      <BasicOutline IntPetals="3" Frequency="1.5" UsedFrequency="1.5" Phase="0" AngleOffset="0" Enabled="True" AmplitudeFactor="0.8494" Pointiness="0.520000000000001" BasicOutlineType="Pointed3" AddDenom="1.92307692307692" />
    </Pattern>
    <Pattern RotationSteps="5000" MergeOperation="Sum" DrawCurve="False" RenderMode="Paint" StainBlendType="Add" StainWidth="10" SharedPatternID="1748" ZoomFactor="1" LoopFactor="0" ShrinkPattern="False" ShrinkPatternLayers="False" ShrinkClipCenterFactor="0" ShrinkPadding="2" ShrinkClipFactor="4" IsBackgroundPattern="False" AllowRandom="True" InfluenceScaleFactor="0.405339614199941" UseLinearGradient="False" GradientPadding="15" GradientRotation="0" RandomSeed="108617258" XmlPatternID="1676">
      <PathFillInfo ColorMode="Normal">
        <BoundaryColor Color="-65408" />
        <CenterColor Color="-79487" />
      </PathFillInfo>
      <PatternLayerList />
      <Center X="767" Y="478" />
      <ZVector Re="-94.6189412297197" Im="58.0711284595611" />
      <PreviewZFactor Re="0.773794450983834" Im="-0.633436774766533" />
      <BasicOutline IntPetals="3" Frequency="1.5" UsedFrequency="1.5" Phase="17" AngleOffset="0.296705972839036" Enabled="True" AmplitudeFactor="1" Pointiness="0.27" BasicOutlineType="Round" AddDenom="3.7037037037037" />
      <BasicOutline IntPetals="3" Frequency="1.5" UsedFrequency="1.5" Phase="121" AngleOffset="2.11184839491314" Enabled="True" AmplitudeFactor="0.407" Pointiness="13.28" BasicOutlineType="Pointed" AddDenom="0.0753012048192771" />
      <BasicOutline IntPetals="3" Frequency="1.5" UsedFrequency="1.5" Phase="0" AngleOffset="0" Enabled="True" AmplitudeFactor="0.8494" Pointiness="0.520000000000001" BasicOutlineType="Pointed3" AddDenom="1.92307692307692" />
    </Pattern>
    <Pattern RotationSteps="5000" MergeOperation="Sum" DrawCurve="False" RenderMode="Paint" StainBlendType="Add" StainWidth="10" SharedPatternID="1749" ZoomFactor="1" LoopFactor="0" ShrinkPattern="False" ShrinkPatternLayers="False" ShrinkClipCenterFactor="0" ShrinkPadding="2" ShrinkClipFactor="4" IsBackgroundPattern="False" AllowRandom="True" InfluenceScaleFactor="0.405339614199941" UseLinearGradient="False" GradientPadding="15" GradientRotation="0" RandomSeed="108617258" XmlPatternID="1677">
      <PathFillInfo ColorMode="Normal">
        <BoundaryColor Color="-65408" />
        <CenterColor Color="-79487" />
      </PathFillInfo>
      <PatternLayerList />
      <Center X="488" Y="767" />
      <ZVector Re="-58.0711284595611" Im="-94.6189412297197" />
      <PreviewZFactor Re="0.773794450983834" Im="-0.633436774766533" />
      <BasicOutline IntPetals="3" Frequency="1.5" UsedFrequency="1.5" Phase="17" AngleOffset="0.296705972839036" Enabled="True" AmplitudeFactor="1" Pointiness="0.27" BasicOutlineType="Round" AddDenom="3.7037037037037" />
      <BasicOutline IntPetals="3" Frequency="1.5" UsedFrequency="1.5" Phase="121" AngleOffset="2.11184839491314" Enabled="True" AmplitudeFactor="0.407" Pointiness="13.28" BasicOutlineType="Pointed" AddDenom="0.0753012048192771" />
      <BasicOutline IntPetals="3" Frequency="1.5" UsedFrequency="1.5" Phase="0" AngleOffset="0" Enabled="True" AmplitudeFactor="0.8494" Pointiness="0.520000000000001" BasicOutlineType="Pointed3" AddDenom="1.92307692307692" />
    </Pattern>
  </DesignPatterns>
</Design>