<Design XmlVersion="1.1" PictureWidth="967" PictureHeight="967" BackgroundImageMode="Tile" ScaleToFit="False">
  <PictureBoxSize Width="971" Height="971" />
  <BackgroundGradientColors>
    <BoundaryColor Color="-13614239" />
    <CenterColor Color="-13199736" />
  </BackgroundGradientColors>
  <DefaultPatternGroup>
    <Pattern RotationSteps="5000" MergeOperation="Sum" DrawCurve="False" RenderMode="Paint" StainBlendType="Add" StainWidth="10" SharedPatternID="1622" ZoomFactor="1" LoopFactor="0" ShrinkPattern="False" ShrinkPatternLayers="False" ShrinkClipCenterFactor="0" ShrinkPadding="2" ShrinkClipFactor="4" IsBackgroundPattern="False" AllowRandom="True" InfluenceScaleFactor="0.286664911291844" UseLinearGradient="False" GradientPadding="15" GradientRotation="0" RandomSeed="108618900" XmlPatternID="1534">
      <PathFillInfo ColorMode="Normal">
        <BoundaryColor Color="-1" />
        <CenterColor Color="-11846191" />
      </PathFillInfo>
      <PatternLayerList />
      <Center X="258" Y="256" />
      <ZVector Re="0.696464816454977" Im="-156.976160409023" />
      <PreviewZFactor Re="1" Im="-2.44921270764475E-16" />
      <BasicOutline BasicOutlineType="Custom" IntPetals="4" Frequency="2" UsedFrequency="2" Phase="0" AngleOffset="0" Enabled="True" AmplitudeFactor="0.46211715726001" AddDenom="2" Pointiness="0.5">
        <AmplitudeSettings IsValid="True" IsCSharpFormula="False" FormulaName="Formula1">
          <Formula>amplitude = tanh(1 / (addDenom + round(5 * abs(tan(angle)))));</Formula>
        </AmplitudeSettings>
        <MaxAmplitudeSettings IsValid="True" IsCSharpFormula="False" FormulaName="Formula1">
          <Formula>maxAmplitude = tanh(1 / addDenom);</Formula>
        </MaxAmplitudeSettings>
      </BasicOutline>
    </Pattern>
    <Pattern RotationSteps="5000" MergeOperation="Sum" DrawCurve="False" RenderMode="Paint" StainBlendType="Add" StainWidth="10" SharedPatternID="1623" ZoomFactor="1" LoopFactor="0" ShrinkPattern="False" ShrinkPatternLayers="False" ShrinkClipCenterFactor="0" ShrinkPadding="2" ShrinkClipFactor="4" IsBackgroundPattern="False" AllowRandom="True" InfluenceScaleFactor="1.02947437661106" UseLinearGradient="False" GradientPadding="15" GradientRotation="0" RandomSeed="108617008" XmlPatternID="1535">
      <PathFillInfo ColorMode="Normal">
        <BoundaryColor Color="-810852" />
        <CenterColor Color="-723032" />
      </PathFillInfo>
      <PatternLayerList />
      <Center X="258" Y="256" />
      <ZVector Re="-43.7108031395359" Im="-0.268379543850319" />
      <PreviewZFactor Re="-0.923909610723334" Im="-0.382610809064587" />
      <BasicOutline BasicOutlineType="Round" IntPetals="8" Frequency="4" UsedFrequency="4" Phase="0" AngleOffset="0" Enabled="True" AmplitudeFactor="1" AddDenom="0.5" Pointiness="2" />
      <BasicOutline BasicOutlineType="Pointed5" IntPetals="8" Frequency="4" UsedFrequency="4" Phase="90.0000000000002" AngleOffset="1.5707963267949" Enabled="True" AmplitudeFactor="0.5" AddDenom="0.25" Pointiness="4" />
    </Pattern>
  </DefaultPatternGroup>
  <DesignPatterns>
    <Pattern RotationSteps="5000" MergeOperation="Sum" DrawCurve="False" RenderMode="Paint" StainBlendType="Add" StainWidth="10" SharedPatternID="1537" ZoomFactor="1" LoopFactor="0" ShrinkPattern="False" ShrinkPatternLayers="False" ShrinkClipCenterFactor="0" ShrinkPadding="2" ShrinkClipFactor="4" IsBackgroundPattern="False" AllowRandom="True" InfluenceScaleFactor="0.101579100239159" UseLinearGradient="False" GradientPadding="15" GradientRotation="0" RandomSeed="108618900" XmlPatternID="1538">
      <PathFillInfo ColorMode="Normal">
        <BoundaryColor Color="-1" />
        <CenterColor Color="-11846191" />
      </PathFillInfo>
      <PatternLayerList />
      <Center X="483" Y="483" />
      <ZVector Re="443.00450813206" Im="-0.075991262584626" />
      <PreviewZFactor Re="1" Im="-2.44921270764475E-16" />
      <BasicOutline BasicOutlineType="Custom" IntPetals="4" Frequency="2" UsedFrequency="2" Phase="0" AngleOffset="0" Enabled="True" AmplitudeFactor="0.46211715726001" AddDenom="2" Pointiness="0.5">
        <AmplitudeSettings IsValid="True" IsCSharpFormula="False" FormulaName="Formula1">
          <Formula>amplitude = tanh(1 / (addDenom + round(5 * abs(tan(angle)))));</Formula>
        </AmplitudeSettings>
        <MaxAmplitudeSettings IsValid="True" IsCSharpFormula="False" FormulaName="Formula1">
          <Formula>maxAmplitude = tanh(1 / addDenom);</Formula>
        </MaxAmplitudeSettings>
      </BasicOutline>
    </Pattern>
    <Pattern RotationSteps="5000" MergeOperation="Sum" DrawCurve="False" RenderMode="Paint" StainBlendType="Add" StainWidth="10" SharedPatternID="1538" ZoomFactor="1" LoopFactor="0" ShrinkPattern="False" ShrinkPatternLayers="False" ShrinkClipCenterFactor="0" ShrinkPadding="2" ShrinkClipFactor="4" IsBackgroundPattern="False" AllowRandom="True" InfluenceScaleFactor="0.364792050844892" UseLinearGradient="False" GradientPadding="15" GradientRotation="0" RandomSeed="108617008" XmlPatternID="1539">
      <PathFillInfo ColorMode="Normal">
        <BoundaryColor Color="-48480" />
        <CenterColor Color="-1" />
      </PathFillInfo>
      <PatternLayerList />
      <Center X="483" Y="483" />
      <ZVector Re="0.188928921139635" Im="-123.357806505637" />
      <PreviewZFactor Re="-0.923909610723334" Im="-0.382610809064587" />
      <BasicOutline BasicOutlineType="Round" IntPetals="8" Frequency="4" UsedFrequency="4" Phase="0" AngleOffset="0" Enabled="True" AmplitudeFactor="1" AddDenom="0.5" Pointiness="2" />
      <BasicOutline BasicOutlineType="Pointed5" IntPetals="8" Frequency="4" UsedFrequency="4" Phase="90.0000000000002" AngleOffset="1.5707963267949" Enabled="True" AmplitudeFactor="0.5" AddDenom="0.25" Pointiness="4" />
    </Pattern>
    <Pattern RotationSteps="5000" MergeOperation="Sum" DrawCurve="False" RenderMode="Paint" StainBlendType="Add" StainWidth="10" SharedPatternID="1618" ZoomFactor="1" LoopFactor="0" ShrinkPattern="False" ShrinkPatternLayers="False" ShrinkClipCenterFactor="0" ShrinkPadding="2" ShrinkClipFactor="4" IsBackgroundPattern="False" AllowRandom="True" InfluenceScaleFactor="0.286664911291844" UseLinearGradient="False" GradientPadding="15" GradientRotation="0" RandomSeed="108618900" XmlPatternID="1540">
      <PathFillInfo ColorMode="Normal">
        <BoundaryColor Color="-1" />
        <CenterColor Color="-11846191" />
      </PathFillInfo>
      <PatternLayerList />
      <Center X="214" Y="213" />
      <ZVector Re="0.696464816454977" Im="-156.976160409023" />
      <PreviewZFactor Re="1" Im="-2.44921270764475E-16" />
      <BasicOutline BasicOutlineType="Custom" IntPetals="4" Frequency="2" UsedFrequency="2" Phase="0" AngleOffset="0" Enabled="True" AmplitudeFactor="0.46211715726001" AddDenom="2" Pointiness="0.5">
        <AmplitudeSettings IsValid="True" IsCSharpFormula="False" FormulaName="Formula1">
          <Formula>amplitude = tanh(1 / (addDenom + round(5 * abs(tan(angle)))));</Formula>
        </AmplitudeSettings>
        <MaxAmplitudeSettings IsValid="True" IsCSharpFormula="False" FormulaName="Formula1">
          <Formula>maxAmplitude = tanh(1 / addDenom);</Formula>
        </MaxAmplitudeSettings>
      </BasicOutline>
    </Pattern>
    <Pattern RotationSteps="5000" MergeOperation="Sum" DrawCurve="False" RenderMode="Paint" StainBlendType="Add" StainWidth="10" SharedPatternID="1619" ZoomFactor="1" LoopFactor="0" ShrinkPattern="False" ShrinkPatternLayers="False" ShrinkClipCenterFactor="0" ShrinkPadding="2" ShrinkClipFactor="4" IsBackgroundPattern="False" AllowRandom="True" InfluenceScaleFactor="1.02947437661106" UseLinearGradient="False" GradientPadding="15" GradientRotation="0" RandomSeed="108617008" XmlPatternID="1541">
      <PathFillInfo ColorMode="Normal">
        <BoundaryColor Color="-810852" />
        <CenterColor Color="-723032" />
      </PathFillInfo>
      <PatternLayerList />
      <Center X="214" Y="213" />
      <ZVector Re="-43.7108031395359" Im="-0.268379543850319" />
      <PreviewZFactor Re="-0.923909610723334" Im="-0.382610809064587" />
      <BasicOutline BasicOutlineType="Round" IntPetals="8" Frequency="4" UsedFrequency="4" Phase="0" AngleOffset="0" Enabled="True" AmplitudeFactor="1" AddDenom="0.5" Pointiness="2" />
      <BasicOutline BasicOutlineType="Pointed5" IntPetals="8" Frequency="4" UsedFrequency="4" Phase="90.0000000000002" AngleOffset="1.5707963267949" Enabled="True" AmplitudeFactor="0.5" AddDenom="0.25" Pointiness="4" />
    </Pattern>
    <Pattern RotationSteps="5000" MergeOperation="Sum" DrawCurve="False" RenderMode="Paint" StainBlendType="Add" StainWidth="10" SharedPatternID="1624" ZoomFactor="1" LoopFactor="0" ShrinkPattern="False" ShrinkPatternLayers="False" ShrinkClipCenterFactor="0" ShrinkPadding="2" ShrinkClipFactor="4" IsBackgroundPattern="False" AllowRandom="True" InfluenceScaleFactor="0.286664911291844" UseLinearGradient="False" GradientPadding="15" GradientRotation="0" RandomSeed="108618900" XmlPatternID="1542">
      <PathFillInfo ColorMode="Normal">
        <BoundaryColor Color="-1" />
        <CenterColor Color="-11846191" />
      </PathFillInfo>
      <PatternLayerList />
      <Center X="753" Y="214" />
      <ZVector Re="1.39291592334322" Im="-156.971525396266" />
      <PreviewZFactor Re="1" Im="-2.44921270764475E-16" />
      <BasicOutline BasicOutlineType="Custom" IntPetals="4" Frequency="2" UsedFrequency="2" Phase="0" AngleOffset="0" Enabled="True" AmplitudeFactor="0.46211715726001" AddDenom="2" Pointiness="0.5">
        <AmplitudeSettings IsValid="True" IsCSharpFormula="False" FormulaName="Formula1">
          <Formula>amplitude = tanh(1 / (addDenom + round(5 * abs(tan(angle)))));</Formula>
        </AmplitudeSettings>
        <MaxAmplitudeSettings IsValid="True" IsCSharpFormula="False" FormulaName="Formula1">
          <Formula>maxAmplitude = tanh(1 / addDenom);</Formula>
        </MaxAmplitudeSettings>
      </BasicOutline>
    </Pattern>
    <Pattern RotationSteps="5000" MergeOperation="Sum" DrawCurve="False" RenderMode="Paint" StainBlendType="Add" StainWidth="10" SharedPatternID="1625" ZoomFactor="1" LoopFactor="0" ShrinkPattern="False" ShrinkPatternLayers="False" ShrinkClipCenterFactor="0" ShrinkPadding="2" ShrinkClipFactor="4" IsBackgroundPattern="False" AllowRandom="True" InfluenceScaleFactor="1.02947437661106" UseLinearGradient="False" GradientPadding="15" GradientRotation="0" RandomSeed="108617008" XmlPatternID="1543">
      <PathFillInfo ColorMode="Normal">
        <BoundaryColor Color="-810852" />
        <CenterColor Color="-723032" />
      </PathFillInfo>
      <PatternLayerList />
      <Center X="753" Y="214" />
      <ZVector Re="-43.709182204073" Im="-0.46230913247124" />
      <PreviewZFactor Re="-0.923909610723334" Im="-0.382610809064587" />
      <BasicOutline BasicOutlineType="Round" IntPetals="8" Frequency="4" UsedFrequency="4" Phase="0" AngleOffset="0" Enabled="True" AmplitudeFactor="1" AddDenom="0.5" Pointiness="2" />
      <BasicOutline BasicOutlineType="Pointed5" IntPetals="8" Frequency="4" UsedFrequency="4" Phase="90.0000000000002" AngleOffset="1.5707963267949" Enabled="True" AmplitudeFactor="0.5" AddDenom="0.25" Pointiness="4" />
    </Pattern>
    <Pattern RotationSteps="5000" MergeOperation="Sum" DrawCurve="False" RenderMode="Paint" StainBlendType="Add" StainWidth="10" SharedPatternID="1626" ZoomFactor="1" LoopFactor="0" ShrinkPattern="False" ShrinkPatternLayers="False" ShrinkClipCenterFactor="0" ShrinkPadding="2" ShrinkClipFactor="4" IsBackgroundPattern="False" AllowRandom="True" InfluenceScaleFactor="0.286664911291844" UseLinearGradient="False" GradientPadding="15" GradientRotation="0" RandomSeed="108618900" XmlPatternID="1544">
      <PathFillInfo ColorMode="Normal">
        <BoundaryColor Color="-1" />
        <CenterColor Color="-11846191" />
      </PathFillInfo>
      <PatternLayerList />
      <Center X="752" Y="753" />
      <ZVector Re="156.971525396266" Im="1.39291592334321" />
      <PreviewZFactor Re="1" Im="-2.44921270764475E-16" />
      <BasicOutline BasicOutlineType="Custom" IntPetals="4" Frequency="2" UsedFrequency="2" Phase="0" AngleOffset="0" Enabled="True" AmplitudeFactor="0.46211715726001" AddDenom="2" Pointiness="0.5">
        <AmplitudeSettings IsValid="True" IsCSharpFormula="False" FormulaName="Formula1">
          <Formula>amplitude = tanh(1 / (addDenom + round(5 * abs(tan(angle)))));</Formula>
        </AmplitudeSettings>
        <MaxAmplitudeSettings IsValid="True" IsCSharpFormula="False" FormulaName="Formula1">
          <Formula>maxAmplitude = tanh(1 / addDenom);</Formula>
        </MaxAmplitudeSettings>
      </BasicOutline>
    </Pattern>
    <Pattern RotationSteps="5000" MergeOperation="Sum" DrawCurve="False" RenderMode="Paint" StainBlendType="Add" StainWidth="10" SharedPatternID="1627" ZoomFactor="1" LoopFactor="0" ShrinkPattern="False" ShrinkPatternLayers="False" ShrinkClipCenterFactor="0" ShrinkPadding="2" ShrinkClipFactor="4" IsBackgroundPattern="False" AllowRandom="True" InfluenceScaleFactor="1.02947437661106" UseLinearGradient="False" GradientPadding="15" GradientRotation="0" RandomSeed="108617008" XmlPatternID="1545">
      <PathFillInfo ColorMode="Normal">
        <BoundaryColor Color="-810852" />
        <CenterColor Color="-723032" />
      </PathFillInfo>
      <PatternLayerList />
      <Center X="752" Y="753" />
      <ZVector Re="0.462309132471238" Im="-43.709182204073" />
      <PreviewZFactor Re="-0.923909610723334" Im="-0.382610809064587" />
      <BasicOutline BasicOutlineType="Round" IntPetals="8" Frequency="4" UsedFrequency="4" Phase="0" AngleOffset="0" Enabled="True" AmplitudeFactor="1" AddDenom="0.5" Pointiness="2" />
      <BasicOutline BasicOutlineType="Pointed5" IntPetals="8" Frequency="4" UsedFrequency="4" Phase="90.0000000000002" AngleOffset="1.5707963267949" Enabled="True" AmplitudeFactor="0.5" AddDenom="0.25" Pointiness="4" />
    </Pattern>
    <Pattern RotationSteps="5000" MergeOperation="Sum" DrawCurve="False" RenderMode="Paint" StainBlendType="Add" StainWidth="10" SharedPatternID="1628" ZoomFactor="1" LoopFactor="0" ShrinkPattern="False" ShrinkPatternLayers="False" ShrinkClipCenterFactor="0" ShrinkPadding="2" ShrinkClipFactor="4" IsBackgroundPattern="False" AllowRandom="True" InfluenceScaleFactor="0.286664911291844" UseLinearGradient="False" GradientPadding="15" GradientRotation="0" RandomSeed="108618900" XmlPatternID="1546">
      <PathFillInfo ColorMode="Normal">
        <BoundaryColor Color="-1" />
        <CenterColor Color="-11846191" />
      </PathFillInfo>
      <PatternLayerList />
      <Center X="213" Y="752" />
      <ZVector Re="-1.3929159233432" Im="156.971525396266" />
      <PreviewZFactor Re="1" Im="-2.44921270764475E-16" />
      <BasicOutline BasicOutlineType="Custom" IntPetals="4" Frequency="2" UsedFrequency="2" Phase="0" AngleOffset="0" Enabled="True" AmplitudeFactor="0.46211715726001" AddDenom="2" Pointiness="0.5">
        <AmplitudeSettings IsValid="True" IsCSharpFormula="False" FormulaName="Formula1">
          <Formula>amplitude = tanh(1 / (addDenom + round(5 * abs(tan(angle)))));</Formula>
        </AmplitudeSettings>
        <MaxAmplitudeSettings IsValid="True" IsCSharpFormula="False" FormulaName="Formula1">
          <Formula>maxAmplitude = tanh(1 / addDenom);</Formula>
        </MaxAmplitudeSettings>
      </BasicOutline>
    </Pattern>
    <Pattern RotationSteps="5000" MergeOperation="Sum" DrawCurve="False" RenderMode="Paint" StainBlendType="Add" StainWidth="10" SharedPatternID="1629" ZoomFactor="1" LoopFactor="0" ShrinkPattern="False" ShrinkPatternLayers="False" ShrinkClipCenterFactor="0" ShrinkPadding="2" ShrinkClipFactor="4" IsBackgroundPattern="False" AllowRandom="True" InfluenceScaleFactor="1.02947437661106" UseLinearGradient="False" GradientPadding="15" GradientRotation="0" RandomSeed="108617008" XmlPatternID="1547">
      <PathFillInfo ColorMode="Normal">
        <BoundaryColor Color="-810852" />
        <CenterColor Color="-723032" />
      </PathFillInfo>
      <PatternLayerList />
      <Center X="213" Y="752" />
      <ZVector Re="43.709182204073" Im="0.462309132471235" />
      <PreviewZFactor Re="-0.923909610723334" Im="-0.382610809064587" />
      <BasicOutline BasicOutlineType="Round" IntPetals="8" Frequency="4" UsedFrequency="4" Phase="0" AngleOffset="0" Enabled="True" AmplitudeFactor="1" AddDenom="0.5" Pointiness="2" />
      <BasicOutline BasicOutlineType="Pointed5" IntPetals="8" Frequency="4" UsedFrequency="4" Phase="90.0000000000002" AngleOffset="1.5707963267949" Enabled="True" AmplitudeFactor="0.5" AddDenom="0.25" Pointiness="4" />
    </Pattern>
  </DesignPatterns>
</Design>