<Settings>
  <AnimationRate Type="System.Int32" Value="2" />
  <BufferSize Type="System.Int32" Value="40" />
  <CustomDesignParentFolder Type="System.String" IsReadOnly="True" Value="CustomFolders" />
  <DefaultPatternFileName Type="System.String" IsReadOnly="True" Value="DefaultPattern.config" />
  <DefaultPicHeight Type="System.Int32" IsReadOnly="True" Value="809" />
  <DefaultPicWidth Type="System.Int32" IsReadOnly="True" Value="1596" />
  <DesignPatternsFileName Type="System.String" IsReadOnly="True" Value="DesignPatterns.config" />
  <DesignThumbnailHeight Type="System.Int32" Value="150" />
  <DesignThumbnailsFolder Type="System.String" IsReadOnly="True" Value="DesignThumbnails" />
  <DraftSize Type="System.Int32" Value="3" />
  <ExactOutline Type="System.Boolean" Value="False" />
  <FilesFolder Type="System.String" Value="C:\WhorlFiles" />
  <ImageSizes Type="System.String" Value="0.714:1526:7 x 5,0.773:1411:11 x 8.5,0.800:1362:10 x 8,0.786:1387:11 x 14,1.401:778:5 x 7,1.273:856:14 x 11,1.295:842:8.5 x11,1.250:800:8 x 10,0.667:1635:6 x 4,1.000:971:Square" />
  <ImprovDamping Type="System.Double" Value="1" />
  <ImprovisationLevel Type="System.Double" Value="0.2" />
  <ImproviseBackground Type="System.Boolean" Value="False" />
  <ImproviseColors Type="System.Boolean" Value="True" />
  <ImproviseOnOutlineType Type="System.Boolean" Value="False" />
  <ImproviseParameters Type="System.Boolean" Value="False" />
  <ImprovisePetals Type="System.Boolean" Value="False" />
  <ImproviseShapes Type="System.Boolean" Value="False" />
  <ImproviseTextures Type="System.Boolean" Value="True" />
  <IsChanged Type="System.Boolean" Value="True" />
  <MaxLoopCount Type="System.Int32" Value="1000" />
  <MaxSavedImprovs Type="System.Int32" Value="100" />
  <MinPatternSize Type="System.Double" Value="1000" />
  <OptimizeExpressions Type="System.Boolean" Value="True" />
  <ParallelProcessing Type="System.Boolean" Value="False" />
  <PatternChoicesFileName Type="System.String" IsReadOnly="True" Value="PatternChoices.config" />
  <QualitySize Type="System.Int32" Value="3000" />
  <RecomputeInterval Type="System.Double" Value="5" />
  <RenderFilesFolder Type="System.String" Value="C:\WhorlImages" />
  <RenderWidth Type="System.Int32" Value="2000" />
  <ReplayIntervalSeconds Type="System.Double" Value="1" />
  <RevolveRate Type="System.Double" Value="0.1" />
  <SaveDesignThumbnails Type="System.Boolean" Value="True" />
  <SavedImageSizes Type="System.String" Value="1.000:1090:Square,0.714:1526:7 x 5,0.773:1411:11 x 8.5,0.800:1362:10 x 8,0.786:1387:11 x 14,1.499:727:4 x 6,1.401:778:5 x 7,1.273:856:14 x 11,1.295:842:8.5 x11,1.250:800:8 x 10" />
  <SmoothAnimationSteps Type="System.Int32" Value="10" />
  <SpinRate Type="System.Double" Value="1" />
  <TexturesFolder Type="System.String" Value="C:\WhorlFilesDev\Textures" />
  <TraceMode Type="System.Boolean" Value="True" />
  <UseNewPolygonVersion Type="System.Boolean" Value="True" />
</Settings>