<Design XmlVersion="1.1" PictureWidth="967" PictureHeight="967" BackgroundImageMode="Stretch" ScaleToFit="True">
  <PictureBoxSize Width="971" Height="971" />
  <BackgroundGradientColors>
    <BoundaryColor Color="-12370833" />
    <CenterColor Color="-11124277" />
  </BackgroundGradientColors>
  <BackgroundImageFileName>C:\WhorlFilesDev\Textures\DeepSea.png</BackgroundImageFileName>
  <DefaultPatternGroup>
    <Pattern RotationSteps="5000" MergeOperation="Sum" DrawCurve="False" RenderMode="Paint" StainBlendType="Add" StainWidth="10" SharedPatternID="1590" ZoomFactor="1" LoopFactor="0" ShrinkPattern="False" ShrinkPatternLayers="False" ShrinkClipCenterFactor="0" ShrinkPadding="2" ShrinkClipFactor="4" IsBackgroundPattern="False" AllowRandom="True" InfluenceScaleFactor="0.094690688363954" UseLinearGradient="False" GradientPadding="15" GradientRotation="0" RandomSeed="108617008" XmlPatternID="1534">
      <TextureFillInfo TextureScale="1">
        <TextureImageFileName>C:\WhorlFilesDev\Textures\Gold.jpg</TextureImageFileName>
        <TextureOffset X="0" Y="0" />
      </TextureFillInfo>
      <PatternLayerList />
      <Center X="483" Y="684" />
      <ZVector Re="-385.713900000059" Im="277.614458101059" />
      <PreviewZFactor Re="-0.864366887788867" Im="0.502861694001629" />
      <BasicOutline BasicOutlineType="Round" IntPetals="6" Frequency="3" UsedFrequency="3" Phase="0" AngleOffset="0" Enabled="True" AmplitudeFactor="1" AddDenom="10000" Pointiness="0.0001" />
      <BasicOutline BasicOutlineType="Pointed5" IntPetals="6" Frequency="3" UsedFrequency="3" Phase="90.0000000000002" AngleOffset="1.5707963267949" Enabled="True" AmplitudeFactor="0.5" AddDenom="0.333333333333333" Pointiness="3" />
      <PatternTransform TransformName="SwirlWave" SequenceNumber="0" Enabled="True">
        <TransformSettings IsValid="True" IsCSharpFormula="False" FormulaName="SwirlWave">
          <Formula>parameters  {
   @strength default = 1;
   @waves default = 1;
   @power default = 2;
   @phase default = 0;
}
angle = angle + @strength * sin(@waves * angle + pi * @phase / 180) * amplitude ^ @power;</Formula>
          <Parameters>
            <Parameter Name="strength" TypeName="Parameter" Value="0.53" Guid="1cbf4ba9-b4f0-4a02-bd5a-f379c40be6f5" />
            <Parameter Name="waves" TypeName="Parameter" Value="3" Guid="2256bff5-776b-48e7-bb4a-1375778424b3" />
            <Parameter Name="power" TypeName="Parameter" Value="4" Guid="b0fd7170-0afb-4b8c-87f7-253fe854861f" />
            <Parameter Name="phase" TypeName="Parameter" Value="0" Guid="0a35fa6a-5e9c-4dc4-a4bb-6ba69bf4c368" />
          </Parameters>
        </TransformSettings>
      </PatternTransform>
      <PatternTransform TransformName="AngularCompress" SequenceNumber="1" Enabled="True">
        <TransformSettings IsValid="True" IsCSharpFormula="False" FormulaName="AngularCompress">
          <Formula>parameters 
{ 
@strength min = 0 max = 10 default = 5; 
@ampStrength;
@ampPower default = 1;
}
angle = angle * 0.1 * (10 - @strength - @ampStrength * amplitude ^ @ampPower);</Formula>
          <Parameters>
            <Parameter Name="strength" TypeName="Parameter" Value="3" Guid="ab1eab5f-3876-4a82-9e23-551596f77799" />
            <Parameter Name="ampStrength" TypeName="Parameter" Value="0" Guid="307d9b93-1e2a-4c61-b37c-a71260f38963" />
            <Parameter Name="ampPower" TypeName="Parameter" Value="1" Guid="94348318-4846-43d2-88ba-a0dbc08125c3" />
          </Parameters>
        </TransformSettings>
      </PatternTransform>
    </Pattern>
  </DefaultPatternGroup>
  <DesignPatterns>
    <Pattern RotationSteps="5000" MergeOperation="Sum" DrawCurve="False" RenderMode="Paint" StainBlendType="Add" StainWidth="10" SharedPatternID="1536" ZoomFactor="1" LoopFactor="0" ShrinkPattern="False" ShrinkPatternLayers="False" ShrinkClipCenterFactor="0" ShrinkPadding="2" ShrinkClipFactor="4" IsBackgroundPattern="False" AllowRandom="True" InfluenceScaleFactor="0.0951206283798627" UseLinearGradient="True" GradientPadding="15" GradientRotation="1.570796" RandomSeed="108617008" XmlPatternID="1610">
      <PathFillInfo ColorMode="Radial">
        <BoundaryColor Color="-65536" />
        <CenterColor Color="-256" />
        <ColorInfo TranslucentWaves="False" TranslucentCycles="10" TranslucentStrength="1" RandomWaves="False" RandomWavesSeed="1279193531" Colors="-65408,-3538843,-256,-65408" Positions="0,0.1601124,0.8103933,1" />
      </PathFillInfo>
      <PatternLayerList />
      <Center X="483" Y="608" />
      <ZVector Re="-457.934507346859" Im="118.760207902267" />
      <PreviewZFactor Re="-0.312938869899287" Im="-0.949773269631314" />
      <BasicOutline BasicOutlineType="Round" IntPetals="8" Frequency="4" UsedFrequency="4" Phase="0" AngleOffset="0" Enabled="True" AmplitudeFactor="1" AddDenom="10000" Pointiness="0.0001" />
      <BasicOutline BasicOutlineType="Pointed5" IntPetals="8" Frequency="4" UsedFrequency="4" Phase="90" AngleOffset="1.5707963267949" Enabled="True" AmplitudeFactor="0.5" AddDenom="0.333333333333333" Pointiness="3" />
      <PatternTransform TransformName="SwirlWave" SequenceNumber="0" Enabled="True">
        <TransformSettings IsValid="True" IsCSharpFormula="False" FormulaName="SwirlWave">
          <Formula>parameters  {
   @strength default = 1;
   @waves default = 1;
   @power default = 2;
   @phase default = 0;
}
angle = angle + @strength * sin(@waves * angle + pi * @phase / 180) * amplitude ^ @power;</Formula>
          <Parameters>
            <Parameter Name="strength" TypeName="Parameter" Value="0.4" Guid="8295a2ff-3b49-4203-b3fd-cff0b704a342" />
            <Parameter Name="waves" TypeName="Parameter" Value="2" Guid="0051c7af-4d14-4822-8781-6f24abb31cd9" />
            <Parameter Name="power" TypeName="Parameter" Value="4" Guid="58ea42a9-c9fd-4575-bcbe-d1057cc0acea" />
            <Parameter Name="phase" TypeName="Parameter" Value="0" Guid="742f491b-75d1-4f5d-b919-e797bb45cfb1" />
          </Parameters>
        </TransformSettings>
        <InfluenceLinkParentCollection>
          <ParameterInfluenceLinkParent ParameterName="strength" />
          <ParameterInfluenceLinkParent ParameterName="waves">
            <InfluenceLink InfluencePointId="1" LinkFactor="-1" Multiply="True" />
            <InfluenceLink InfluencePointId="2" LinkFactor="-1" Multiply="True" />
          </ParameterInfluenceLinkParent>
        </InfluenceLinkParentCollection>
      </PatternTransform>
      <PatternTransform TransformName="AngularCompress" SequenceNumber="1" Enabled="True">
        <TransformSettings IsValid="True" IsCSharpFormula="False" FormulaName="AngularCompress">
          <Formula>parameters 
{ 
@strength min = 0 max = 10 default = 5; 
@ampStrength;
@ampPower default = 1;
}
angle = angle * 0.1 * (10 - @strength - @ampStrength * amplitude ^ @ampPower);</Formula>
          <Parameters>
            <Parameter Name="strength" TypeName="Parameter" Value="4" Guid="01b89646-5d8e-4e07-a55d-ed397de6f6ce" />
            <Parameter Name="ampStrength" TypeName="Parameter" Value="0" Guid="82d1b0a8-8145-4291-b7de-433a56308ed0" />
            <Parameter Name="ampPower" TypeName="Parameter" Value="1" Guid="4ec9583f-2b1e-4d88-9ebf-e6c028be764d" />
          </Parameters>
        </TransformSettings>
        <InfluenceLinkParentCollection>
          <ParameterInfluenceLinkParent ParameterName="strength" />
          <ParameterInfluenceLinkParent ParameterName="ampPower" />
        </InfluenceLinkParentCollection>
      </PatternTransform>
      <InfluencePointInfoList>
        <InfluencePointInfo InfluencePointX="189.236344199126" InfluencePointY="-72.5146109310098" Id="1" InfluenceFactor="1.5" DivFactor="0.005" Offset="1" Power="3" TransformFunctionName="XtoInvX" Enabled="True" />
        <InfluencePointInfo InfluencePointX="-168.672011604088" InfluencePointY="189.502539727052" Id="2" InfluenceFactor="3" DivFactor="0.01" Offset="2" Power="2" TransformFunctionName="Cos" Enabled="True" />
      </InfluencePointInfoList>
    </Pattern>
  </DesignPatterns>
</Design>