<Design XmlVersion="1.1" PictureWidth="967" PictureHeight="967" BackgroundImageMode="Tile" ScaleToFit="True">
  <PictureBoxSize Width="971" Height="971" />
  <BackgroundGradientColors>
    <BoundaryColor Color="-13092769" />
    <CenterColor Color="-13092769" />
  </BackgroundGradientColors>
  <DefaultPatternGroup>
    <Pattern RotationSteps="5000" MergeOperation="Sum" DrawCurve="False" RenderMode="Paint" StainBlendType="Add" StainWidth="10" SharedPatternID="1686" ZoomFactor="1" LoopFactor="0" ShrinkPattern="False" ShrinkPatternLayers="False" ShrinkClipCenterFactor="0" ShrinkPadding="4" ShrinkClipFactor="4" IsBackgroundPattern="False" AllowRandom="True" InfluenceScaleFactor="1" UseLinearGradient="False" GradientPadding="15" GradientRotation="0" RandomSeed="1282885187" XmlPatternID="1534">
      <PathFillInfo ColorMode="Normal">
        <BoundaryColor Color="1283490047" />
        <CenterColor Color="2139128063" />
      </PathFillInfo>
      <PatternLayerList />
      <Center X="0" Y="0" />
      <ZVector Re="0" Im="0" />
      <PreviewZFactor Re="0.707217937573884" Im="0.706995607322805" />
      <BasicOutline BasicOutlineType="Rectangle" IntPetals="2" Frequency="1" UsedFrequency="1" Phase="0" AngleOffset="0" Enabled="True" AmplitudeFactor="1" AddDenom="1" Pointiness="1" />
    </Pattern>
  </DefaultPatternGroup>
  <DesignPatterns>
    <Pattern RotationSteps="5000" MergeOperation="Sum" DrawCurve="False" RenderMode="Paint" StainBlendType="Add" StainWidth="10" SharedPatternID="1544" ZoomFactor="1" LoopFactor="0" ShrinkPattern="False" ShrinkPatternLayers="False" ShrinkClipCenterFactor="0" ShrinkPadding="2" ShrinkClipFactor="4" IsBackgroundPattern="False" AllowRandom="True" InfluenceScaleFactor="0.102453875149777" UseLinearGradient="False" GradientPadding="15" GradientRotation="0" RandomSeed="108617078" XmlPatternID="1580">
      <PathFillInfo ColorMode="Radial">
        <BoundaryColor Color="-128" />
        <CenterColor Color="-8355585" />
        <ColorInfo TranslucentWaves="False" TranslucentCycles="10" TranslucentStrength="1" RandomWaves="False" RandomWavesSeed="1275710171" Colors="-23198,-256,-16777088,-4784037,-1683055,-14311712,-13702736,-10335765,-16777216" Positions="0,0.03370786,0.04494382,0.07303371,0.3820225,0.4255618,0.8455056,0.8707865,1" />
      </PathFillInfo>
      <PatternLayerList />
      <Center X="483" Y="483" />
      <ZVector Re="419.900459796013" Im="128.839449948751" />
      <PreviewZFactor Re="0.652916409883864" Im="-0.757429971485395" />
      <BasicOutline BasicOutlineType="Round" IntPetals="3" Frequency="1.5" UsedFrequency="1.5" Phase="0" AngleOffset="0" Enabled="True" AmplitudeFactor="1" AddDenom="0.5" Pointiness="2" />
      <BasicOutline BasicOutlineType="Pointed" IntPetals="3" Frequency="1.5" UsedFrequency="1.5" Phase="106.2" AngleOffset="1.85353966561798" Enabled="True" AmplitudeFactor="0.7764" AddDenom="0.304878048780488" Pointiness="3.28" />
      <BasicOutline BasicOutlineType="Round" IntPetals="60" Frequency="30" UsedFrequency="30" Phase="0" AngleOffset="0" Enabled="True" AmplitudeFactor="0.05" AddDenom="10000" Pointiness="0.0001" />
      <PatternTransform TransformName="InfluenceFactors" SequenceNumber="0" Enabled="True">
        <TransformSettings IsValid="True" IsCSharpFormula="False" FormulaName="InfluenceFactors">
          <Formula>parameters  {
   @modulusFac default = 1;
   @angleFac default = 1;
}
angle = angle * @angleFac;
amplitude = amplitude * @modulusFac;</Formula>
          <Parameters>
            <Parameter Name="modulusFac" TypeName="Parameter" Value="1" Guid="b362dd11-31bf-46ea-ab34-d5ed80901924" />
            <Parameter Name="angleFac" TypeName="Parameter" Value="1" Guid="cb3e71a3-2d6c-455f-a132-f14e73ea1cf0" />
          </Parameters>
        </TransformSettings>
        <InfluenceLinkParentCollection>
          <ParameterInfluenceLinkParent ParameterName="modulusFac">
            <InfluenceLink InfluencePointId="1" LinkFactor="0.5" Multiply="False" />
            <InfluenceLink InfluencePointId="2" LinkFactor="0.6" Multiply="False" />
            <InfluenceLink InfluencePointId="3" LinkFactor="1" Multiply="True" />
          </ParameterInfluenceLinkParent>
          <ParameterInfluenceLinkParent ParameterName="angleFac" />
        </InfluenceLinkParentCollection>
      </PatternTransform>
      <InfluencePointInfoList>
        <InfluencePointInfo InfluencePointX="162" InfluencePointY="-91" Id="1" InfluenceFactor="3" DivFactor="0.005" Offset="1" Power="1" TransformFunctionName="Exp" Enabled="True" />
        <InfluencePointInfo InfluencePointX="-121" InfluencePointY="-83" Id="2" InfluenceFactor="3" DivFactor="0.005" Offset="1" Power="1" TransformFunctionName="Exp" Enabled="True" />
        <InfluencePointInfo InfluencePointX="7" InfluencePointY="169" Id="3" InfluenceFactor="3" DivFactor="0.005" Offset="1" Power="1" TransformFunctionName="Exp" Enabled="True" />
      </InfluencePointInfoList>
    </Pattern>
  </DesignPatterns>
</Design>