<Design XmlVersion="1.1" PictureWidth="967" PictureHeight="967" BackgroundImageMode="Tile" ScaleToFit="True">
  <PictureBoxSize Width="971" Height="971" />
  <BackgroundGradientColors>
    <BoundaryColor Color="-16777152" />
    <CenterColor Color="-16777152" />
  </BackgroundGradientColors>
  <DefaultPatternGroup>
    <Pattern RotationSteps="5000" MergeOperation="Sum" DrawCurve="False" RenderMode="Paint" StainBlendType="Add" StainWidth="10" SharedPatternID="1686" ZoomFactor="1" LoopFactor="0" ShrinkPattern="False" ShrinkPatternLayers="False" ShrinkClipCenterFactor="0" ShrinkPadding="4" ShrinkClipFactor="4" IsBackgroundPattern="False" AllowRandom="True" InfluenceScaleFactor="1" UseLinearGradient="False" GradientPadding="15" GradientRotation="0" RandomSeed="1282885187" XmlPatternID="1534">
      <PathFillInfo ColorMode="Normal">
        <BoundaryColor Color="1283490047" />
        <CenterColor Color="2139128063" />
      </PathFillInfo>
      <PatternLayerList />
      <Center X="0" Y="0" />
      <ZVector Re="0" Im="0" />
      <PreviewZFactor Re="0.707217937573884" Im="0.706995607322805" />
      <BasicOutline BasicOutlineType="Rectangle" IntPetals="2" Frequency="1" UsedFrequency="1" Phase="0" AngleOffset="0" Enabled="True" AmplitudeFactor="1" AddDenom="1" Pointiness="1" />
    </Pattern>
  </DefaultPatternGroup>
  <DesignPatterns>
    <Pattern RotationSteps="5000" MergeOperation="Sum" DrawCurve="False" RenderMode="Paint" StainBlendType="Add" StainWidth="10" SharedPatternID="1686" ZoomFactor="1" LoopFactor="0" ShrinkPattern="False" ShrinkPatternLayers="False" ShrinkClipCenterFactor="0" ShrinkPadding="2" ShrinkClipFactor="4" IsBackgroundPattern="False" AllowRandom="True" InfluenceScaleFactor="0.0960955108808682" UseLinearGradient="False" GradientPadding="15" GradientRotation="0" RandomSeed="108617158" XmlPatternID="1536">
      <PathFillInfo ColorMode="Radial">
        <BoundaryColor Color="-173" />
        <CenterColor Color="-7374134" />
        <ColorInfo TranslucentWaves="False" TranslucentCycles="10" TranslucentStrength="1" RandomWaves="False" RandomWavesSeed="1274096093" Colors="-12545,-8555806,-1526676,-90013" Positions="0,0.369382,0.6573034,1" />
      </PathFillInfo>
      <PatternLayerList />
      <Center X="483" Y="483" />
      <ZVector Re="-152.968592482535" Im="442.595311445921" />
      <PreviewZFactor Re="-0.580306773114312" Im="0.814397967260267" />
      <BasicOutline BasicOutlineType="Round" IntPetals="5" Frequency="2.5" UsedFrequency="2.5" Phase="0" AngleOffset="0" Enabled="True" AmplitudeFactor="1" AddDenom="0.206611570247934" Pointiness="4.84" />
      <BasicOutline BasicOutlineType="Pointed5" IntPetals="5" Frequency="2.5" UsedFrequency="2.5" Phase="-60.0000000000001" AngleOffset="-1.0471975511966" Enabled="True" AmplitudeFactor="0.6667" AddDenom="0.333333333333333" Pointiness="3" />
      <BasicOutline BasicOutlineType="Round" IntPetals="200" Frequency="100" UsedFrequency="100" Phase="90.0000000000002" AngleOffset="1.5707963267949" Enabled="True" AmplitudeFactor="0.01" AddDenom="10000" Pointiness="0.0001" />
      <BasicOutline BasicOutlineType="Pointed5" IntPetals="200" Frequency="100" UsedFrequency="100" Phase="0" AngleOffset="0" Enabled="True" AmplitudeFactor="0.0067" AddDenom="0.5" Pointiness="2" />
      <PatternTransform TransformName="Flare" SequenceNumber="0" Enabled="True">
        <TransformSettings IsValid="True" IsCSharpFormula="False" FormulaName="Flare">
          <Formula>parameters {
    @petals integer  min = 1 default = 4;
    @strength default = 5 min = -50 max = 50;
    @damping min = 0.01 default = 0.2;
    @power integer min = 1 default = 1;
    @phase default = 0;
    }
var phase = pi * @phase / 180;
paramVar freq = 2 * @petals;
angle = angle + 0.015 * @strength * sin(freq * angle + phase) / (@damping + amplitude  ^ @power);</Formula>
          <Parameters>
            <Parameter Name="petals" TypeName="Parameter" Value="5" Guid="13576515-fdd7-4095-be44-33da5d54384b" />
            <Parameter Name="strength" TypeName="Parameter" Value="4" Guid="ca77e3af-7569-4d0c-a32f-998c569d85c6" />
            <Parameter Name="damping" TypeName="Parameter" Value="0.1" Guid="6555af04-2689-49a0-b68a-98470c9fd73e" />
            <Parameter Name="power" TypeName="Parameter" Value="1" Guid="b486ad08-f4d0-4344-ade9-8a5d950ac689" />
            <Parameter Name="phase" TypeName="Parameter" Value="30" Guid="ecfd29e2-10e3-4f0f-9cfc-305feaec7ccc" />
          </Parameters>
        </TransformSettings>
        <InfluenceLinkParentCollection>
          <ParameterInfluenceLinkParent ParameterName="strength">
            <InfluenceLink InfluencePointId="1" LinkFactor="5" Multiply="False" />
            <InfluenceLink InfluencePointId="2" LinkFactor="5" Multiply="False" />
            <InfluenceLink InfluencePointId="3" LinkFactor="5" Multiply="False" />
          </ParameterInfluenceLinkParent>
        </InfluenceLinkParentCollection>
      </PatternTransform>
      <InfluencePointInfoList>
        <InfluencePointInfo InfluencePointX="74" InfluencePointY="-261" Id="1" InfluenceFactor="2" DivFactor="0.005" Offset="1" Power="2" TransformFunctionName="Ident" Enabled="True" />
        <InfluencePointInfo InfluencePointX="247" InfluencePointY="-7" Id="2" InfluenceFactor="2" DivFactor="0.00333333333333333" Offset="1" Power="2" TransformFunctionName="Ident" Enabled="True" />
        <InfluencePointInfo InfluencePointX="-161" InfluencePointY="184" Id="3" InfluenceFactor="2" DivFactor="0.005" Offset="1" Power="2" TransformFunctionName="Ident" Enabled="True" />
      </InfluencePointInfoList>
    </Pattern>
  </DesignPatterns>
</Design>