<Design XmlVersion="1.1" PictureWidth="967" PictureHeight="967" BackgroundImageMode="Tile" ScaleToFit="False">
  <PictureBoxSize Width="971" Height="971" />
  <BackgroundGradientColors>
    <BoundaryColor Color="-16756116" />
    <CenterColor Color="-16735134" />
  </BackgroundGradientColors>
  <DefaultPatternGroup PatternListName="Default">
    <Pattern RotationSteps="5000" MergeOperation="Sum" DrawCurve="False" RenderMode="Paint" StainBlendType="Add" StainWidth="10" SharedPatternID="1537" ZoomFactor="1" LoopFactor="0" ShrinkPattern="False" ShrinkPatternLayers="False" ShrinkClipCenterFactor="0" ShrinkPadding="2" ShrinkClipFactor="4" IsBackgroundPattern="False" AllowRandom="True" InfluenceScaleFactor="0.999999999999995" UseLinearGradient="False" GradientPadding="15" GradientRotation="0" RandomSeed="108617008" XmlPatternID="1534">
      <PathFillInfo ColorMode="Normal">
        <BoundaryColor Color="-1291008" />
        <CenterColor Color="-77539" />
      </PathFillInfo>
      <PatternLayerList />
      <Center X="50" Y="50" />
      <ZVector Re="31.8248071908248" Im="31.8148023295262" />
      <PreviewZFactor Re="0.707217937573884" Im="0.706995607322805" />
      <BasicOutline BasicOutlineType="Round" IntPetals="4" Frequency="2" UsedFrequency="2" Phase="0" AngleOffset="0" Enabled="True" AmplitudeFactor="0.5" AddDenom="0.5" Pointiness="2" />
      <BasicOutline BasicOutlineType="Pointed5" IntPetals="4" Frequency="2" UsedFrequency="2" Phase="90.0000000000002" AngleOffset="1.5707963267949" Enabled="True" AmplitudeFactor="1" AddDenom="0.25" Pointiness="4" />
    </Pattern>
  </DefaultPatternGroup>
  <DesignPatterns>
    <Pattern RotationSteps="5000" MergeOperation="Sum" DrawCurve="False" RenderMode="Paint" StainBlendType="Add" StainWidth="10" SharedPatternID="1544" ZoomFactor="1" LoopFactor="0" ShrinkPattern="False" ShrinkPatternLayers="False" ShrinkClipCenterFactor="0" ShrinkPadding="2" ShrinkClipFactor="4" IsBackgroundPattern="False" AllowRandom="True" InfluenceScaleFactor="0.09599247789752" UseLinearGradient="False" GradientPadding="15" GradientRotation="0" RandomSeed="108617228" XmlPatternID="1536">
      <PathFillInfo ColorMode="Radial">
        <BoundaryColor Color="-1" />
        <CenterColor Color="-14721119" />
        <ColorInfo TranslucentWaves="False" TranslucentCycles="10" TranslucentStrength="1" RandomWaves="False" RandomWavesSeed="196493781" Colors="-1787393,-8633189,-14503788,-8355585,-8320,-14936,-5592321,-9988610,-11461787,-1345816,-14868637" Positions="0,0.05898876,0.08426967,0.136236,0.1502809,0.4761236,0.6123595,0.744382,0.7935393,0.886236,1" />
      </PathFillInfo>
      <PatternLayerList />
      <Center X="468" Y="470" />
      <ZVector Re="-230.635005486736" Im="-408.128036581822" />
      <PreviewZFactor Re="0.34105188977878" Im="-0.940044471542875" />
      <BasicOutline BasicOutlineType="Pointed5" IntPetals="5" Frequency="2.5" UsedFrequency="2.5" Phase="0" AngleOffset="0" Enabled="True" AmplitudeFactor="1" AddDenom="10" Pointiness="0.1" />
      <BasicOutline BasicOutlineType="Pointed3" IntPetals="5" Frequency="2.5" UsedFrequency="2.5" Phase="0" AngleOffset="0" Enabled="True" AmplitudeFactor="0.4" AddDenom="0.111111111111111" Pointiness="9.00000000000001" />
      <PatternTransform TransformName="Flare3" SequenceNumber="0" Enabled="True">
        <TransformSettings IsValid="True" IsCSharpFormula="False" FormulaName="Flare3">
          <Formula>parameters {
    @petals default = 4 min = 1;
    @ampFac1 default = 0.5 min =0;
    @ampFac2 default = 0.7 min = 0.01;
    @ampFac3 default = 0.5 min = 0.01;
    @offset default = -0.5;
    @phase default = 0;
    @damping default = 1;
    }
var intPetals = round(@petals);
var a = intPetals * angle + pi * @phase / 180;
amplitude = (1 + @ampFac1 * (@damping + cos(a)) / @damping) * amplitude;
angle = angle + @ampFac2 * sin(a) * sin(@ampFac3 * pi * (@offset - amplitude));
</Formula>
          <Parameters>
            <Parameter Name="petals" TypeName="Parameter" Value="5" Guid="e0f9be7f-fc95-4a28-aa5d-fb2fd93ae9e2" />
            <Parameter Name="ampFac1" TypeName="Parameter" Value="0.6" Guid="b5d64440-bb4e-4072-9e0d-a7b0067f5fb0" />
            <Parameter Name="ampFac2" TypeName="Parameter" Value="0.7" Guid="f6e27b51-d0d8-4ec0-b769-25c04a4edaf9" />
            <Parameter Name="ampFac3" TypeName="Parameter" Value="0.5" Guid="3e6e583f-5b5c-4d37-8929-42e4013791c6" />
            <Parameter Name="offset" TypeName="Parameter" Value="-0.7" Guid="be2eeee4-2fbf-4c3f-96cc-4c9beacefffc" />
            <Parameter Name="phase" TypeName="Parameter" Value="-3" Guid="55d2d885-d6f8-46af-aeda-3e1ef75914d9" />
            <Parameter Name="damping" TypeName="Parameter" Value="1" Guid="5d7fc187-1f94-4fcc-be00-e94978b68387" />
          </Parameters>
        </TransformSettings>
        <InfluenceLinkParentCollection>
          <ParameterInfluenceLinkParent ParameterName="offset" />
          <ParameterInfluenceLinkParent ParameterName="phase">
            <InfluenceLink InfluencePointId="2" LinkFactor="30" Multiply="False" />
            <InfluenceLink InfluencePointId="1" LinkFactor="40" Multiply="False" />
            <InfluenceLink InfluencePointId="3" LinkFactor="35" Multiply="False" />
          </ParameterInfluenceLinkParent>
        </InfluenceLinkParentCollection>
      </PatternTransform>
      <InfluencePointInfoList>
        <InfluencePointInfo InfluencePointX="-183.675974043864" InfluencePointY="-322.514481250232" Id="1" InfluenceFactor="1" DivFactor="0.01" Offset="1" Power="0.5" TransformFunctionName="Tanh" Enabled="True" />
        <InfluencePointInfo InfluencePointX="-279.943422095613" InfluencePointY="116.092716847358" Id="2" InfluenceFactor="-0.8" DivFactor="0.01" Offset="1" Power="0.5" TransformFunctionName="Tanh" Enabled="True" />
        <InfluencePointInfo InfluencePointX="259.226468926659" InfluencePointY="119.482627441879" Id="3" InfluenceFactor="-0.6" DivFactor="0.01" Offset="1" Power="0.5" TransformFunctionName="Tanh" Enabled="True" />
      </InfluencePointInfoList>
    </Pattern>
  </DesignPatterns>
</Design>