<Design XmlVersion="1.1" PictureWidth="967" PictureHeight="967" BackgroundImageMode="Tile" ScaleToFit="False">
  <PictureBoxSize Width="971" Height="971" />
  <BackgroundGradientColors>
    <BoundaryColor Color="-16676516" />
    <CenterColor Color="-16676516" />
  </BackgroundGradientColors>
  <DefaultPatternGroup PatternListName="Default">
    <Pattern RotationSteps="5000" MergeOperation="Sum" DrawCurve="False" RenderMode="Paint" StainBlendType="Add" StainWidth="10" SharedPatternID="1537" ZoomFactor="1" LoopFactor="0" ShrinkPattern="False" ShrinkPatternLayers="False" ShrinkClipCenterFactor="0" ShrinkPadding="2" ShrinkClipFactor="4" IsBackgroundPattern="False" AllowRandom="True" InfluenceScaleFactor="0.999999999999995" UseLinearGradient="False" GradientPadding="15" GradientRotation="0" RandomSeed="108617008" XmlPatternID="1537">
      <PathFillInfo ColorMode="Normal">
        <BoundaryColor Color="-1291008" />
        <CenterColor Color="-77539" />
      </PathFillInfo>
      <PatternLayerList />
      <Center X="50" Y="50" />
      <ZVector Re="31.8248071908248" Im="31.8148023295262" />
      <PreviewZFactor Re="0.707217937573884" Im="0.706995607322805" />
      <BasicOutline BasicOutlineType="Round" IntPetals="4" Frequency="2" UsedFrequency="2" Phase="0" AngleOffset="0" Enabled="True" AmplitudeFactor="0.5" AddDenom="0.5" Pointiness="2" />
      <BasicOutline BasicOutlineType="Pointed5" IntPetals="4" Frequency="2" UsedFrequency="2" Phase="90.0000000000002" AngleOffset="1.5707963267949" Enabled="True" AmplitudeFactor="1" AddDenom="0.25" Pointiness="4" />
    </Pattern>
  </DefaultPatternGroup>
  <DesignPatterns>
    <Pattern RotationSteps="5000" MergeOperation="Sum" DrawCurve="False" RenderMode="Paint" StainBlendType="Add" StainWidth="10" SharedPatternID="1538" ZoomFactor="1" LoopFactor="0" ShrinkPattern="False" ShrinkPatternLayers="False" ShrinkClipCenterFactor="0" ShrinkPadding="2" ShrinkClipFactor="4" IsBackgroundPattern="False" AllowRandom="True" InfluenceScaleFactor="0.0753130955536599" UseLinearGradient="False" GradientPadding="15" GradientRotation="0" RandomSeed="108617008" XmlPatternID="1621">
      <TextureFillInfo TextureScale="1">
        <TextureImageFileName>C:\WhorlFilesDev\Textures\Charoite.png</TextureImageFileName>
        <TextureOffset X="0" Y="0" />
      </TextureFillInfo>
      <PatternLayerList />
      <Center X="466" Y="473" />
      <ZVector Re="-53.9607685077409" Im="595.064059965021" />
      <PreviewZFactor Re="-0.766904149681011" Im="0.641761657628474" />
      <BasicOutline BasicOutlineType="Round" IntPetals="8" Frequency="4" UsedFrequency="4" Phase="0" AngleOffset="0" Enabled="True" AmplitudeFactor="0.5" AddDenom="0.5" Pointiness="2" />
      <BasicOutline BasicOutlineType="Pointed5" IntPetals="8" Frequency="4" UsedFrequency="4" Phase="90" AngleOffset="1.5707963267949" Enabled="True" AmplitudeFactor="1" AddDenom="0.25" Pointiness="4" />
      <PatternTransform TransformName="Modulate" SequenceNumber="0" Enabled="True">
        <TransformSettings IsValid="True" IsCSharpFormula="False" FormulaName="Modulate">
          <Formula>parameters  {
    @petals default = 4 min = 1;
    @damping default = 1;
    @phase default = 0;
    @modFn varfunction default = ident;
}
paramvar phase = pi * @phase / 180;
amplitude = amplitude * (@damping + @modFn(sin(@petals * angle + phase))) / (@damping + 1);</Formula>
          <Parameters>
            <Parameter Name="petals" TypeName="Parameter" Value="4" Guid="aa178ffb-776a-43ed-9ef5-623cdd9efd58" />
            <Parameter Name="damping" TypeName="Parameter" Value="3" Guid="9de2fb09-5e6e-4bd5-92b9-4d943cf648e3" />
            <Parameter Name="phase" TypeName="Parameter" Value="0" Guid="722fdd5d-754a-48d6-8633-c33001d70734" />
            <Parameter Name="modFn" TypeName="VarFunctionParameter" Value="Ident" />
          </Parameters>
        </TransformSettings>
      </PatternTransform>
      <PatternTransform TransformName="Flare" SequenceNumber="1" Enabled="True">
        <TransformSettings IsValid="True" IsCSharpFormula="False" FormulaName="Flare">
          <Formula>parameters {
    @petals integer  min = 1 default = 4;
    @strength default = 5 min = -50 max = 50;
    @damping min = 0.01 default = 0.2;
    @power integer min = 1 default = 1;
    @phase default = 0;
    }
paramVar phase = pi * @phase / 180;
paramVar strength = 0.015 * @strength;
paramVar freq = 2 * @petals;
angle = angle + strength * sin(freq * angle + phase) / (@damping + amplitude  ^ @power);</Formula>
          <Parameters>
            <Parameter Name="petals" TypeName="Parameter" Value="8" Guid="85e790fd-83fd-4800-9448-0cc4ec862b97" />
            <Parameter Name="strength" TypeName="Parameter" Value="6" Guid="8603f0f9-7a66-446c-bb43-cbb513228dc6" />
            <Parameter Name="damping" TypeName="Parameter" Value="1" Guid="19688d5b-300f-447a-bf94-f839c8f2271a" />
            <Parameter Name="power" TypeName="Parameter" Value="2" Guid="5613d046-ff0c-4768-85a5-d05b4b540443" />
            <Parameter Name="phase" TypeName="Parameter" Value="0" Guid="d0c31c70-c715-435e-a9cb-2323d7cc489e" />
          </Parameters>
        </TransformSettings>
      </PatternTransform>
      <PatternTransform TransformName="SineLogSwirl" SequenceNumber="2" Enabled="True">
        <TransformSettings IsValid="True" IsCSharpFormula="False" FormulaName="SineLogSwirl">
          <Formula>parameters  {
   @strength default = 0.7;
   @power integer default = 2;
   @offset default = 0.1 min = 0.01;
   @waves default = 6;
}
angle = angle - @strength * sin(log(@offset + @waves * amplitude)) ^ @power;</Formula>
          <Parameters>
            <Parameter Name="strength" TypeName="Parameter" Value="-0.4" Guid="190673dc-ebd8-4080-a3fc-550577af8273" />
            <Parameter Name="power" TypeName="Parameter" Value="2" Guid="cba25d51-597d-4ad1-8916-e9345f8165c1" />
            <Parameter Name="offset" TypeName="Parameter" Value="0.1" Guid="46290345-1d1a-4f4e-b12d-3fe46e0c5a3a" />
            <Parameter Name="waves" TypeName="Parameter" Value="8" Guid="1c6f3f0e-1144-4726-9f68-3f362cd7404c" />
          </Parameters>
        </TransformSettings>
        <InfluenceLinkParentCollection>
          <ParameterInfluenceLinkParent ParameterName="strength">
            <InfluenceLink InfluencePointId="1" LinkFactor="-0.5" Multiply="False" />
            <InfluenceLink InfluencePointId="3" LinkFactor="-0.5" Multiply="True" />
            <InfluenceLink InfluencePointId="2" LinkFactor="-0.6" Multiply="False" />
          </ParameterInfluenceLinkParent>
          <ParameterInfluenceLinkParent ParameterName="offset" />
          <ParameterInfluenceLinkParent ParameterName="power" />
          <ParameterInfluenceLinkParent ParameterName="waves" />
        </InfluenceLinkParentCollection>
      </PatternTransform>
      <InfluencePointInfoList>
        <InfluencePointInfo InfluencePointX="250" InfluencePointY="-305" Id="1" InfluenceFactor="0.2" DivFactor="0.01" Offset="1" Power="1" TransformFunctionName="Ident" Enabled="True" />
        <InfluencePointInfo InfluencePointX="-164" InfluencePointY="-187" Id="2" InfluenceFactor="0.2" DivFactor="0.01" Offset="1" Power="1" TransformFunctionName="Ident" Enabled="True" />
        <InfluencePointInfo InfluencePointX="-165" InfluencePointY="295" Id="3" InfluenceFactor="1" DivFactor="0.01" Offset="1" Power="0.5" TransformFunctionName="Ident" Enabled="True" />
      </InfluencePointInfoList>
    </Pattern>
  </DesignPatterns>
</Design>