<Design XmlVersion="1.1" PictureWidth="967" PictureHeight="967" BackgroundImageMode="StretchTile" ScaleToFit="False">
  <PictureBoxSize Width="971" Height="971" />
  <BackgroundGradientColors>
    <BoundaryColor Color="-16777216" />
    <CenterColor Color="-13950343" />
  </BackgroundGradientColors>
  <DefaultPatternGroup>
    <Pattern RotationSteps="5000" MergeOperation="Sum" DrawCurve="False" RenderMode="Paint" StainBlendType="Add" StainWidth="10" SharedPatternID="1686" ZoomFactor="1" LoopFactor="0" ShrinkPattern="False" ShrinkPatternLayers="False" ShrinkClipCenterFactor="0" ShrinkPadding="4" ShrinkClipFactor="4" IsBackgroundPattern="False" AllowRandom="True" InfluenceScaleFactor="1" UseLinearGradient="False" GradientPadding="15" GradientRotation="0" RandomSeed="1282885187" XmlPatternID="1687">
      <PathFillInfo ColorMode="Normal">
        <BoundaryColor Color="1283490047" />
        <CenterColor Color="2139128063" />
      </PathFillInfo>
      <PatternLayerList />
      <Center X="0" Y="0" />
      <ZVector Re="0" Im="0" />
      <PreviewZFactor Re="0.707217937573884" Im="0.706995607322805" />
      <BasicOutline BasicOutlineType="Rectangle" IntPetals="2" Frequency="1" UsedFrequency="1" Phase="0" AngleOffset="0" Enabled="True" AmplitudeFactor="1" AddDenom="1" Pointiness="1" />
    </Pattern>
  </DefaultPatternGroup>
  <DesignPatterns>
    <Pattern RotationSteps="5000" MergeOperation="Sum" DrawCurve="False" RenderMode="Paint" StainBlendType="Add" StainWidth="10" SharedPatternID="1536" ZoomFactor="1" LoopFactor="0" ShrinkPattern="False" ShrinkPatternLayers="False" ShrinkClipCenterFactor="0" ShrinkPadding="2" ShrinkClipFactor="4" IsBackgroundPattern="False" AllowRandom="True" InfluenceScaleFactor="0.100767764630637" UseLinearGradient="False" GradientPadding="15" GradientRotation="0" RandomSeed="108617018" XmlPatternID="1864">
      <PathFillInfo ColorMode="Radial">
        <BoundaryColor Color="-697783" />
        <CenterColor Color="-3222770" />
        <ColorInfo TranslucentWaves="False" TranslucentCycles="10" TranslucentStrength="1" RandomWaves="False" RandomWavesSeed="1281817078" Colors="-12660,-4217100,-11519789,-8725762,-8355585,-17500" Positions="0,0.08567416,0.3160113,0.5519663,0.7977528,1" />
      </PathFillInfo>
      <PatternLayerList />
      <Center X="483" Y="483" />
      <ZVector Re="230.455006867921" Im="-382.513385137705" />
      <PreviewZFactor Re="-0.215363346127364" Im="0.97653398770592" />
      <BasicOutline BasicOutlineType="Round" IntPetals="18" Frequency="9" UsedFrequency="9" Phase="0" AngleOffset="0" Enabled="True" AmplitudeFactor="1" AddDenom="0.5" Pointiness="2" />
      <BasicOutline BasicOutlineType="Pointed5" IntPetals="18" Frequency="9" UsedFrequency="9" Phase="90" AngleOffset="1.5707963267949" Enabled="True" AmplitudeFactor="1" AddDenom="0.25" Pointiness="4" />
      <PatternTransform TransformName="Flare" SequenceNumber="0" Enabled="True">
        <TransformSettings IsValid="True" IsCSharpFormula="False" FormulaName="Flare">
          <Formula>parameters {
    @petals integer  min = 1 default = 4;
    @strength default = 5 min = -50 max = 50;
    @damping min = 0.01 default = 0.2;
    @power integer min = 1 default = 1;
    @phase default = 0;
    }
paramVar phase = pi * @phase / 180;
paramVar strength = 0.015 * @strength;
paramVar freq = 2 * @petals;
angle = angle + strength * sin(freq * angle + phase) / (@damping + amplitude  ^ @power);</Formula>
          <Parameters>
            <Parameter Name="petals" TypeName="Parameter" Value="18" Guid="98d848e4-c7e1-47d4-b4fb-dee11243d7f9" />
            <Parameter Name="strength" TypeName="Parameter" Value="3" Guid="8217f048-cfaa-4a5c-a151-16dc9418964b" />
            <Parameter Name="damping" TypeName="Parameter" Value="0.5" Guid="29ab793c-4b10-493f-a9b7-de04382dfb0f" />
            <Parameter Name="power" TypeName="Parameter" Value="1" Guid="36c24feb-3e1a-4ad1-ab78-6b2a3820eba0" />
            <Parameter Name="phase" TypeName="Parameter" Value="-30" Guid="fbac03cc-8550-45e7-b8f6-bf0a3f324583" />
          </Parameters>
        </TransformSettings>
      </PatternTransform>
      <PatternTransform TransformName="Swirl" SequenceNumber="1" Enabled="True">
        <TransformSettings IsValid="True" IsCSharpFormula="False" FormulaName="Swirl">
          <Formula>parameters  {
   @strength default = 1;
   @power default = 2;
   @offset min = 0 default = 0;
   @fn1 varfunction default = ident;
}
angle = angle - @strength * @fn1(@offset + amplitude) ^ @power;</Formula>
          <Parameters>
            <Parameter Name="strength" TypeName="Parameter" Value="-0.5" Guid="3d88dc44-3314-4a5f-92fe-6544d1e9b2c8" />
            <Parameter Name="power" TypeName="Parameter" Value="2" Guid="31343f39-527a-46bf-b7b0-f79347d8bc2d" />
            <Parameter Name="offset" TypeName="Parameter" Value="0" Guid="3d83ee78-078c-4596-a777-62f0727a4055" />
            <Parameter Name="fn1" TypeName="VarFunctionParameter" Value="Cos" />
          </Parameters>
        </TransformSettings>
        <InfluenceLinkParentCollection>
          <ParameterInfluenceLinkParent ParameterName="strength">
            <InfluenceLink InfluencePointId="1" LinkFactor="-0.5" Multiply="False" />
            <InfluenceLink InfluencePointId="2" LinkFactor="-0.5" Multiply="True" />
          </ParameterInfluenceLinkParent>
        </InfluenceLinkParentCollection>
      </PatternTransform>
      <InfluencePointInfoList>
        <InfluencePointInfo InfluencePointX="114" InfluencePointY="-401" Id="1" InfluenceFactor="0.75" DivFactor="0.0166666666666667" Offset="1" Power="1" TransformFunctionName="XtoInvX" Enabled="True" />
        <InfluencePointInfo InfluencePointX="11" InfluencePointY="344" Id="2" InfluenceFactor="0.7" DivFactor="0.01" Offset="1" Power="1" TransformFunctionName="XtoInvX" Enabled="True" />
      </InfluencePointInfoList>
    </Pattern>
  </DesignPatterns>
</Design>