<Design XmlVersion="1.1" PictureWidth="967" PictureHeight="967" BackgroundImageMode="Tile" ScaleToFit="False">
  <PictureBoxSize Width="971" Height="971" />
  <BackgroundGradientColors>
    <BoundaryColor Color="-13934744" />
    <CenterColor Color="-12090535" />
  </BackgroundGradientColors>
  <DefaultPatternGroup>
    <Pattern RotationSteps="5000" MergeOperation="Sum" DrawCurve="False" RenderMode="Paint" StainBlendType="Add" StainWidth="10" SharedPatternID="1535" ZoomFactor="1" LoopFactor="0" ShrinkPattern="False" ShrinkPatternLayers="False" ShrinkClipCenterFactor="0" ShrinkPadding="2" ShrinkClipFactor="4" IsBackgroundPattern="False" AllowRandom="True" InfluenceScaleFactor="1" UseLinearGradient="False" GradientPadding="15" GradientRotation="0" RandomSeed="108617018" XmlPatternID="1534">
      <PathFillInfo ColorMode="Normal">
        <BoundaryColor Color="-3616259" />
        <CenterColor Color="-8323073" />
      </PathFillInfo>
      <PatternLayerList />
      <Center X="50" Y="50" />
      <ZVector Re="42.7984190641405" Im="13.9030689277661" />
      <PreviewZFactor Re="0.951075979203122" Im="0.308957087283691" />
      <BasicOutline BasicOutlineType="Round" IntPetals="30" Frequency="15" UsedFrequency="15" Phase="0" AngleOffset="0" Enabled="True" AmplitudeFactor="1" AddDenom="0.5" Pointiness="2" />
      <BasicOutline BasicOutlineType="Pointed" IntPetals="30" Frequency="15" UsedFrequency="15" Phase="90.0000000000002" AngleOffset="1.5707963267949" Enabled="True" AmplitudeFactor="1" AddDenom="0.25" Pointiness="4" />
    </Pattern>
  </DefaultPatternGroup>
  <DesignPatterns>
    <Pattern RotationSteps="5000" MergeOperation="Sum" DrawCurve="False" RenderMode="Paint" StainBlendType="Add" StainWidth="10" SharedPatternID="1536" ZoomFactor="1" LoopFactor="0" ShrinkPattern="False" ShrinkPatternLayers="False" ShrinkClipCenterFactor="0" ShrinkPadding="2" ShrinkClipFactor="4" IsBackgroundPattern="False" AllowRandom="True" InfluenceScaleFactor="0.0957906575239752" UseLinearGradient="False" GradientPadding="15" GradientRotation="0" RandomSeed="108617018" XmlPatternID="1536">
      <PathFillInfo ColorMode="Radial">
        <BoundaryColor Color="-3616259" />
        <CenterColor Color="-8323073" />
        <ColorInfo TranslucentWaves="False" TranslucentCycles="10" TranslucentStrength="1" RandomWaves="False" RandomWavesSeed="1188228390" Colors="-934660,-10467194,-2248967,-7895095" Positions="0,0.1867978,0.247191,1" />
      </PathFillInfo>
      <PatternLayerList />
      <Center X="483" Y="483" />
      <ZVector Re="361.984451172205" Im="299.424877238946" />
      <PreviewZFactor Re="-0.573886176276027" Im="-0.818935074764344" />
      <BasicOutline BasicOutlineType="Round" IntPetals="8" Frequency="4" UsedFrequency="4" Phase="0" AngleOffset="0" Enabled="True" AmplitudeFactor="1" AddDenom="0.5" Pointiness="2" />
      <BasicOutline BasicOutlineType="Pointed5" IntPetals="8" Frequency="4" UsedFrequency="4" Phase="90.0000000000002" AngleOffset="1.5707963267949" Enabled="True" AmplitudeFactor="0.5" AddDenom="0.2" Pointiness="5" />
      <PatternTransform TransformName="SineLogSwirl" SequenceNumber="0" Enabled="True">
        <TransformSettings IsValid="True" IsCSharpFormula="False" FormulaName="SineLogSwirl">
          <Formula>parameters  {
   @petals integer min = 1 default = 4;
   @strength default = 0.7;
   @power integer default = 2;
   @offset default = 0.1 min = 0.01;
   @waves default = 6;
}
angle = angle - @strength * sin(log(@offset + @waves * amplitude)) ^ @power;</Formula>
          <Parameters>
            <Parameter Name="petals" TypeName="Parameter" Value="4" Guid="87831bf8-9feb-46cd-af51-1de49ec461ce" />
            <Parameter Name="strength" TypeName="Parameter" Value="0.6" Guid="e8260029-1097-4d05-8000-b4cb2dc6e382" />
            <Parameter Name="power" TypeName="Parameter" Value="2" Guid="cbd6e638-99de-4412-9d19-25450d68cf68" />
            <Parameter Name="offset" TypeName="Parameter" Value="0.1" Guid="0074750e-3b96-4a54-8a9a-e1cd43376694" />
            <Parameter Name="waves" TypeName="Parameter" Value="6" Guid="248f72f5-fafd-4262-aa81-5d86881f5c65" />
          </Parameters>
        </TransformSettings>
        <InfluenceLinkParentCollection>
          <ParameterInfluenceLinkParent ParameterName="strength">
            <InfluenceLink InfluencePointId="1" LinkFactor="0.5" Multiply="True" />
            <InfluenceLink InfluencePointId="2" LinkFactor="0.3" Multiply="True" />
            <InfluenceLink InfluencePointId="3" LinkFactor="0.5" Multiply="True" />
          </ParameterInfluenceLinkParent>
          <ParameterInfluenceLinkParent ParameterName="waves" />
        </InfluenceLinkParentCollection>
      </PatternTransform>
      <InfluencePointInfoList>
        <InfluencePointInfo InfluencePointX="457.436518913513" InfluencePointY="-26.141175143964" Id="1" InfluenceFactor="1" DivFactor="0.02" Offset="1" Power="0.5" TransformFunctionName="XtoInvX" Enabled="True" />
        <InfluencePointInfo InfluencePointX="-328.806995992525" InfluencePointY="329.591327632311" Id="2" InfluenceFactor="2" DivFactor="0.02" Offset="1" Power="0.5" TransformFunctionName="XtoInvX" Enabled="True" />
        <InfluencePointInfo InfluencePointX="148.30874617028" InfluencePointY="-447.639457057928" Id="3" InfluenceFactor="1" DivFactor="0.0166666666666667" Offset="1" Power="0.5" TransformFunctionName="XtoInvX" Enabled="True" />
      </InfluencePointInfoList>
    </Pattern>
  </DesignPatterns>
</Design>