<Design XmlVersion="1.1" PictureWidth="967" PictureHeight="967" BackgroundImageMode="Tile" ScaleToFit="True">
  <PictureBoxSize Width="971" Height="971" />
  <BackgroundGradientColors>
    <BoundaryColor Color="-10174499" />
    <CenterColor Color="-13158507" />
  </BackgroundGradientColors>
  <DefaultPatternGroup>
    <Pattern RotationSteps="5000" MergeOperation="Sum" DrawCurve="False" RenderMode="Paint" StainBlendType="Add" StainWidth="10" SharedPatternID="1720" ZoomFactor="1" LoopFactor="0" ShrinkPattern="False" ShrinkPatternLayers="False" ShrinkClipCenterFactor="0" ShrinkPadding="2" ShrinkClipFactor="4" IsBackgroundPattern="False" AllowRandom="True" InfluenceScaleFactor="1" UseLinearGradient="False" GradientPadding="15" GradientRotation="0" RandomSeed="108617018" XmlPatternID="1678">
      <PathFillInfo ColorMode="Normal">
        <BoundaryColor Color="-32704" />
        <CenterColor Color="-256" />
      </PathFillInfo>
      <PatternLayerList />
      <Center X="50" Y="50" />
      <ZVector Re="42.7984190641405" Im="13.9030689277661" />
      <PreviewZFactor Re="0.707217937573884" Im="0.706995607322805" />
      <BasicOutline IntPetals="12" Frequency="6" UsedFrequency="6" Phase="0" AngleOffset="0" Enabled="True" AmplitudeFactor="1" Pointiness="2" BasicOutlineType="Round" AddDenom="0.5" />
      <BasicOutline IntPetals="12" Frequency="6" UsedFrequency="6" Phase="90.0000000000002" AngleOffset="1.5707963267949" Enabled="True" AmplitudeFactor="1" Pointiness="4" BasicOutlineType="Pointed3" AddDenom="0.25" />
    </Pattern>
  </DefaultPatternGroup>
  <DesignPatterns>
    <Pattern RotationSteps="5000" MergeOperation="Sum" DrawCurve="False" RenderMode="Paint" StainBlendType="Add" StainWidth="10" SharedPatternID="1730" ZoomFactor="1" LoopFactor="0" ShrinkPattern="False" ShrinkPatternLayers="False" ShrinkClipCenterFactor="0" ShrinkPadding="2" ShrinkClipFactor="4" IsBackgroundPattern="False" AllowRandom="True" InfluenceScaleFactor="0.0825442165636357" UseLinearGradient="False" GradientPadding="15" GradientRotation="0" RandomSeed="108617018" XmlPatternID="1679">
      <PathFillInfo ColorMode="Normal">
        <BoundaryColor Color="-32704" />
        <CenterColor Color="-256" />
      </PathFillInfo>
      <PatternLayerList />
      <Center X="483" Y="483" />
      <ZVector Re="-545.154287345593" Im="2.96698310052673" />
      <PreviewZFactor Re="-0.538380215566888" Im="-0.842702049057762" />
      <BasicOutline IntPetals="12" Frequency="6" UsedFrequency="6" Phase="0" AngleOffset="0" Enabled="True" AmplitudeFactor="1" Pointiness="2" BasicOutlineType="Round" AddDenom="0.5" />
      <BasicOutline IntPetals="12" Frequency="6" UsedFrequency="6" Phase="90.0000000000002" AngleOffset="1.5707963267949" Enabled="True" AmplitudeFactor="1" Pointiness="4" BasicOutlineType="Pointed3" AddDenom="0.25" />
      <PatternTransform TransformName="Flare5" SequenceNumber="0" Enabled="True">
        <TransformSettings IsValid="True" IsCSharpFormula="False" FormulaName="Flare5">
          <Formula>parameters {
    @petals integer default = 4 min = 1;
    @ampFac1 default = 0.5 min = 0.1;
    @ampFac2 default = 0.7 min = 0.01;
    @ampFac3 default = 0.5 min = 0.01;
    @damping default = 1 min = 1;
    }
amplitude = @ampFac1 * (@damping + cos(@petals * angle)) / @damping * amplitude;
angle = angle + @ampFac2 * sin(@petals * angle) * sin(@ampFac3 * pi * (-0.5 - amplitude));
</Formula>
          <Parameters>
            <Parameter Name="petals" TypeName="Parameter" Value="4" Guid="c006ffb5-aeaf-4df3-9483-2d3b2cc7255e" />
            <Parameter Name="ampFac1" TypeName="Parameter" Value="0.8" Guid="d95aac69-d0d7-4de3-ad66-0c0ed6af4b57" />
            <Parameter Name="ampFac2" TypeName="Parameter" Value="1" Guid="7a38d8af-120b-4015-a3ef-7670bc641d40" />
            <Parameter Name="ampFac3" TypeName="Parameter" Value="0.4" Guid="46ac7b6b-2832-4c30-8f58-5e702259270f" />
            <Parameter Name="damping" TypeName="Parameter" Value="1" Guid="44828381-3560-4c9f-9590-aa6efa952814" />
          </Parameters>
        </TransformSettings>
        <InfluenceLinkParentCollection>
          <ParameterInfluenceLinkParent ParameterName="ampFac1" />
          <ParameterInfluenceLinkParent ParameterName="ampFac2">
            <InfluenceLink InfluencePointId="3" LinkFactor="0.135" Multiply="False" />
            <InfluenceLink InfluencePointId="2" LinkFactor="0.3" Multiply="False" />
          </ParameterInfluenceLinkParent>
          <ParameterInfluenceLinkParent ParameterName="ampFac3">
            <InfluenceLink InfluencePointId="1" LinkFactor="0.3" Multiply="False" />
          </ParameterInfluenceLinkParent>
          <ParameterInfluenceLinkParent ParameterName="damping" />
        </InfluenceLinkParentCollection>
      </PatternTransform>
      <InfluencePointInfoList>
        <InfluencePointInfo InfluencePointX="-242.660856818219" InfluencePointY="102.665324409207" Id="1" InfluenceFactor="1" DivFactor="0.01" Offset="1" Power="3" TransformFunctionName="XtoInvX" Enabled="True" />
        <InfluencePointInfo InfluencePointX="266.087879866221" InfluencePointY="124.262231070374" Id="2" InfluenceFactor="1" DivFactor="0.025" Offset="1" Power="3" TransformFunctionName="Ident" Enabled="True" />
        <InfluencePointInfo InfluencePointX="-162.731773240182" InfluencePointY="191.466330409536" Id="3" InfluenceFactor="1" DivFactor="0.01" Offset="1" Power="2" TransformFunctionName="Exp" Enabled="True" />
      </InfluencePointInfoList>
    </Pattern>
  </DesignPatterns>
</Design>