<Design XmlVersion="1.1" PictureWidth="967" PictureHeight="967" BackgroundImageMode="StretchTile" ScaleToFit="True">
  <PictureBoxSize Width="971" Height="971" />
  <BackgroundGradientColors>
    <BoundaryColor Color="-12582784" />
    <CenterColor Color="-16777088" />
  </BackgroundGradientColors>
  <BackgroundImageFileName>C:\WhorlFilesDev\Textures\BlueCross.png</BackgroundImageFileName>
  <DefaultPatternGroup>
    <Pattern RotationSteps="500" MergeOperation="Sum" DrawCurve="False" RenderMode="Paint" StainBlendType="Add" StainWidth="10" SharedPatternID="1720" ZoomFactor="1" LoopFactor="0" ShrinkPattern="False" ShrinkPatternLayers="False" ShrinkClipCenterFactor="0" ShrinkPadding="2" ShrinkClipFactor="4" IsBackgroundPattern="False" AllowRandom="True" InfluenceScaleFactor="1" UseLinearGradient="False" GradientPadding="15" GradientRotation="0" RandomSeed="108617228" XmlPatternID="1644">
      <PathFillInfo ColorMode="Normal">
        <BoundaryColor Color="-1" />
        <CenterColor Color="-14721119" />
      </PathFillInfo>
      <PatternLayerList />
      <Center X="50" Y="50" />
      <ZVector Re="-41.3135122948868" Im="17.8379848037898" />
      <PreviewZFactor Re="-0.918078050997485" Im="0.396399662306439" />
      <BasicOutline BasicOutlineType="Pointed2" IntPetals="7" Frequency="3.52247422303883" UsedFrequency="3.5" Phase="152.308147050275" AngleOffset="2.65827864363899" Enabled="True" AmplitudeFactor="0.01996" AddDenom="0.103592068364764" Pointiness="9.65324870702304" />
      <BasicOutline IntPetals="7" Frequency="3.52247422303883" UsedFrequency="3.5" Phase="8.60060931855044" AngleOffset="0.150108950286411" Enabled="True" AmplitudeFactor="1" Pointiness="0.114966984639901" BasicOutlineType="Pointed2" AddDenom="8.69814932636701" />
      <BasicOutline IntPetals="7" Frequency="3.52247422303883" UsedFrequency="3.5" Phase="0" AngleOffset="0" Enabled="True" AmplitudeFactor="0.16083" Pointiness="1.53524795526632" BasicOutlineType="Pointed3" AddDenom="0.651360580920967" />
    </Pattern>
  </DefaultPatternGroup>
  <DesignPatterns>
    <Pattern RotationSteps="5000" MergeOperation="Sum" DrawCurve="False" RenderMode="Paint" StainBlendType="Add" StainWidth="10" SharedPatternID="1725" ZoomFactor="1" LoopFactor="0" ShrinkPattern="False" ShrinkPatternLayers="False" ShrinkClipCenterFactor="0" ShrinkPadding="2" ShrinkClipFactor="4" IsBackgroundPattern="False" AllowRandom="True" InfluenceScaleFactor="0.0975457461337231" UseLinearGradient="False" GradientPadding="15" GradientRotation="0" RandomSeed="108617018" XmlPatternID="1645">
      <TextureFillInfo TextureScale="1">
        <TextureImageFileName>C:\WhorlFilesDev\Textures\Gold.jpg</TextureImageFileName>
        <TextureOffset X="0" Y="0" />
      </TextureFillInfo>
      <PatternLayerList />
      <Center X="483" Y="483" />
      <ZVector Re="410.598395168057" Im="210.302063435945" />
      <PreviewZFactor Re="0.326339503497398" Im="0.945252626791945" />
      <BasicOutline IntPetals="12" Frequency="6" UsedFrequency="6" Phase="0" AngleOffset="0" Enabled="True" AmplitudeFactor="1" Pointiness="2" BasicOutlineType="Round" AddDenom="0.5" />
      <BasicOutline IntPetals="12" Frequency="6" UsedFrequency="6" Phase="90.0000000000002" AngleOffset="1.5707963267949" Enabled="True" AmplitudeFactor="1" Pointiness="5" BasicOutlineType="Pointed3" AddDenom="0.2" />
      <PatternTransform TransformName="WaveSwirl" SequenceNumber="0" Enabled="True">
        <TransformSettings IsValid="True" IsCSharpFormula="False" FormulaName="Formula1">
          <Formula>parameters  {
   @strength default = 1;
   @waves default = 1;
   @power default = 2;
   @offset default = 0;
   @damping default = 0.1 min = 0.01;
}
angle = angle + 0.1 * @strength * sin(pi * @waves * amplitude ^ @power + @offset) / (@damping + amplitude);</Formula>
          <Parameters>
            <Parameter Name="strength" TypeName="Parameter" Value="1" Guid="e1aeecf6-8021-436c-9a01-3cb1159e0f63" />
            <Parameter Name="waves" TypeName="Parameter" Value="6" Guid="ea264b89-6074-4ff3-9c7c-3c0fdf8d4824" />
            <Parameter Name="power" TypeName="Parameter" Value="1" Guid="b82d0953-9987-49b9-936a-a0641f7c16b3" />
            <Parameter Name="offset" TypeName="Parameter" Value="0" Guid="3954267c-5fef-4ecd-ba85-f955ef552a99" />
            <Parameter Name="damping" TypeName="Parameter" Value="1" Guid="65b7c6cc-7fa9-4c6b-9aa6-8827308bb4ef" />
          </Parameters>
        </TransformSettings>
        <InfluenceLinkParentCollection>
          <ParameterInfluenceLinkParent ParameterName="strength">
            <InfluenceLink InfluencePointId="1" LinkFactor="-2" Multiply="False" />
            <InfluenceLink InfluencePointId="2" LinkFactor="-2" Multiply="False" />
            <InfluenceLink InfluencePointId="3" LinkFactor="-2" Multiply="False" />
          </ParameterInfluenceLinkParent>
        </InfluenceLinkParentCollection>
      </PatternTransform>
      <PatternTransform TransformName="Swirl" SequenceNumber="1" Enabled="True">
        <TransformSettings IsValid="True" IsCSharpFormula="False" FormulaName="Swirl">
          <Formula>parameters  {
   @strength default = 1;
   @power default = 2;
   @offset min = 0 default = 0;
   @fn1 varfunction default = ident;
}
angle = angle - @strength * @fn1(@offset + amplitude) ^ @power;</Formula>
          <Parameters>
            <Parameter Name="strength" TypeName="Parameter" Value="0.5" Guid="6cdd359a-ce25-49c7-a680-f6a228d2e62d" />
            <Parameter Name="power" TypeName="Parameter" Value="2" Guid="db7854f2-47a9-4159-832c-6c042943fd66" />
            <Parameter Name="offset" TypeName="Parameter" Value="0" Guid="637d7d49-451b-464a-a75b-635fd6834db2" />
            <Parameter Name="fn1" TypeName="VarFunctionParameter" Value="Ident" />
          </Parameters>
        </TransformSettings>
        <InfluenceLinkParentCollection>
          <ParameterInfluenceLinkParent ParameterName="strength">
            <InfluenceLink InfluencePointId="1" LinkFactor="1" Multiply="True" />
          </ParameterInfluenceLinkParent>
        </InfluenceLinkParentCollection>
      </PatternTransform>
      <InfluencePointInfoList>
        <InfluencePointInfo InfluencePointX="151.294061889015" InfluencePointY="-209.450799164017" Id="1" InfluenceFactor="-0.5" DivFactor="0.01" Offset="1" Power="1" TransformFunctionName="XtoInvX" Enabled="True" />
        <InfluencePointInfo InfluencePointX="-142.014596103268" InfluencePointY="-184.263677745559" Id="2" InfluenceFactor="1" DivFactor="0.01" Offset="1" Power="1.25" TransformFunctionName="Ident" Enabled="True" />
        <InfluencePointInfo InfluencePointX="-190.891867592521" InfluencePointY="375.15554533808" Id="3" InfluenceFactor="1" DivFactor="0.01" Offset="1" Power="0.5" TransformFunctionName="XtoInvX" Enabled="True" />
      </InfluencePointInfoList>
    </Pattern>
  </DesignPatterns>
</Design>