<Design XmlVersion="1.1" PictureWidth="1209" PictureHeight="967" BackgroundImageMode="Tile" ScaleToFit="True">
  <PictureBoxSize Width="1213" Height="971" />
  <BackgroundGradientColors>
    <BoundaryColor Color="-5310502" />
    <CenterColor Color="-5310502" />
  </BackgroundGradientColors>
  <DefaultPatternGroup>
    <Pattern RotationSteps="500" MergeOperation="Sum" DrawCurve="False" RenderMode="Paint" StainBlendType="Add" StainWidth="10" SharedPatternID="1720" ZoomFactor="1" LoopFactor="0" ShrinkPattern="False" ShrinkPatternLayers="False" ShrinkClipCenterFactor="0" ShrinkPadding="2" ShrinkClipFactor="4" IsBackgroundPattern="False" AllowRandom="True" InfluenceScaleFactor="1" UseLinearGradient="False" GradientPadding="15" GradientRotation="0" RandomSeed="108617228" XmlPatternID="1680">
      <PathFillInfo ColorMode="Normal">
        <BoundaryColor Color="-1" />
        <CenterColor Color="-14721119" />
      </PathFillInfo>
      <PatternLayerList />
      <Center X="50" Y="50" />
      <ZVector Re="-41.3135122948868" Im="17.8379848037898" />
      <PreviewZFactor Re="-0.918078050997485" Im="0.396399662306439" />
      <BasicOutline IntPetals="7" Frequency="3.52247422303883" UsedFrequency="3.5" Phase="152.308147050275" AngleOffset="2.65827864363899" Enabled="True" AmplitudeFactor="0.01996" Pointiness="9.65324870702304" BasicOutlineType="Pointed2" AddDenom="0.103592068364764" />
      <BasicOutline IntPetals="7" Frequency="3.52247422303883" UsedFrequency="3.5" Phase="8.60060931855044" AngleOffset="0.150108950286411" Enabled="True" AmplitudeFactor="1" Pointiness="0.114966984639901" BasicOutlineType="Pointed2" AddDenom="8.69814932636701" />
      <BasicOutline IntPetals="7" Frequency="3.52247422303883" UsedFrequency="3.5" Phase="0" AngleOffset="0" Enabled="True" AmplitudeFactor="0.16083" Pointiness="1.53524795526632" BasicOutlineType="Pointed3" AddDenom="0.651360580920967" />
    </Pattern>
  </DefaultPatternGroup>
  <DesignPatterns>
    <Pattern RotationSteps="5000" MergeOperation="Sum" DrawCurve="False" RenderMode="Paint" StainBlendType="Add" StainWidth="10" SharedPatternID="1725" ZoomFactor="1" LoopFactor="0" ShrinkPattern="False" ShrinkPatternLayers="False" ShrinkClipCenterFactor="0" ShrinkPadding="2" ShrinkClipFactor="4" IsBackgroundPattern="False" AllowRandom="True" InfluenceScaleFactor="0.0780895850869635" UseLinearGradient="False" GradientPadding="15" GradientRotation="0" RandomSeed="108617008" XmlPatternID="1681">
      <TextureFillInfo TextureScale="1" ImageMode="StretchTile">
        <TextureImageFileName>C:\WhorlFilesDev\Textures\Aquamarine3.jpg</TextureImageFileName>
        <TextureOffset X="0" Y="0" />
      </TextureFillInfo>
      <PatternLayerList />
      <Center X="604" Y="483" />
      <ZVector Re="-575.22373986252" Im="34.563696251645" />
      <PreviewZFactor Re="0.635718614257118" Im="0.771920879032955" />
      <BasicOutline IntPetals="5" Frequency="2.5" UsedFrequency="2.5" Phase="0" AngleOffset="0" Enabled="True" AmplitudeFactor="0.5" Pointiness="2" BasicOutlineType="Round" AddDenom="0.5" />
      <BasicOutline IntPetals="5" Frequency="2.5" UsedFrequency="2.5" Phase="90.0000000000002" AngleOffset="1.5707963267949" Enabled="True" AmplitudeFactor="1" Pointiness="4" BasicOutlineType="Pointed" AddDenom="0.25" />
      <PatternTransform TransformName="Squeeze" SequenceNumber="0" Enabled="True">
        <TransformSettings IsValid="True" IsCSharpFormula="False" FormulaName="Squeeze">
          <Formula>parameters {
   @strength default = 1 min = -10 max = 10;
   @petals min = 1 default = 3;
   @phase default = 0;
   @waves default = 1;
}
angle = angle - @strength * sin(@petals * angle + pi * @phase / 180) * sin(pi * @waves * amplitude);</Formula>
          <Parameters>
            <Parameter Name="strength" TypeName="Parameter" Value="0.7" Guid="80ebea88-ca8d-4a7c-bc40-c6dad5f70c2b" />
            <Parameter Name="petals" TypeName="Parameter" Value="1" Guid="45728dd6-264a-4f58-a0a0-26f7d278c243" />
            <Parameter Name="phase" TypeName="Parameter" Value="0" Guid="6aab5aa3-146a-4920-984b-42478ac20147" />
            <Parameter Name="waves" TypeName="Parameter" Value="1.5" Guid="9464c2d9-24f2-4ffc-857b-71f62f68ac6c" />
          </Parameters>
        </TransformSettings>
        <InfluenceLinkParentCollection>
          <ParameterInfluenceLinkParent ParameterName="waves">
            <InfluenceLink InfluencePointId="1" LinkFactor="1" Multiply="True" />
            <InfluenceLink InfluencePointId="2" LinkFactor="1" Multiply="True" />
          </ParameterInfluenceLinkParent>
          <ParameterInfluenceLinkParent ParameterName="strength" />
        </InfluenceLinkParentCollection>
      </PatternTransform>
      <InfluencePointInfoList>
        <InfluencePointInfo InfluencePointX="-299.267758429523" InfluencePointY="246.915945901321" Id="1" InfluenceFactor="1" DivFactor="0.02" Offset="1" Power="1" TransformFunctionName="Tanh" Enabled="True" />
        <InfluencePointInfo InfluencePointX="-433.114381340221" InfluencePointY="-146.615544514197" Id="2" InfluenceFactor="2" DivFactor="0.01" Offset="1" Power="2" TransformFunctionName="Tanh" Enabled="True" />
      </InfluencePointInfoList>
    </Pattern>
  </DesignPatterns>
</Design>