<Design XmlVersion="1.1" PictureWidth="967" PictureHeight="967" BackgroundImageMode="Tile" ScaleToFit="True">
  <PictureBoxSize Width="971" Height="971" />
  <BackgroundGradientColors>
    <BoundaryColor Color="-922408" />
    <CenterColor Color="-3619647" />
  </BackgroundGradientColors>
  <DefaultPatternGroup PatternListName="Default">
    <Pattern RotationSteps="5000" MergeOperation="Sum" DrawCurve="False" RenderMode="Paint" StainBlendType="Add" StainWidth="10" SharedPatternID="1718" ZoomFactor="1" LoopFactor="0" ShrinkPattern="False" ShrinkPatternLayers="False" ShrinkClipCenterFactor="0" ShrinkPadding="2" ShrinkClipFactor="4" IsBackgroundPattern="False" AllowRandom="True" InfluenceScaleFactor="1" UseLinearGradient="False" GradientPadding="15" GradientRotation="0" RandomSeed="108617008" XmlPatternID="1542">
      <PathFillInfo ColorMode="Normal">
        <BoundaryColor Color="-12174170" />
        <CenterColor Color="-8490008" />
      </PathFillInfo>
      <PatternLayerList />
      <Center X="50" Y="50" />
      <ZVector Re="-31.8696490406983" Im="31.7698830659276" />
      <PreviewZFactor Re="0.707217937573884" Im="0.706995607322805" />
      <BasicOutline IntPetals="4" Frequency="2" UsedFrequency="2" Phase="0" AngleOffset="0" Enabled="True" AmplitudeFactor="0.5" Pointiness="2" BasicOutlineType="Round" AddDenom="0.5" />
      <BasicOutline IntPetals="4" Frequency="2" UsedFrequency="2" Phase="90.0000000000002" AngleOffset="1.5707963267949" Enabled="True" AmplitudeFactor="1" Pointiness="4" BasicOutlineType="Pointed" AddDenom="0.25" />
    </Pattern>
  </DefaultPatternGroup>
  <DesignPatterns>
    <Pattern RotationSteps="5000" MergeOperation="Sum" DrawCurve="False" RenderMode="Paint" StainBlendType="Add" StainWidth="10" SharedPatternID="1726" ZoomFactor="1" LoopFactor="0" ShrinkPattern="False" ShrinkPatternLayers="False" ShrinkClipCenterFactor="0" ShrinkPadding="2" ShrinkClipFactor="4" IsBackgroundPattern="False" AllowRandom="True" InfluenceScaleFactor="1" UseLinearGradient="False" GradientPadding="15" GradientRotation="0" RandomSeed="108617008" XmlPatternID="1543">
      <PathFillInfo ColorMode="Normal">
        <BoundaryColor Color="-12174170" />
        <CenterColor Color="-5264919" />
      </PathFillInfo>
      <PatternLayerList />
      <Center X="483" Y="483" />
      <ZVector Re="0.149400328631998" Im="-514.689204937836" />
      <PreviewZFactor Re="0.414973934865612" Im="0.909833299776476" />
      <BasicOutline IntPetals="4" Frequency="2" UsedFrequency="2" Phase="0" AngleOffset="0" Enabled="True" AmplitudeFactor="0.5" Pointiness="2" BasicOutlineType="Round" AddDenom="0.5" />
      <BasicOutline IntPetals="4" Frequency="2" UsedFrequency="2" Phase="90.0000000000002" AngleOffset="1.5707963267949" Enabled="True" AmplitudeFactor="1" Pointiness="4" BasicOutlineType="Pointed" AddDenom="0.25" />
      <PatternTransform TransformName="Flare5" SequenceNumber="0" Enabled="True">
        <TransformSettings IsValid="True" IsCSharpFormula="False" FormulaName="Flare5">
          <Formula>parameters {
    @petals integer default = 4 min = 1;
    @ampFac1 default = 0.5 min = 0.1;
    @ampFac2 default = 0.7 min = 0.01;
    @ampFac3 default = 0.5 min = 0.01;
    @damping default = 1 min = 1;
    }
amplitude = @ampFac1 * (@damping + cos(@petals * angle)) / @damping * amplitude;
angle = angle + @ampFac2 * sin(@petals * angle) * sin(@ampFac3 * pi * (-0.5 - amplitude));
</Formula>
          <Parameters>
            <Parameter Name="petals" TypeName="Parameter" Value="12" Guid="0f1061fb-2857-4b0a-aebb-fc67a2e2dfa2" />
            <Parameter Name="ampFac1" TypeName="Parameter" Value="0.25" Guid="603928cd-66b4-4145-a12c-7bbac03681bd" />
            <Parameter Name="ampFac2" TypeName="Parameter" Value="0.4" Guid="077e47f4-f516-44f4-b7b6-ac72022bbf22" />
            <Parameter Name="ampFac3" TypeName="Parameter" Value="0.65" Guid="a9ccafeb-9be6-4ab5-b021-400aa5d6ded5" />
            <Parameter Name="damping" TypeName="Parameter" Value="1.2" Guid="8d6e0be3-80ed-44a5-9200-91a15d25f4bd" />
          </Parameters>
        </TransformSettings>
      </PatternTransform>
    </Pattern>
  </DesignPatterns>
</Design>