<Design XmlVersion="1.1" PictureWidth="967" PictureHeight="967" BackgroundImageMode="Tile" ScaleToFit="True">
  <PictureBoxSize Width="971" Height="971" />
  <BackgroundGradientColors>
    <BoundaryColor Color="-16777088" />
    <CenterColor Color="-16777088" />
  </BackgroundGradientColors>
  <DefaultPatternGroup PatternListName="Default">
    <Pattern RotationSteps="5000" MergeOperation="Sum" DrawCurve="False" RenderMode="Paint" StainBlendType="Add" StainWidth="10" SharedPatternID="1536" ZoomFactor="1" LoopFactor="0" ShrinkPattern="False" ShrinkPatternLayers="False" ShrinkClipCenterFactor="0" ShrinkPadding="2" ShrinkClipFactor="4" IsBackgroundPattern="False" AllowRandom="True" InfluenceScaleFactor="0.999999999999995" UseLinearGradient="False" GradientPadding="15" GradientRotation="0" RandomSeed="108617008" XmlPatternID="1698">
      <PathFillInfo ColorMode="Normal">
        <BoundaryColor Color="-1291008" />
        <CenterColor Color="-77539" />
      </PathFillInfo>
      <PatternLayerList />
      <Center X="50" Y="50" />
      <ZVector Re="31.8248071908248" Im="31.8148023295262" />
      <PreviewZFactor Re="0.707217937573884" Im="0.706995607322805" />
      <BasicOutline IntPetals="4" Frequency="2" UsedFrequency="2" Phase="0" AngleOffset="0" Enabled="True" AmplitudeFactor="0.5" Pointiness="2" BasicOutlineType="Round" AddDenom="0.5" />
      <BasicOutline IntPetals="4" Frequency="2" UsedFrequency="2" Phase="90.0000000000002" AngleOffset="1.5707963267949" Enabled="True" AmplitudeFactor="1" Pointiness="4" BasicOutlineType="Pointed5" AddDenom="0.25" />
    </Pattern>
  </DefaultPatternGroup>
  <DesignPatterns>
    <Pattern RotationSteps="5000" MergeOperation="Sum" DrawCurve="False" RenderMode="Paint" StainBlendType="Add" StainWidth="10" SharedPatternID="1536" ZoomFactor="1" LoopFactor="0" ShrinkPattern="False" ShrinkPatternLayers="False" ShrinkClipCenterFactor="0" ShrinkPadding="2" ShrinkClipFactor="4" IsBackgroundPattern="False" AllowRandom="True" InfluenceScaleFactor="0.0894206426541161" UseLinearGradient="True" GradientPadding="15" GradientRotation="0" RandomSeed="108617008" XmlPatternID="1699">
      <PathFillInfo ColorMode="Radial">
        <BoundaryColor Color="-1291008" />
        <CenterColor Color="-77539" />
        <ColorInfo TranslucentWaves="False" TranslucentCycles="10" TranslucentStrength="1" RandomWaves="False" RandomWavesSeed="1271618375" Colors="-1291008,-73674,-20225,-8323200" Positions="0,0.3047753,0.4901685,1" />
      </PathFillInfo>
      <PatternLayerList />
      <Center X="483" Y="730" />
      <ZVector Re="-503.238518857103" Im="0.996563349568078" />
      <PreviewZFactor Re="-0.904986326555336" Im="-0.425440652439185" />
      <BasicOutline IntPetals="4" Frequency="2" UsedFrequency="2" Phase="0" AngleOffset="0" Enabled="True" AmplitudeFactor="1" Pointiness="0.0001" BasicOutlineType="Round" AddDenom="10000" />
      <BasicOutline IntPetals="4" Frequency="2" UsedFrequency="2" Phase="90.0000000000002" AngleOffset="1.5707963267949" Enabled="True" AmplitudeFactor="1" Pointiness="3" BasicOutlineType="Pointed5" AddDenom="0.333333333333333" />
      <PatternTransform TransformName="AngularCompress" SequenceNumber="1" Enabled="True">
        <TransformSettings IsValid="True" IsCSharpFormula="False" FormulaName="AngularCompress">
          <Formula>parameters 
{ 
@strength min = 0 max = 10 default = 5; 
@ampStrength;
@ampPower default = 1;
}
angle = angle * 0.1 * (10 - @strength - @ampStrength * amplitude ^ @ampPower);</Formula>
          <Parameters>
            <Parameter Name="strength" TypeName="Parameter" Value="5" Guid="01b89646-5d8e-4e07-a55d-ed397de6f6ce" />
            <Parameter Name="ampStrength" TypeName="Parameter" Value="0" Guid="82d1b0a8-8145-4291-b7de-433a56308ed0" />
            <Parameter Name="ampPower" TypeName="Parameter" Value="1" Guid="4ec9583f-2b1e-4d88-9ebf-e6c028be764d" />
          </Parameters>
        </TransformSettings>
      </PatternTransform>
      <PatternTransform TransformName="Flare5" SequenceNumber="1" Enabled="True">
        <TransformSettings IsValid="True" IsCSharpFormula="False" FormulaName="Flare5">
          <Formula>parameters {
    @petals integer default = 4 min = 1;
    @ampFac1 default = 0.5 min = 0.1;
    @ampFac2 default = 0.7 min = 0.01;
    @ampFac3 default = 0.5 min = 0.01;
    @damping default = 1 min = 1;
    }
amplitude = @ampFac1 * (@damping + cos(@petals * angle)) / @damping * amplitude;
angle = angle + @ampFac2 * sin(@petals * angle) * sin(@ampFac3 * pi * (-0.5 - amplitude));
</Formula>
          <Parameters>
            <Parameter Name="petals" TypeName="Parameter" Value="4" Guid="16bba3d9-f614-46cc-a13b-f7125cc48e64" />
            <Parameter Name="ampFac1" TypeName="Parameter" Value="1" Guid="5cfeb9b3-d5aa-4528-b4fc-1d6f03ee9e8c" />
            <Parameter Name="ampFac2" TypeName="Parameter" Value="0.3" Guid="1bc51e2b-d9f5-4b3a-b940-c332cdda002c" />
            <Parameter Name="ampFac3" TypeName="Parameter" Value="0.7" Guid="ad585c24-90cc-4435-9189-06929011dece" />
            <Parameter Name="damping" TypeName="Parameter" Value="1" Guid="08e35126-4b95-42df-bf24-496985be3447" />
          </Parameters>
        </TransformSettings>
      </PatternTransform>
    </Pattern>
  </DesignPatterns>
</Design>