<Design XmlVersion="1.1" PictureWidth="1209" PictureHeight="967" BackgroundImageMode="StretchTile" ScaleToFit="True">
  <PictureBoxSize Width="1213" Height="971" />
  <BackgroundGradientColors>
    <BoundaryColor Color="-1" />
    <CenterColor Color="-1" />
  </BackgroundGradientColors>
  <BackgroundImageFileName>C:\WhorlFilesDev\Textures\FadedSea.png</BackgroundImageFileName>
  <DefaultPatternGroup>
    <Pattern RotationSteps="5000" MergeOperation="Sum" DrawCurve="False" RenderMode="Paint" StainBlendType="Add" StainWidth="10" SharedPatternID="1723" ZoomFactor="1" LoopFactor="0" ShrinkPattern="False" ShrinkPatternLayers="False" ShrinkClipCenterFactor="0" ShrinkPadding="2" ShrinkClipFactor="4" IsBackgroundPattern="False" AllowRandom="True" InfluenceScaleFactor="0.112668777490393" UseLinearGradient="False" GradientPadding="15" GradientRotation="0" RandomSeed="108617008" XmlPatternID="1684">
      <PathFillInfo ColorMode="Normal">
        <BoundaryColor Color="-65536" />
        <CenterColor Color="-256" />
      </PathFillInfo>
      <PatternLayerList />
      <Center X="516" Y="472" />
      <ZVector Re="276.754047839042" Im="287.972562937348" />
      <PreviewZFactor Re="0.123719464938581" Im="0.992317234555216" />
      <BasicOutline IntPetals="4" Frequency="2" UsedFrequency="2" Phase="0" AngleOffset="0" Enabled="True" AmplitudeFactor="0.5" Pointiness="2" BasicOutlineType="Round" AddDenom="0.5" />
      <BasicOutline IntPetals="4" Frequency="2" UsedFrequency="2" Phase="90.0000000000002" AngleOffset="1.5707963267949" Enabled="True" AmplitudeFactor="1" Pointiness="4" BasicOutlineType="Pointed5" AddDenom="0.25" />
      <PatternTransform TransformName="SineLogSwirl" SequenceNumber="0" Enabled="True">
        <TransformSettings IsValid="True" IsCSharpFormula="False" FormulaName="SineLogSwirl">
          <Formula>parameters  {
   @petals integer min = 1 default = 4;
   @strength default = 0.7;
   @power integer default = 2;
   @offset default = 0.1 min = 0.01;
   @waves default = 6;
}
angle = angle - @strength * sin(log(@offset + @waves * amplitude)) ^ @power;</Formula>
          <Parameters>
            <Parameter Name="petals" TypeName="Parameter" Value="4" Guid="bedabeef-833c-49c8-9b66-233e9fa2a1b9" />
            <Parameter Name="strength" TypeName="Parameter" Value="0.7" Guid="13921268-4013-4bfa-bca1-beaa062e68c7" />
            <Parameter Name="power" TypeName="Parameter" Value="2" Guid="0367f5a7-6949-417e-a0f7-6f0949fa21e0" />
            <Parameter Name="offset" TypeName="Parameter" Value="0.1" Guid="548febdb-47b4-40b8-b1a7-2e1469c5de19" />
            <Parameter Name="waves" TypeName="Parameter" Value="6" Guid="baef2c6a-5659-4ccd-8c5d-01efae0ea887" />
          </Parameters>
        </TransformSettings>
      </PatternTransform>
    </Pattern>
  </DefaultPatternGroup>
  <DesignPatterns>
    <Pattern RotationSteps="5000" MergeOperation="Sum" DrawCurve="False" RenderMode="Paint" StainBlendType="Add" StainWidth="10" SharedPatternID="1722" ZoomFactor="1" LoopFactor="10" ShrinkPattern="False" ShrinkPatternLayers="True" ShrinkClipCenterFactor="1.5" ShrinkPadding="2" ShrinkClipFactor="5" IsBackgroundPattern="False" AllowRandom="True" InfluenceScaleFactor="0.0730476167917949" UseLinearGradient="False" GradientPadding="15" GradientRotation="0" RandomSeed="108617008" XmlPatternID="1685">
      <TextureFillInfo TextureScale="1">
        <TextureImageFileName>C:\WhorlFilesDev\Textures\RedDahlia.png</TextureImageFileName>
        <TextureOffset X="0" Y="0" />
      </TextureFillInfo>
      <PatternLayerList />
      <Center X="604" Y="483" />
      <ZVector Re="494.285661440906" Im="367.671980022854" />
      <PreviewZFactor Re="0.123719464938581" Im="0.992317234555216" />
      <BasicOutline IntPetals="4" Frequency="2" UsedFrequency="2" Phase="0" AngleOffset="0" Enabled="True" AmplitudeFactor="0.5" Pointiness="2" BasicOutlineType="Round" AddDenom="0.5" />
      <BasicOutline IntPetals="4" Frequency="2" UsedFrequency="2" Phase="90.0000000000002" AngleOffset="1.5707963267949" Enabled="True" AmplitudeFactor="1" Pointiness="4" BasicOutlineType="Pointed5" AddDenom="0.25" />
      <PatternTransform TransformName="SineLogSwirl" SequenceNumber="0" Enabled="True">
        <TransformSettings IsValid="True" IsCSharpFormula="False" FormulaName="SineLogSwirl">
          <Formula>parameters  {
   @petals integer min = 1 default = 4;
   @strength default = 0.5;
   @power integer default = 2;
   @offset default = 0.1 min = 0.01;
   @waves default = 5;
}
angle = angle - @strength * sin(log(@offset + @waves * amplitude)) ^ @power;</Formula>
          <Parameters>
            <Parameter Name="petals" TypeName="Parameter" Value="4" Guid="6bc6ade5-5d90-4aef-a668-88ab2d118eef" />
            <Parameter Name="strength" TypeName="Parameter" Value="0.7" Guid="05b2b887-cbf0-4bd2-8ebf-d255ff943612" />
            <Parameter Name="power" TypeName="Parameter" Value="2" Guid="38f13695-0bcb-40a0-b471-56612999dc8c" />
            <Parameter Name="offset" TypeName="Parameter" Value="0.1" Guid="d3d0301e-7b2e-4f0b-979b-33694b395680" />
            <Parameter Name="waves" TypeName="Parameter" Value="6" Guid="d27dc265-04c5-4cf5-b2d6-b2f427b78a61" />
          </Parameters>
        </TransformSettings>
      </PatternTransform>
    </Pattern>
  </DesignPatterns>
</Design>