<Design XmlVersion="1.1" PictureWidth="967" PictureHeight="967" BackgroundImageMode="StretchTile" ScaleToFit="False">
  <PictureBoxSize Width="971" Height="971" />
  <BackgroundGradientColors>
    <BoundaryColor Color="-15055820" />
    <CenterColor Color="-15375799" />
  </BackgroundGradientColors>
  <DefaultPatternGroup>
    <Pattern RotationSteps="5000" MergeOperation="Sum" DrawCurve="False" RenderMode="Paint" StainBlendType="Add" StainWidth="10" SharedPatternID="1686" ZoomFactor="1" LoopFactor="0" ShrinkPattern="False" ShrinkPatternLayers="False" ShrinkClipCenterFactor="0" ShrinkPadding="4" ShrinkClipFactor="4" IsBackgroundPattern="False" AllowRandom="True" InfluenceScaleFactor="1" UseLinearGradient="False" GradientPadding="15" GradientRotation="0" RandomSeed="1282885187" XmlPatternID="1687">
      <PathFillInfo ColorMode="Normal">
        <BoundaryColor Color="1283490047" />
        <CenterColor Color="2139128063" />
      </PathFillInfo>
      <PatternLayerList />
      <Center X="0" Y="0" />
      <ZVector Re="0" Im="0" />
      <PreviewZFactor Re="0.707217937573884" Im="0.706995607322805" />
      <BasicOutline BasicOutlineType="Rectangle" IntPetals="2" Frequency="1" UsedFrequency="1" Phase="0" AngleOffset="0" Enabled="True" AmplitudeFactor="1" AddDenom="1" Pointiness="1" />
    </Pattern>
  </DefaultPatternGroup>
  <DesignPatterns>
    <Pattern RotationSteps="5000" MergeOperation="Sum" DrawCurve="False" RenderMode="Paint" StainBlendType="Add" StainWidth="10" SharedPatternID="1536" ZoomFactor="1" LoopFactor="0" ShrinkPattern="False" ShrinkPatternLayers="False" ShrinkClipCenterFactor="0" ShrinkPadding="2" ShrinkClipFactor="4" IsBackgroundPattern="False" AllowRandom="True" InfluenceScaleFactor="0.100767764630637" UseLinearGradient="False" GradientPadding="15" GradientRotation="0" RandomSeed="108617018" XmlPatternID="2017">
      <PathFillInfo ColorMode="Radial">
        <BoundaryColor Color="-697783" />
        <CenterColor Color="-3222770" />
        <ColorInfo TranslucentWaves="False" TranslucentCycles="10" TranslucentStrength="1" RandomWaves="False" RandomWavesSeed="1281817078" Colors="-1,-4217100,-10936135,-13950370,-8690473,-9788417,-14081952,-1" Positions="0,0.0252809,0.3160113,0.3679775,0.4747191,0.738764,0.880618,1" />
      </PathFillInfo>
      <PatternLayerList />
      <Center X="483" Y="483" />
      <ZVector Re="230.455006867921" Im="-382.513385137705" />
      <PreviewZFactor Re="0.641016023814705" Im="0.767527496063031" />
      <BasicOutline BasicOutlineType="Round" IntPetals="6" Frequency="3" UsedFrequency="3" Phase="0" AngleOffset="0" Enabled="True" AmplitudeFactor="1" AddDenom="0.5" Pointiness="2" />
      <BasicOutline BasicOutlineType="Pointed5" IntPetals="12" Frequency="6" UsedFrequency="6" Phase="90" AngleOffset="1.5707963267949" Enabled="True" AmplitudeFactor="2" AddDenom="0.5" Pointiness="2" />
      <PatternTransform TransformName="Flare" SequenceNumber="0" Enabled="True">
        <TransformSettings IsValid="True" IsCSharpFormula="False" FormulaName="Flare">
          <Formula>parameters {
    @petals integer  min = 1 default = 4;
    @strength default = 5 min = -50 max = 50;
    @damping min = 0.01 default = 0.2;
    @power integer min = 1 default = 1;
    @phase default = 0;
    }
paramVar phase = pi * @phase / 180;
paramVar strength = 0.015 * @strength;
paramVar freq = 2 * @petals;
angle = angle + strength * sin(freq * angle + phase) / (@damping + amplitude  ^ @power);</Formula>
          <Parameters>
            <Parameter Name="petals" TypeName="Parameter" Value="9" Guid="98d848e4-c7e1-47d4-b4fb-dee11243d7f9" />
            <Parameter Name="strength" TypeName="Parameter" Value="5" Guid="8217f048-cfaa-4a5c-a151-16dc9418964b" />
            <Parameter Name="damping" TypeName="Parameter" Value="0.3" Guid="29ab793c-4b10-493f-a9b7-de04382dfb0f" />
            <Parameter Name="power" TypeName="Parameter" Value="6" Guid="36c24feb-3e1a-4ad1-ab78-6b2a3820eba0" />
            <Parameter Name="phase" TypeName="Parameter" Value="0" Guid="fbac03cc-8550-45e7-b8f6-bf0a3f324583" />
          </Parameters>
        </TransformSettings>
      </PatternTransform>
      <PatternSection IsSection="True" SectionAmplitudeRatio="0.18" RecomputeInnerSection="False" />
    </Pattern>
  </DesignPatterns>
</Design>