<Design XmlVersion="1.1" PictureWidth="967" PictureHeight="967" BackgroundImageMode="Stretch" ScaleToFit="True">
  <PictureBoxSize Width="971" Height="971" />
  <BackgroundGradientColors>
    <BoundaryColor Color="-12693696" />
    <CenterColor Color="-9126275" />
  </BackgroundGradientColors>
  <DefaultPatternGroup>
    <Pattern RotationSteps="5000" MergeOperation="Sum" DrawCurve="False" RenderMode="Paint" StainBlendType="Add" StainWidth="10" SharedPatternID="1723" ZoomFactor="1" LoopFactor="0" ShrinkPattern="False" ShrinkPatternLayers="False" ShrinkClipCenterFactor="0" ShrinkPadding="2" ShrinkClipFactor="4" IsBackgroundPattern="False" AllowRandom="True" InfluenceScaleFactor="0.112668777490393" UseLinearGradient="False" GradientPadding="15" GradientRotation="0" RandomSeed="108617008" XmlPatternID="1686">
      <PathFillInfo ColorMode="Normal">
        <BoundaryColor Color="-65536" />
        <CenterColor Color="-256" />
      </PathFillInfo>
      <PatternLayerList />
      <Center X="516" Y="472" />
      <ZVector Re="276.754047839042" Im="287.972562937348" />
      <PreviewZFactor Re="0.123719464938581" Im="0.992317234555216" />
      <BasicOutline IntPetals="4" Frequency="2" UsedFrequency="2" Phase="0" AngleOffset="0" Enabled="True" AmplitudeFactor="0.5" Pointiness="2" BasicOutlineType="Round" AddDenom="0.5" />
      <BasicOutline IntPetals="4" Frequency="2" UsedFrequency="2" Phase="90.0000000000002" AngleOffset="1.5707963267949" Enabled="True" AmplitudeFactor="1" Pointiness="4" BasicOutlineType="Pointed5" AddDenom="0.25" />
      <PatternTransform TransformName="SineLogSwirl" SequenceNumber="0" Enabled="True">
        <TransformSettings IsValid="True" IsCSharpFormula="False" FormulaName="SineLogSwirl">
          <Formula>parameters  {
   @petals integer min = 1 default = 4;
   @strength default = 0.7;
   @power integer default = 2;
   @offset default = 0.1 min = 0.01;
   @waves default = 6;
}
angle = angle - @strength * sin(log(@offset + @waves * amplitude)) ^ @power;</Formula>
          <Parameters>
            <Parameter Name="petals" TypeName="Parameter" Value="4" Guid="bedabeef-833c-49c8-9b66-233e9fa2a1b9" />
            <Parameter Name="strength" TypeName="Parameter" Value="0.7" Guid="13921268-4013-4bfa-bca1-beaa062e68c7" />
            <Parameter Name="power" TypeName="Parameter" Value="2" Guid="0367f5a7-6949-417e-a0f7-6f0949fa21e0" />
            <Parameter Name="offset" TypeName="Parameter" Value="0.1" Guid="548febdb-47b4-40b8-b1a7-2e1469c5de19" />
            <Parameter Name="waves" TypeName="Parameter" Value="6" Guid="baef2c6a-5659-4ccd-8c5d-01efae0ea887" />
          </Parameters>
        </TransformSettings>
      </PatternTransform>
    </Pattern>
  </DefaultPatternGroup>
  <DesignPatterns>
    <Pattern RotationSteps="5000" MergeOperation="Sum" DrawCurve="False" RenderMode="Paint" StainBlendType="Add" StainWidth="10" SharedPatternID="1808" ZoomFactor="1" LoopFactor="0" ShrinkPattern="False" ShrinkPatternLayers="False" ShrinkClipCenterFactor="0" ShrinkPadding="2" ShrinkClipFactor="4" IsBackgroundPattern="False" AllowRandom="True" InfluenceScaleFactor="0.869032567933783" UseLinearGradient="False" GradientPadding="15" GradientRotation="0" RandomSeed="108617008" XmlPatternID="1687">
      <PathFillInfo ColorMode="Normal">
        <BoundaryColor Color="-5333267" />
        <CenterColor Color="-8960361" />
      </PathFillInfo>
      <PatternLayerList />
      <Center X="483" Y="483" />
      <ZVector Re="599.626548389497" Im="-0.0496638484224832" />
      <PreviewZFactor Re="0.707165344620188" Im="0.707048212902211" />
      <BasicOutline IntPetals="4" Frequency="2" UsedFrequency="2" Phase="90.0000000000002" AngleOffset="1.5707963267949" Enabled="True" AmplitudeFactor="1" Pointiness="4" BasicOutlineType="Pointed4" AddDenom="0.25" />
      <PatternTransform TransformName="Flare5" SequenceNumber="0" Enabled="True">
        <TransformSettings IsValid="True" IsCSharpFormula="False" FormulaName="Flare5">
          <Formula>parameters {
    @petals integer default = 4 min = 1;
    @ampFac1 default = 0.5 min = 0.1;
    @ampFac2 default = 0.7 min = 0.01;
    @ampFac3 default = 0.5 min = 0.01;
    @damping default = 1 min = 1;
    }
amplitude = @ampFac1 * (@damping + cos(@petals * angle)) / @damping * amplitude;
angle = angle + @ampFac2 * sin(@petals * angle) * sin(@ampFac3 * pi * (-0.5 - amplitude));
</Formula>
          <Parameters>
            <Parameter Name="petals" TypeName="Parameter" Value="8" Guid="110eef12-54f6-459e-a742-d84c8d01e26e" />
            <Parameter Name="ampFac1" TypeName="Parameter" Value="1.2" Guid="46a68784-b0ba-4109-9852-19f14d0b348f" />
            <Parameter Name="ampFac2" TypeName="Parameter" Value="0.7" Guid="a7fa2539-b582-49b9-a59a-0d057c644c46" />
            <Parameter Name="ampFac3" TypeName="Parameter" Value="0.7" Guid="edada21e-9549-46d0-8910-1027c0a76884" />
            <Parameter Name="damping" TypeName="Parameter" Value="1" Guid="4c07f9d1-afd7-4858-ae1e-f7ec1ad2c34f" />
          </Parameters>
        </TransformSettings>
      </PatternTransform>
    </Pattern>
  </DesignPatterns>
</Design>