<Design XmlVersion="1.1" PictureWidth="967" PictureHeight="967" BackgroundImageMode="Stretch" ScaleToFit="True">
  <PictureBoxSize Width="971" Height="971" />
  <BackgroundGradientColors>
    <BoundaryColor Color="-12693696" />
    <CenterColor Color="-9126275" />
  </BackgroundGradientColors>
  <DefaultPatternGroup PatternListName="Default">
    <Pattern RotationSteps="5000" MergeOperation="Sum" DrawCurve="False" RenderMode="Paint" StainBlendType="Add" StainWidth="10" SharedPatternID="1718" ZoomFactor="1" LoopFactor="0" ShrinkPattern="False" ShrinkPatternLayers="False" ShrinkClipCenterFactor="0" ShrinkPadding="2" ShrinkClipFactor="4" IsBackgroundPattern="False" AllowRandom="True" InfluenceScaleFactor="1" UseLinearGradient="False" GradientPadding="15" GradientRotation="0" RandomSeed="108617008" XmlPatternID="1637">
      <PathFillInfo ColorMode="Normal">
        <BoundaryColor Color="-65536" />
        <CenterColor Color="-256" />
      </PathFillInfo>
      <PatternLayerList />
      <Center X="50" Y="50" />
      <ZVector Re="-31.8696490406983" Im="31.7698830659276" />
      <PreviewZFactor Re="-0.634165619793665" Im="-0.773197236590844" />
      <BasicOutline IntPetals="4" Frequency="2" UsedFrequency="2" Phase="0" AngleOffset="0" Enabled="False" AmplitudeFactor="0.5" Pointiness="2" BasicOutlineType="Round" AddDenom="0.5" />
      <BasicOutline IntPetals="32" Frequency="16" UsedFrequency="16" Phase="-180" AngleOffset="-3.14159265358979" Enabled="True" AmplitudeFactor="1" Pointiness="4" BasicOutlineType="Custom" AddDenom="0.25">
        <AmplitudeSettings IsValid="True" IsCSharpFormula="False" FormulaName="MaskedPetals">
          <Formula>parameters  {
    @sectors integer default = 4 min = 1;
    @sector integer default = 0;
    }
var sect = Floor(@sectors / petals * angle  / PI) % @sectors;
if (sect == @sector)
   amplitude = abs(sin(angle));
else
   amplitude = 0;

</Formula>
          <Parameters>
            <Parameter Name="sectors" TypeName="Parameter" Value="16" Guid="cee01543-44a4-418b-8ec9-b1aa364242a6" />
            <Parameter Name="sector" TypeName="Parameter" Value="5" Guid="d2ebbc41-ae88-4d72-8eee-94bc06d74051" />
          </Parameters>
        </AmplitudeSettings>
        <MaxAmplitudeSettings IsValid="True" IsCSharpFormula="False" FormulaName="Formula1">
          <Formula>maxAmplitude = 1;</Formula>
        </MaxAmplitudeSettings>
      </BasicOutline>
    </Pattern>
  </DefaultPatternGroup>
  <DesignPatterns>
    <Pattern RotationSteps="5000" MergeOperation="Sum" DrawCurve="False" RenderMode="Paint" StainBlendType="Add" StainWidth="10" SharedPatternID="1808" ZoomFactor="1" LoopFactor="0" ShrinkPattern="False" ShrinkPatternLayers="False" ShrinkClipCenterFactor="0" ShrinkPadding="2" ShrinkClipFactor="4" IsBackgroundPattern="False" AllowRandom="True" InfluenceScaleFactor="1" UseLinearGradient="False" GradientPadding="15" GradientRotation="0" RandomSeed="108617008" XmlPatternID="1638">
      <PathFillInfo ColorMode="Normal">
        <BoundaryColor Color="-5333267" />
        <CenterColor Color="-8960361" />
      </PathFillInfo>
      <PatternLayerList />
      <Center X="483" Y="483" />
      <ZVector Re="3.33584350023017" Im="-521.084323452685" />
      <PreviewZFactor Re="0.843308005938647" Im="-0.537430560277124" />
      <BasicOutline IntPetals="4" Frequency="2" UsedFrequency="2" Phase="90.0000000000002" AngleOffset="1.5707963267949" Enabled="True" AmplitudeFactor="1" Pointiness="4" BasicOutlineType="Pointed4" AddDenom="0.25" />
      <BasicOutline IntPetals="64" Frequency="32" UsedFrequency="32" Phase="180" AngleOffset="3.14159265358979" Enabled="True" AmplitudeFactor="0.5" Pointiness="4" BasicOutlineType="Custom" AddDenom="0.25">
        <AmplitudeSettings IsValid="True" IsCSharpFormula="False" FormulaName="MaskedPetals">
          <Formula>parameters  {
    @sectors integer default = 4 min = 1;
    @sector integer default = 1 min = 1;
    }
var sect = Floor(@sectors / petals * angle  / PI) % @sectors;
if (sect % @sector == 0)
   amplitude = abs(sin(angle));
else
   amplitude = 0;

</Formula>
          <Parameters>
            <Parameter Name="sectors" TypeName="Parameter" Value="32" Guid="fe834be6-cc84-479b-9205-9f1381fe1628" />
            <Parameter Name="sector" TypeName="Parameter" Value="4" Guid="7864c96d-6ad5-4341-a014-8a536b2cd3d1" />
          </Parameters>
        </AmplitudeSettings>
        <MaxAmplitudeSettings IsValid="True" IsCSharpFormula="False" FormulaName="Formula1">
          <Formula>maxAmplitude = 1;</Formula>
        </MaxAmplitudeSettings>
      </BasicOutline>
      <PatternTransform TransformName="Flare5" SequenceNumber="0" Enabled="True">
        <TransformSettings IsValid="True" IsCSharpFormula="False" FormulaName="Flare5">
          <Formula>parameters {
    @petals integer default = 4 min = 1;
    @ampFac1 default = 0.5 min = 0.1;
    @ampFac2 default = 0.7 min = 0.01;
    @ampFac3 default = 0.5 min = 0.01;
    @damping default = 1 min = 1;
    }
amplitude = @ampFac1 * (@damping + cos(@petals * angle)) / @damping * amplitude;
angle = angle + @ampFac2 * sin(@petals * angle) * sin(@ampFac3 * pi * (-0.5 - amplitude));
</Formula>
          <Parameters>
            <Parameter Name="petals" TypeName="Parameter" Value="8" Guid="110eef12-54f6-459e-a742-d84c8d01e26e" />
            <Parameter Name="ampFac1" TypeName="Parameter" Value="1.2" Guid="46a68784-b0ba-4109-9852-19f14d0b348f" />
            <Parameter Name="ampFac2" TypeName="Parameter" Value="0.7" Guid="a7fa2539-b582-49b9-a59a-0d057c644c46" />
            <Parameter Name="ampFac3" TypeName="Parameter" Value="0.7" Guid="edada21e-9549-46d0-8910-1027c0a76884" />
            <Parameter Name="damping" TypeName="Parameter" Value="1" Guid="4c07f9d1-afd7-4858-ae1e-f7ec1ad2c34f" />
          </Parameters>
        </TransformSettings>
      </PatternTransform>
    </Pattern>
  </DesignPatterns>
</Design>