<Design XmlVersion="1.1" PictureWidth="967" PictureHeight="967" BackgroundImageMode="StretchTile" ScaleToFit="True">
  <PictureBoxSize Width="971" Height="971" />
  <BackgroundGradientColors>
    <BoundaryColor Color="-16744384" />
    <CenterColor Color="-16744384" />
  </BackgroundGradientColors>
  <BackgroundImageFileName>C:\WhorlFilesDev\Textures\Grass3.png</BackgroundImageFileName>
  <DefaultPatternGroup>
    <Pattern RotationSteps="5000" MergeOperation="Sum" DrawCurve="False" RenderMode="Paint" StainBlendType="Add" StainWidth="10" SharedPatternID="1731" ZoomFactor="1" LoopFactor="0" ShrinkPattern="False" ShrinkPatternLayers="False" ShrinkClipCenterFactor="0" ShrinkPadding="2" ShrinkClipFactor="4" IsBackgroundPattern="False" AllowRandom="True" InfluenceScaleFactor="1" UseLinearGradient="False" GradientPadding="15" GradientRotation="0" RandomSeed="108617258" XmlPatternID="1646">
      <PathFillInfo ColorMode="Normal">
        <BoundaryColor Color="-65408" />
        <CenterColor Color="-79487" />
      </PathFillInfo>
      <PatternLayerList />
      <Center X="50" Y="50" />
      <ZVector Re="7.31868015184492" Im="44.4008662171696" />
      <PreviewZFactor Re="0.773794450983834" Im="-0.633436774766533" />
      <BasicOutline IntPetals="3" Frequency="1.5" UsedFrequency="1.5" Phase="17" AngleOffset="0.296705972839036" Enabled="True" AmplitudeFactor="1" Pointiness="0.27" BasicOutlineType="Round" AddDenom="3.7037037037037" />
      <BasicOutline IntPetals="3" Frequency="1.5" UsedFrequency="1.5" Phase="121" AngleOffset="2.11184839491314" Enabled="True" AmplitudeFactor="0.407" Pointiness="13.28" BasicOutlineType="Pointed" AddDenom="0.0753012048192771" />
      <BasicOutline IntPetals="3" Frequency="1.5" UsedFrequency="1.5" Phase="0" AngleOffset="0" Enabled="True" AmplitudeFactor="0.8494" Pointiness="0.520000000000001" BasicOutlineType="Pointed3" AddDenom="1.92307692307692" />
    </Pattern>
  </DefaultPatternGroup>
  <DesignPatterns>
    <Pattern RotationSteps="5000" MergeOperation="Sum" DrawCurve="False" RenderMode="Paint" StainBlendType="Add" StainWidth="10" SharedPatternID="2966" ZoomFactor="1" LoopFactor="0" ShrinkPattern="False" ShrinkPatternLayers="False" ShrinkClipCenterFactor="0" ShrinkPadding="4" ShrinkClipFactor="4" IsBackgroundPattern="False" AllowRandom="True" InfluenceScaleFactor="1" UseLinearGradient="False" GradientPadding="15" GradientRotation="0" RandomSeed="431951343" XmlPatternID="1647">
      <PathFillInfo ColorMode="Normal">
        <BoundaryColor Color="2130739328" />
        <CenterColor Color="2130728203" />
      </PathFillInfo>
      <PatternLayerList />
      <Center X="483.22" Y="483.22" />
      <ZVector Re="0" Im="686.753526646978" />
      <PreviewZFactor Re="0.707217937573884" Im="0.706995607322805" />
      <BasicOutline IntPetals="2" Frequency="1" UsedFrequency="1" Phase="0" AngleOffset="0" Enabled="True" AmplitudeFactor="1" Pointiness="1" BasicOutlineType="Rectangle" AddDenom="1" />
    </Pattern>
    <Pattern RotationSteps="5000" MergeOperation="Sum" DrawCurve="False" RenderMode="Paint" StainBlendType="Add" StainWidth="10" SharedPatternID="2816" ZoomFactor="1" LoopFactor="70" ShrinkPattern="False" ShrinkPatternLayers="True" ShrinkClipCenterFactor="1" ShrinkPadding="2" ShrinkClipFactor="2" IsBackgroundPattern="False" AllowRandom="True" InfluenceScaleFactor="1" UseLinearGradient="False" GradientPadding="15" GradientRotation="0" RandomSeed="108619600" XmlPatternID="1648">
      <TextureFillInfo TextureScale="0.5">
        <TextureImageFileName>C:\WhorlFilesDev\Textures\Silver1.jpg</TextureImageFileName>
        <TextureOffset X="0" Y="0" />
      </TextureFillInfo>
      <PatternLayerList>
        <PatternLayer ModulusRatio="0.9">
          <TextureFillInfo TextureScale="1">
            <TextureImageFileName>C:\WhorlFilesDev\Textures\TurquoiseWater.png</TextureImageFileName>
            <TextureOffset X="0" Y="0" />
          </TextureFillInfo>
        </PatternLayer>
      </PatternLayerList>
      <Center X="482.64" Y="482.64" />
      <CenterOffsetVector Re="0.50246100558219" Im="-0.426373495234378" />
      <ZVector Re="259.261447418857" Im="259.840156006845" />
      <PreviewZFactor Re="1" Im="-2.44921270764475E-16" />
      <BasicOutline IntPetals="4" Frequency="2" UsedFrequency="2" Phase="0" AngleOffset="0" Enabled="True" AmplitudeFactor="0.5" Pointiness="3" BasicOutlineType="Lobed" AddDenom="0.333333333333333" />
      <BasicOutline IntPetals="4" Frequency="2" UsedFrequency="2" Phase="0" AngleOffset="0" Enabled="True" AmplitudeFactor="1" Pointiness="5.99999999999999" BasicOutlineType="Pointed5" AddDenom="0.166666666666667" />
      <BasicOutline IntPetals="12" Frequency="6" UsedFrequency="6" Phase="0" AngleOffset="0" Enabled="True" AmplitudeFactor="0.2" Pointiness="8" BasicOutlineType="Lobed" AddDenom="0.125" />
      <PatternTransform TransformName="FlareExtra" SequenceNumber="0" Enabled="True">
        <TransformSettings IsValid="True" IsCSharpFormula="False" FormulaName="Formula1">
          <Formula>parameters {
    @petals min = 1 default = 4;
    @strength default = 1 min = -5 max = 5;
    @damping min = 0.01 default = 0.2;
    @phase min = -360 max = 360 default = 0;
    @scale default = 1 min = 0;
    @power default = 1 min = 0;
    @waves default = 1;
    }
angle = angle + @strength * 0.15 * sin(2 * round(@petals) * angle + pi * @phase / 180) * (@damping + sin(@waves * pi * tanh(@scale * amplitude ^ @power))) / (1 + @damping);</Formula>
          <Parameters>
            <Parameter Name="petals" TypeName="Parameter" Value="6" Guid="7dbd897d-cbfd-4db3-b108-1b8952f69d5c" />
            <Parameter Name="strength" TypeName="Parameter" Value="2.25" Guid="76aa6495-d57e-47a9-a3bc-2f3fc3b6c04e" />
            <Parameter Name="damping" TypeName="Parameter" Value="1" Guid="1f00369f-263f-44f2-9147-97af19cc8b03" />
            <Parameter Name="phase" TypeName="Parameter" Value="0" Guid="21149416-a01b-42d1-bf87-ca0f62ed316e" />
            <Parameter Name="scale" TypeName="Parameter" Value="1" Guid="b83f5945-3760-4f8a-8954-9e809130997a" />
            <Parameter Name="power" TypeName="Parameter" Value="1.5" Guid="6148852b-0dac-4812-9550-9502a90ab755" />
            <Parameter Name="waves" TypeName="Parameter" Value="1" Guid="ef301f98-2513-49a6-902d-2d25540c8755" />
          </Parameters>
        </TransformSettings>
      </PatternTransform>
      <PatternRecursion IsRecursive="True" IsRecursivePattern="False" Scale="0.4" Repetitions="4" RotationAngle="0" RotationOffsetRatio="0" AutoSampleFactor="10" Depth="2" DrawAsPatterns="True" OffsetPatterns="False" UsePerspectiveScale="False" OffsetAdjustmentFactor="0" UnderlayDrawnPatterns="False" SkipFirstDrawnPattern="False">
        <PatternRecursionInfo IndexOffset="0" ScaleRatioPercentage="100" RotationOffsetDegrees="0" />
        <PatternRecursionInfo IndexOffset="0" ScaleRatioPercentage="100" RotationOffsetDegrees="0" />
        <PatternRecursionInfo IndexOffset="0" ScaleRatioPercentage="100" RotationOffsetDegrees="0" />
        <PatternRecursionInfo IndexOffset="0" ScaleRatioPercentage="100" RotationOffsetDegrees="0" />
      </PatternRecursion>
      <PatternImproviseConfig ColorIndices="1:;1:0" Enabled="True">
        <ImproviseFlags />
        <ParameterImproviseConfig ParameterType="Transform" ParameterGuid="7dbd897d-cbfd-4db3-b108-1b8952f69d5c" FormulaName="FlareExtra" MinValue="1" ImprovStrength="0.5" DecimalPlaces="4" />
        <ParameterImproviseConfig ParameterType="Transform" ParameterGuid="76aa6495-d57e-47a9-a3bc-2f3fc3b6c04e" FormulaName="FlareExtra" MinValue="-5" MaxValue="5" ImprovStrength="0.5" DecimalPlaces="4" />
        <ParameterImproviseConfig ParameterType="Transform" ParameterGuid="1f00369f-263f-44f2-9147-97af19cc8b03" FormulaName="FlareExtra" MinValue="0.01" ImprovStrength="0.5" DecimalPlaces="4" />
        <ParameterImproviseConfig ParameterType="Transform" ParameterGuid="21149416-a01b-42d1-bf87-ca0f62ed316e" FormulaName="FlareExtra" MinValue="-360" MaxValue="360" ImprovStrength="0.5" DecimalPlaces="4" />
        <ParameterImproviseConfig ParameterType="Transform" ParameterGuid="b83f5945-3760-4f8a-8954-9e809130997a" FormulaName="FlareExtra" MinValue="0" ImprovStrength="0.5" DecimalPlaces="4" />
        <ParameterImproviseConfig ParameterType="Transform" ParameterGuid="6148852b-0dac-4812-9550-9502a90ab755" FormulaName="FlareExtra" MinValue="0" ImprovStrength="0.5" DecimalPlaces="4" />
        <ParameterImproviseConfig ParameterType="Transform" ParameterGuid="ef301f98-2513-49a6-902d-2d25540c8755" FormulaName="FlareExtra" ImprovStrength="0.5" DecimalPlaces="4" />
      </PatternImproviseConfig>
    </Pattern>
    <Pattern RotationSteps="5000" MergeOperation="Sum" DrawCurve="False" RenderMode="Paint" StainBlendType="Add" StainWidth="10" SharedPatternID="2810" ZoomFactor="1" LoopFactor="0" ShrinkPattern="False" ShrinkPatternLayers="True" ShrinkClipCenterFactor="2" ShrinkPadding="2" ShrinkClipFactor="4" IsBackgroundPattern="False" AllowRandom="True" InfluenceScaleFactor="1" UseLinearGradient="False" GradientPadding="15" GradientRotation="0" RandomSeed="108620826" XmlPatternID="1649">
      <TextureFillInfo TextureScale="0.5">
        <TextureImageFileName>C:\WhorlFilesDev\Textures\Silver2.jpg</TextureImageFileName>
        <TextureOffset X="0" Y="0" />
      </TextureFillInfo>
      <PatternLayerList />
      <Center X="483.22" Y="244.48" />
      <ZVector Re="-3.46909633986722E-14" Im="-141.641284525394" />
      <PreviewZFactor Re="1" Im="-2.44921270764475E-16" />
      <BasicOutline IntPetals="12" Frequency="6" UsedFrequency="6" Phase="0" AngleOffset="0" Enabled="True" AmplitudeFactor="1" Pointiness="1" BasicOutlineType="Pointed5" AddDenom="1" />
      <PatternTransform TransformName="BranchOut" SequenceNumber="0" Enabled="True">
        <TransformSettings IsValid="True" IsCSharpFormula="False" FormulaName="Formula1">
          <Formula>parameters {
    @petals min = 1 default = 3;
    @strength default = 1;
}
var aDiv =  2 * pi / @petals;
var aDiv2 =  3 * aDiv;
var diffAng = floor((angle / aDiv + 0.5) % 3) * aDiv;
var adj = angle - aDiv2 * round(angle / aDiv2);
angle = angle - diffAng + @strength * adj * amplitude * amplitude;
</Formula>
          <Parameters>
            <Parameter Name="petals" TypeName="Parameter" Value="12" Guid="fb1b5f2b-1004-4ba8-a3e2-0c2f7799daa5" />
            <Parameter Name="strength" TypeName="Parameter" Value="1" Guid="9148686a-962b-45ba-8676-cd7fc1f583df" />
          </Parameters>
        </TransformSettings>
      </PatternTransform>
      <PatternTransform TransformName="Modulate" SequenceNumber="1" Enabled="True">
        <TransformSettings IsValid="True" IsCSharpFormula="False" FormulaName="Formula1">
          <Formula>parameters  {
    @petals default = 4 min = 1;
    @damping default = 1;
    @phase default = 0;
}
amplitude = amplitude * (@damping + sin(@petals * angle + pi * @phase / 180)) / (@damping + 1);</Formula>
          <Parameters>
            <Parameter Name="petals" TypeName="Parameter" Value="1" Guid="2437f036-2455-41c8-845b-1bc84ef14d53" />
            <Parameter Name="damping" TypeName="Parameter" Value="2" Guid="748217f7-c38d-4eba-b01b-ce753c23b7e9" />
            <Parameter Name="phase" TypeName="Parameter" Value="90" Guid="92fb901c-dae0-4a01-8d08-47c989afc6db" />
          </Parameters>
        </TransformSettings>
      </PatternTransform>
      <PatternTransform TransformName="Squeeze" SequenceNumber="2" Enabled="True">
        <TransformSettings IsValid="True" IsCSharpFormula="False" FormulaName="Formula1">
          <Formula>parameters {
   @strength default = 1 min = -10 max = 10;
   @petals min = 1 default = 3;
}
angle = angle - @strength * sin(@petals * angle) * sin(pi * amplitude);</Formula>
          <Parameters>
            <Parameter Name="strength" TypeName="Parameter" Value="0.5" Guid="1e68454b-f9f5-4539-9f84-661c31f4ecac" />
            <Parameter Name="petals" TypeName="Parameter" Value="1" Guid="8b82b62a-da11-4932-9a6f-57f3092a73c6" />
          </Parameters>
        </TransformSettings>
      </PatternTransform>
    </Pattern>
    <Pattern RotationSteps="5000" MergeOperation="Sum" DrawCurve="False" RenderMode="Paint" StainBlendType="Add" StainWidth="10" SharedPatternID="2846" ZoomFactor="1" LoopFactor="0" ShrinkPattern="False" ShrinkPatternLayers="True" ShrinkClipCenterFactor="2" ShrinkPadding="2" ShrinkClipFactor="4" IsBackgroundPattern="False" AllowRandom="True" InfluenceScaleFactor="1" UseLinearGradient="False" GradientPadding="15" GradientRotation="0" RandomSeed="108620826" XmlPatternID="1650">
      <TextureFillInfo TextureScale="0.5">
        <TextureImageFileName>C:\WhorlFilesDev\Textures\Silver2.jpg</TextureImageFileName>
        <TextureOffset X="0" Y="0" />
      </TextureFillInfo>
      <PatternLayerList />
      <Center X="721.96" Y="483.22" />
      <ZVector Re="141.641284525394" Im="-4.33637042483403E-14" />
      <PreviewZFactor Re="1" Im="-2.44921270764475E-16" />
      <BasicOutline IntPetals="12" Frequency="6" UsedFrequency="6" Phase="0" AngleOffset="0" Enabled="True" AmplitudeFactor="1" Pointiness="1" BasicOutlineType="Pointed5" AddDenom="1" />
      <PatternTransform TransformName="BranchOut" SequenceNumber="0" Enabled="True">
        <TransformSettings IsValid="True" IsCSharpFormula="False" FormulaName="Formula1">
          <Formula>parameters {
    @petals min = 1 default = 3;
    @strength default = 1;
}
var aDiv =  2 * pi / @petals;
var aDiv2 =  3 * aDiv;
var diffAng = floor((angle / aDiv + 0.5) % 3) * aDiv;
var adj = angle - aDiv2 * round(angle / aDiv2);
angle = angle - diffAng + @strength * adj * amplitude * amplitude;
</Formula>
          <Parameters>
            <Parameter Name="petals" TypeName="Parameter" Value="12" Guid="f3dd1189-b290-4f3c-8340-4971b22428d7" />
            <Parameter Name="strength" TypeName="Parameter" Value="1" Guid="aa8f8498-a3d1-470f-a4c8-1d93d3a91a19" />
          </Parameters>
        </TransformSettings>
      </PatternTransform>
      <PatternTransform TransformName="Modulate" SequenceNumber="1" Enabled="True">
        <TransformSettings IsValid="True" IsCSharpFormula="False" FormulaName="Formula1">
          <Formula>parameters  {
    @petals default = 4 min = 1;
    @damping default = 1;
    @phase default = 0;
}
amplitude = amplitude * (@damping + sin(@petals * angle + pi * @phase / 180)) / (@damping + 1);</Formula>
          <Parameters>
            <Parameter Name="petals" TypeName="Parameter" Value="1" Guid="624e9177-d624-4f79-b67d-eeaa95cdcb0d" />
            <Parameter Name="damping" TypeName="Parameter" Value="2" Guid="84cbf2c8-0563-4152-92f1-fa67dd3f9b5a" />
            <Parameter Name="phase" TypeName="Parameter" Value="90" Guid="93a67cf6-7eec-4d3e-a39e-13e0d92fe249" />
          </Parameters>
        </TransformSettings>
      </PatternTransform>
      <PatternTransform TransformName="Squeeze" SequenceNumber="2" Enabled="True">
        <TransformSettings IsValid="True" IsCSharpFormula="False" FormulaName="Formula1">
          <Formula>parameters {
   @strength default = 1 min = -10 max = 10;
   @petals min = 1 default = 3;
}
angle = angle - @strength * sin(@petals * angle) * sin(pi * amplitude);</Formula>
          <Parameters>
            <Parameter Name="strength" TypeName="Parameter" Value="0.5" Guid="c3a07eba-d5eb-4bc4-8c19-813ca859aca7" />
            <Parameter Name="petals" TypeName="Parameter" Value="1" Guid="ecfcb490-8b36-4f16-84d7-f46ec751e6dc" />
          </Parameters>
        </TransformSettings>
      </PatternTransform>
    </Pattern>
    <Pattern RotationSteps="5000" MergeOperation="Sum" DrawCurve="False" RenderMode="Paint" StainBlendType="Add" StainWidth="10" SharedPatternID="2847" ZoomFactor="1" LoopFactor="0" ShrinkPattern="False" ShrinkPatternLayers="True" ShrinkClipCenterFactor="2" ShrinkPadding="2" ShrinkClipFactor="4" IsBackgroundPattern="False" AllowRandom="True" InfluenceScaleFactor="1" UseLinearGradient="False" GradientPadding="15" GradientRotation="0" RandomSeed="108620826" XmlPatternID="1651">
      <TextureFillInfo TextureScale="0.5">
        <TextureImageFileName>C:\WhorlFilesDev\Textures\Silver2.jpg</TextureImageFileName>
        <TextureOffset X="0" Y="0" />
      </TextureFillInfo>
      <PatternLayerList />
      <Center X="483.22" Y="721.96" />
      <ZVector Re="5.20364450980084E-14" Im="141.641284525394" />
      <PreviewZFactor Re="1" Im="-2.44921270764475E-16" />
      <BasicOutline IntPetals="12" Frequency="6" UsedFrequency="6" Phase="0" AngleOffset="0" Enabled="True" AmplitudeFactor="1" Pointiness="1" BasicOutlineType="Pointed5" AddDenom="1" />
      <PatternTransform TransformName="BranchOut" SequenceNumber="0" Enabled="True">
        <TransformSettings IsValid="True" IsCSharpFormula="False" FormulaName="Formula1">
          <Formula>parameters {
    @petals min = 1 default = 3;
    @strength default = 1;
}
var aDiv =  2 * pi / @petals;
var aDiv2 =  3 * aDiv;
var diffAng = floor((angle / aDiv + 0.5) % 3) * aDiv;
var adj = angle - aDiv2 * round(angle / aDiv2);
angle = angle - diffAng + @strength * adj * amplitude * amplitude;
</Formula>
          <Parameters>
            <Parameter Name="petals" TypeName="Parameter" Value="12" Guid="882918d0-cee2-4eec-8a8a-462b82dca8cf" />
            <Parameter Name="strength" TypeName="Parameter" Value="1" Guid="7a23252f-c191-4897-b88f-1bcc02274975" />
          </Parameters>
        </TransformSettings>
      </PatternTransform>
      <PatternTransform TransformName="Modulate" SequenceNumber="1" Enabled="True">
        <TransformSettings IsValid="True" IsCSharpFormula="False" FormulaName="Formula1">
          <Formula>parameters  {
    @petals default = 4 min = 1;
    @damping default = 1;
    @phase default = 0;
}
amplitude = amplitude * (@damping + sin(@petals * angle + pi * @phase / 180)) / (@damping + 1);</Formula>
          <Parameters>
            <Parameter Name="petals" TypeName="Parameter" Value="1" Guid="79b8f2c9-2961-4342-8f06-2504abbdcc97" />
            <Parameter Name="damping" TypeName="Parameter" Value="2" Guid="d9050405-3c5b-4eb6-be93-c159ea70b41e" />
            <Parameter Name="phase" TypeName="Parameter" Value="90" Guid="3e1bc9ad-ae47-428d-9217-22118b07a064" />
          </Parameters>
        </TransformSettings>
      </PatternTransform>
      <PatternTransform TransformName="Squeeze" SequenceNumber="2" Enabled="True">
        <TransformSettings IsValid="True" IsCSharpFormula="False" FormulaName="Formula1">
          <Formula>parameters {
   @strength default = 1 min = -10 max = 10;
   @petals min = 1 default = 3;
}
angle = angle - @strength * sin(@petals * angle) * sin(pi * amplitude);</Formula>
          <Parameters>
            <Parameter Name="strength" TypeName="Parameter" Value="0.5" Guid="ea28b585-b6b2-4f2d-a173-8e4fd405582e" />
            <Parameter Name="petals" TypeName="Parameter" Value="1" Guid="bb09558b-2f55-4ff6-b03a-bf107c6880f2" />
          </Parameters>
        </TransformSettings>
      </PatternTransform>
    </Pattern>
    <Pattern RotationSteps="5000" MergeOperation="Sum" DrawCurve="False" RenderMode="Paint" StainBlendType="Add" StainWidth="10" SharedPatternID="2848" ZoomFactor="1" LoopFactor="0" ShrinkPattern="False" ShrinkPatternLayers="True" ShrinkClipCenterFactor="2" ShrinkPadding="2" ShrinkClipFactor="4" IsBackgroundPattern="False" AllowRandom="True" InfluenceScaleFactor="1" UseLinearGradient="False" GradientPadding="15" GradientRotation="0" RandomSeed="108620826" XmlPatternID="1652">
      <TextureFillInfo TextureScale="0.5">
        <TextureImageFileName>C:\WhorlFilesDev\Textures\Silver2.jpg</TextureImageFileName>
        <TextureOffset X="0" Y="0" />
      </TextureFillInfo>
      <PatternLayerList />
      <Center X="244.48" Y="483.22" />
      <ZVector Re="-141.641284525394" Im="6.07091859476764E-14" />
      <PreviewZFactor Re="1" Im="-2.44921270764475E-16" />
      <BasicOutline IntPetals="12" Frequency="6" UsedFrequency="6" Phase="0" AngleOffset="0" Enabled="True" AmplitudeFactor="1" Pointiness="1" BasicOutlineType="Pointed5" AddDenom="1" />
      <PatternTransform TransformName="BranchOut" SequenceNumber="0" Enabled="True">
        <TransformSettings IsValid="True" IsCSharpFormula="False" FormulaName="Formula1">
          <Formula>parameters {
    @petals min = 1 default = 3;
    @strength default = 1;
}
var aDiv =  2 * pi / @petals;
var aDiv2 =  3 * aDiv;
var diffAng = floor((angle / aDiv + 0.5) % 3) * aDiv;
var adj = angle - aDiv2 * round(angle / aDiv2);
angle = angle - diffAng + @strength * adj * amplitude * amplitude;
</Formula>
          <Parameters>
            <Parameter Name="petals" TypeName="Parameter" Value="12" Guid="44201e65-2527-4dec-a371-e1340d0d32a7" />
            <Parameter Name="strength" TypeName="Parameter" Value="1" Guid="f11bd743-95bd-4636-bc10-3cd92064d1ab" />
          </Parameters>
        </TransformSettings>
      </PatternTransform>
      <PatternTransform TransformName="Modulate" SequenceNumber="1" Enabled="True">
        <TransformSettings IsValid="True" IsCSharpFormula="False" FormulaName="Formula1">
          <Formula>parameters  {
    @petals default = 4 min = 1;
    @damping default = 1;
    @phase default = 0;
}
amplitude = amplitude * (@damping + sin(@petals * angle + pi * @phase / 180)) / (@damping + 1);</Formula>
          <Parameters>
            <Parameter Name="petals" TypeName="Parameter" Value="1" Guid="5d04e140-64a8-4e96-b8aa-d8c8e49a3256" />
            <Parameter Name="damping" TypeName="Parameter" Value="2" Guid="ca1b6d35-85de-44a8-a3dc-1862baa3fc4a" />
            <Parameter Name="phase" TypeName="Parameter" Value="90" Guid="8a038cc4-f284-47e3-bdc3-bf1f0bc53fd4" />
          </Parameters>
        </TransformSettings>
      </PatternTransform>
      <PatternTransform TransformName="Squeeze" SequenceNumber="2" Enabled="True">
        <TransformSettings IsValid="True" IsCSharpFormula="False" FormulaName="Formula1">
          <Formula>parameters {
   @strength default = 1 min = -10 max = 10;
   @petals min = 1 default = 3;
}
angle = angle - @strength * sin(@petals * angle) * sin(pi * amplitude);</Formula>
          <Parameters>
            <Parameter Name="strength" TypeName="Parameter" Value="0.5" Guid="a4ff98fc-8d20-4ae6-b971-032a9e71e554" />
            <Parameter Name="petals" TypeName="Parameter" Value="1" Guid="d777f041-4339-4cda-8b21-c7c890304423" />
          </Parameters>
        </TransformSettings>
      </PatternTransform>
    </Pattern>
  </DesignPatterns>
  <DesignLayerList>
    <DesignLayer ZOrder="0" ColorBlendType="Contrast" BlendStrength="1.25" PatternIndices="" />
  </DesignLayerList>
  <ImproviseConfig Enabled="True" ImproviseOnAllPatterns="False" DrawDesignLayers="True" />
</Design>