<Design XmlVersion="1.1" PictureWidth="967" PictureHeight="967" BackgroundImageMode="Tile" ScaleToFit="True">
  <PictureBoxSize Width="971" Height="971" />
  <BackgroundGradientColors>
    <BoundaryColor Color="-16777088" />
    <CenterColor Color="-16777088" />
  </BackgroundGradientColors>
  <DefaultPatternGroup PatternListName="Default">
    <Pattern RotationSteps="5000" MergeOperation="Sum" DrawCurve="False" RenderMode="Paint" StainBlendType="Add" StainWidth="10" SharedPatternID="1536" ZoomFactor="1" LoopFactor="0" ShrinkPattern="False" ShrinkPatternLayers="False" ShrinkClipCenterFactor="0" ShrinkPadding="2" ShrinkClipFactor="4" IsBackgroundPattern="False" AllowRandom="True" InfluenceScaleFactor="0.999999999999995" UseLinearGradient="False" GradientPadding="15" GradientRotation="0" RandomSeed="108617008" XmlPatternID="1711">
      <PathFillInfo ColorMode="Normal">
        <BoundaryColor Color="-1291008" />
        <CenterColor Color="-77539" />
      </PathFillInfo>
      <PatternLayerList />
      <Center X="50" Y="50" />
      <ZVector Re="31.8248071908248" Im="31.8148023295262" />
      <PreviewZFactor Re="0.707217937573884" Im="0.706995607322805" />
      <BasicOutline IntPetals="4" Frequency="2" UsedFrequency="2" Phase="0" AngleOffset="0" Enabled="True" AmplitudeFactor="0.5" Pointiness="2" BasicOutlineType="Round" AddDenom="0.5" />
      <BasicOutline IntPetals="4" Frequency="2" UsedFrequency="2" Phase="90.0000000000002" AngleOffset="1.5707963267949" Enabled="True" AmplitudeFactor="1" Pointiness="4" BasicOutlineType="Pointed5" AddDenom="0.25" />
    </Pattern>
  </DefaultPatternGroup>
  <DesignPatterns>
    <Pattern RotationSteps="5000" MergeOperation="Sum" DrawCurve="False" RenderMode="Paint" StainBlendType="Add" StainWidth="10" SharedPatternID="1536" ZoomFactor="1" LoopFactor="0" ShrinkPattern="False" ShrinkPatternLayers="False" ShrinkClipCenterFactor="0" ShrinkPadding="2" ShrinkClipFactor="4" IsBackgroundPattern="False" AllowRandom="True" InfluenceScaleFactor="0.0829258197501326" UseLinearGradient="False" GradientPadding="15" GradientRotation="0" RandomSeed="108617008" XmlPatternID="1712">
      <PathFillInfo ColorMode="Normal">
        <BoundaryColor Color="-1291008" />
        <CenterColor Color="-77539" />
      </PathFillInfo>
      <PatternLayerList />
      <Center X="475" Y="439" />
      <ZVector Re="406.964927923195" Im="-358.960370292416" />
      <PreviewZFactor Re="0.989911766307039" Im="0.141685196569292" />
      <BasicOutline IntPetals="4" Frequency="2" UsedFrequency="2" Phase="0" AngleOffset="0" Enabled="True" AmplitudeFactor="0.5" Pointiness="2" BasicOutlineType="Round" AddDenom="0.5" />
      <BasicOutline IntPetals="4" Frequency="2" UsedFrequency="2" Phase="90.0000000000002" AngleOffset="1.5707963267949" Enabled="True" AmplitudeFactor="1" Pointiness="4" BasicOutlineType="Pointed5" AddDenom="0.25" />
      <PatternTransform TransformName="SineLogSwirl" SequenceNumber="0" Enabled="True">
        <TransformSettings IsValid="True" IsCSharpFormula="False" FormulaName="SineLogSwirl">
          <Formula>parameters  {
   @strength default = 0.7;
   @power integer default = 2;
   @offset default = 0.1 min = 0.01;
   @waves default = 6;
}
angle = angle - @strength * sin(log(@offset + @waves * amplitude)) ^ @power;</Formula>
          <Parameters>
            <Parameter Name="strength" TypeName="Parameter" Value="-0.7" Guid="e4f0fdb8-af3c-42f0-8820-b3a30f8ea73c" />
            <Parameter Name="power" TypeName="Parameter" Value="3" Guid="27db1772-167c-4ba1-9788-c14a51fea70f" />
            <Parameter Name="offset" TypeName="Parameter" Value="0.1" Guid="624da189-273a-4283-aa9f-772a93a7fa8e" />
            <Parameter Name="waves" TypeName="Parameter" Value="6" Guid="30f4cdf4-1545-42b0-bc78-b2c75f1b41be" />
          </Parameters>
        </TransformSettings>
      </PatternTransform>
    </Pattern>
  </DesignPatterns>
</Design>