<StandardFormulaTextList>
  <StandardFormulaText>@petals integer default = 4 min = 1;</StandardFormulaText>
  <StandardFormulaText>paramVar phase = pi * @phase / 180;
</StandardFormulaText>
  <StandardFormulaText>     @fnOutline varFunction parameters = 2 domain=OutlineMethods;</StandardFormulaText>
  <StandardFormulaText>            public Func2Parameter&lt;double&gt; fnOutline { get; private set; } = new Func2Parameter&lt;double&gt;("Round", typeof(OutlineMethods));
</StandardFormulaText>
  <StandardFormulaText>@# AngleN: int ArrayLength;</StandardFormulaText>
  <StandardFormulaText>            @# AverageDistances: bool;
</StandardFormulaText>
</StandardFormulaTextList>